symbol,name,lastsale,netchange,pctchange,marketCap,url,isin
NVDA,NVIDIA Corporation Common Stock,$227.21,-1.65,-0.721%,"5,475,761,000,000",/market-activity/stocks/nvda,US_NASDAQ_NVDA
AAPL,Apple Inc. Common Stock,$329.40,-9.00,-2.66%,"4,807,322,892,000",/market-activity/stocks/aapl,US_NASDAQ_AAPL
GOOGL,Alphabet Inc. Class A Common Stock,$340.92,-1.83,-0.534%,"4,169,451,600,000",/market-activity/stocks/googl,US_NASDAQ_GOOGL
GOOG,Alphabet Inc. Class C Capital Stock,$337.32,-1.84,-0.543%,"4,125,423,600,000",/market-activity/stocks/goog,US_NASDAQ_GOOG
MSFT,Microsoft Corporation Common Stock,$508.96,-0.26,-0.051%,"3,779,305,633,099",/market-activity/stocks/msft,US_NASDAQ_MSFT
AMZN,"Amazon.com, Inc. Common Stock",$246.67,0.52,0.211%,"2,660,659,968,805",/market-activity/stocks/amzn,US_NASDAQ_AMZN
TSM,Taiwan Semiconductor Manufacturing Company Ltd.,$456.94,4.06,0.896%,"2,369,921,550,834",/market-activity/stocks/tsm,US_NASDAQ_TSM
SPCX,Space Exploration Technologies Corp. Class A Common Stock,$149.24,3.77,2.592%,"2,025,607,899,315",/market-activity/stocks/spcx,US_NASDAQ_SPCX
META,"Meta Platforms, Inc. Class A Common Stock",$738.79,23.17,3.238%,"1,882,072,123,968",/market-activity/stocks/meta,US_NASDAQ_META
AVGO,Broadcom Inc. Common Stock,$355.10,5.53,1.582%,"1,695,115,965,062",/market-activity/stocks/avgo,US_NASDAQ_AVGO
TSLA,"Tesla, Inc. Common Stock",$352.84,-4.61,-1.29%,"1,393,558,302,499",/market-activity/stocks/tsla,US_NASDAQ_TSLA
SKHY,SK hynix Inc. American Depositary Shares,$186.68,4.76,2.617%,"1,360,646,115,400",/market-activity/stocks/skhy,US_NASDAQ_SKHY
MU,"Micron Technology, Inc. Common Stock","$1,065.08",11.10,1.053%,"1,202,894,057,267",/market-activity/stocks/mu,US_NASDAQ_MU
LLY,Eli Lilly and Company Common Stock,"$1,184.63",-0.15,-0.013%,"1,115,159,819,911",/market-activity/stocks/lly,US_NASDAQ_LLY
BRK/B,Berkshire Hathaway Inc.,$502.35,-0.74,-0.147%,"1,108,340,517,222",/market-activity/stocks/brk/b,US_NASDAQ_BRK/B
BRK/A,Berkshire Hathaway Inc.,"$753,367.869999999995",-507.13,-0.067%,"1,108,109,212,418",/market-activity/stocks/brk/a,US_NASDAQ_BRK/A
AMD,"Advanced Micro Devices, Inc. Common Stock",$607.57,-0.30,-0.049%,"991,842,861,268",/market-activity/stocks/amd,US_NASDAQ_AMD
JPM,JP Morgan Chase & Co. Common Stock,$334.98,-1.61,-0.478%,"890,439,211,601",/market-activity/stocks/jpm,US_NASDAQ_JPM
WMT,Walmart Inc. Common Stock,$106.80,-1.93,-1.775%,"847,324,098,539",/market-activity/stocks/wmt,US_NASDAQ_WMT
ASML,ASML Holding N.V. New York Registry Shares,"$1,834.39",62.98,3.555%,"707,006,310,499",/market-activity/stocks/asml,US_NASDAQ_ASML
XOM,ExxonMobil Holdings Corporation Common Stock,$161.35,-1.17,-0.72%,"663,456,994,746",/market-activity/stocks/xom,US_NASDAQ_XOM
V,Visa Inc.,$365.88,-1.86,-0.506%,"653,738,001,723",/market-activity/stocks/v,US_NASDAQ_V
JNJ,Johnson & Johnson Common Stock,$267.57,-4.38,-1.611%,"644,816,567,599",/market-activity/stocks/jnj,US_NASDAQ_JNJ
INTC,Intel Corporation Common Stock,$115.93,-0.10,-0.086%,"612,698,108,410",/market-activity/stocks/intc,US_NASDAQ_INTC
GOOGM,Alphabet Inc. Depositary Shares representing a 1/20th Interest in a Share of Series A Mandatory Convertible Preferred Stock,$48.65,-0.20,-0.409%,"594,989,500,000",/market-activity/stocks/googm,US_NASDAQ_GOOGM
GOOGN,Alphabet Inc. Depositary Shares representing a 1/20th Interest in a Share of Series B Mandatory Convertible Preferred Stock,$48.37,-0.19,-0.391%,"591,565,100,000",/market-activity/stocks/googn,US_NASDAQ_GOOGN
MA,Mastercard Incorporated Common Stock,$563.58,-4.68,-0.824%,"493,701,681,985",/market-activity/stocks/ma,US_NASDAQ_MA
ABBV,AbbVie Inc. Common Stock,$263.29,-2.99,-1.123%,"465,264,309,968",/market-activity/stocks/abbv,US_NASDAQ_ABBV
PLTR,Palantir Technologies Inc. Class A Common Stock,$186.97,-0.51,-0.272%,"449,111,939,156",/market-activity/stocks/pltr,US_NASDAQ_PLTR
CSCO,"Cisco Systems, Inc. Common Stock (DE)",$106.94,0.20,0.187%,"421,620,240,199",/market-activity/stocks/csco,US_NASDAQ_CSCO
ORCL,Oracle Corporation Common Stock,$137.79,5.19,3.914%,"417,710,543,321",/market-activity/stocks/orcl,US_NASDAQ_ORCL
COST,Costco Wholesale Corporation Common Stock,$924.59,1.67,0.181%,"410,036,067,390",/market-activity/stocks/cost,US_NASDAQ_COST
AMAT,"Applied Materials, Inc. Common Stock",$512.01,25.25,5.187%,"406,329,826,790",/market-activity/stocks/amat,US_NASDAQ_AMAT
LRCX,Lam Research Corporation Common Stock,$323.86,9.39,2.986%,"405,286,293,877",/market-activity/stocks/lrcx,US_NASDAQ_LRCX
CVX,Chevron Corporation Common Stock,$204.38,-1.99,-0.964%,"403,808,132,980",/market-activity/stocks/cvx,US_NASDAQ_CVX
BAC,Bank of America Corporation Common Stock,$54.96,-0.51,-0.919%,"384,321,450,140",/market-activity/stocks/bac,US_NASDAQ_BAC
CAT,"Caterpillar, Inc. Common Stock",$826.64,6.69,0.816%,"379,985,650,243",/market-activity/stocks/cat,US_NASDAQ_CAT
KO,Coca-Cola Company (The) Common Stock,$86.84,-0.34,-0.39%,"373,633,376,262",/market-activity/stocks/ko,US_NASDAQ_KO
MRK,"Merck & Company, Inc. Common Stock (new)",$149.28,0.59,0.397%,"368,299,382,121",/market-activity/stocks/mrk,US_NASDAQ_MRK
HSBC,"HSBC Holdings, plc. Common Stock",$100.72,-0.46,-0.455%,"345,805,839,317",/market-activity/stocks/hsbc,US_NASDAQ_HSBC
PG,Procter & Gamble Company (The) Common Stock,$148.32,-0.71,-0.476%,"344,759,911,459",/market-activity/stocks/pg,US_NASDAQ_PG
DELL,Dell Technologies Inc. Class C Common Stock ,$539.59,-3.84,-0.707%,"343,078,201,773",/market-activity/stocks/dell,US_NASDAQ_DELL
UNH,UnitedHealth Group Incorporated Common Stock (DE),$374.94,-2.89,-0.765%,"336,544,211,934",/market-activity/stocks/unh,US_NASDAQ_UNH
GE,GE Aerospace Common Stock,$317.89,-0.35,-0.11%,"329,830,747,258",/market-activity/stocks/ge,US_NASDAQ_GE
PANW,"Palo Alto Networks, Inc. Common Stock",$388.41,-3.68,-0.939%,"317,719,380,000",/market-activity/stocks/panw,US_NASDAQ_PANW
ARM,Arm Holdings plc American Depositary Shares,$293.67,10.34,3.649%,"312,481,105,855",/market-activity/stocks/arm,US_NASDAQ_ARM
MS,Morgan Stanley Common Stock,$192.76,-0.88,-0.454%,"302,742,358,446",/market-activity/stocks/ms,US_NASDAQ_MS
PM,Philip Morris International Inc Common Stock,$193.90,0.14,0.072%,"302,215,145,822",/market-activity/stocks/pm,US_NASDAQ_PM
NFLX,"Netflix, Inc. Common Stock",$70.30,1.07,1.546%,"292,724,959,223",/market-activity/stocks/nflx,US_NASDAQ_NFLX
HD,"Home Depot, Inc. (The) Common Stock",$288.04,-1.85,-0.638%,"287,374,519,873",/market-activity/stocks/hd,US_NASDAQ_HD
NVS,Novartis AG Common Stock,$145.71,-1.17,-0.797%,"278,036,781,147",/market-activity/stocks/nvs,US_NASDAQ_NVS
RY,Royal Bank Of Canada Common Stock,$199.80,-1.15,-0.572%,"276,609,073,840",/market-activity/stocks/ry,US_NASDAQ_RY
MUFG,"Mitsubishi UFJ Financial Group, Inc. Common Stock",$23.13,-0.24,-1.027%,"274,500,153,580",/market-activity/stocks/mufg,US_NASDAQ_MUFG
CRWD,"CrowdStrike Holdings, Inc. Class A Common Stock",$262.74,3.49,1.346%,"269,028,640,387",/market-activity/stocks/crwd,US_NASDAQ_CRWD
GS,"Goldman Sachs Group, Inc. (The) Common Stock",$916.24,-0.04,-0.004%,"266,782,890,866",/market-activity/stocks/gs,US_NASDAQ_GS
SHEL,Shell PLC American Depositary Shares (each representing two (2) Ordinary Shares) ,$95.14,-1.33,-1.379%,"263,164,169,902",/market-activity/stocks/shel,US_NASDAQ_SHEL
BABA,Alibaba Group Holding Limited American Depositary Shares each representing eight Ordinary share,$107.74,-1.02,-0.938%,"260,998,643,579",/market-activity/stocks/baba,US_NASDAQ_BABA
SAP,SAP  SE ADS,$210.85,1.54,0.736%,"259,030,117,317",/market-activity/stocks/sap,US_NASDAQ_SAP
TXN,Texas Instruments Incorporated Common Stock,$281.69,3.38,1.214%,"257,252,740,669",/market-activity/stocks/txn,US_NASDAQ_TXN
KLAC,KLA Corporation Common Stock,$196.53,7.36,3.891%,"256,472,925,873",/market-activity/stocks/klac,US_NASDAQ_KLAC
GEV,GE Vernova Inc. Common Stock,$962.49,12.72,1.339%,"256,343,408,377",/market-activity/stocks/gev,US_NASDAQ_GEV
ANET,"Arista Networks, Inc. Common Stock",$202.86,-2.06,-1.005%,"255,852,032,093",/market-activity/stocks/anet,US_NASDAQ_ANET
AZN,AstraZeneca PLC Ordinary Shares,$164.21,-1.94,-1.168%,"254,644,694,948",/market-activity/stocks/azn,US_NASDAQ_AZN
SNDK,Sandisk Corporation Common Stock,"$1,729.76",16.87,0.985%,"253,269,731,170",/market-activity/stocks/sndk,US_NASDAQ_SNDK
RTX,RTX Corporation Common Stock,$186.94,-0.72,-0.384%,"251,949,907,439",/market-activity/stocks/rtx,US_NASDAQ_RTX
TMO,Thermo Fisher Scientific Inc Common Stock,$679.61,1.01,0.149%,"251,283,953,038",/market-activity/stocks/tmo,US_NASDAQ_TMO
WFC,Wells Fargo & Company Common Stock,$80.48,-0.33,-0.408%,"243,371,466,561",/market-activity/stocks/wfc,US_NASDAQ_WFC
TM,Toyota Motor Corporation Common Stock,$186.71,-1.59,-0.844%,"243,356,543,812",/market-activity/stocks/tm,US_NASDAQ_TM
MRVL,"Marvell Technology, Inc. Common Stock",$263.27,11.37,4.514%,"230,861,463,000",/market-activity/stocks/mrvl,US_NASDAQ_MRVL
AMGN,Amgen Inc. Common Stock,$423.64,5.51,1.318%,"229,033,342,598",/market-activity/stocks/amgn,US_NASDAQ_AMGN
C,"Citigroup, Inc. Common Stock",$130.80,-0.51,-0.388%,"219,408,731,216",/market-activity/stocks/c,US_NASDAQ_C
LIN,Linde plc Ordinary Shares,$473.37,1.33,0.282%,"218,214,179,759",/market-activity/stocks/lin,US_NASDAQ_LIN
BHP,BHP Group Limited American Depositary Shares (Each representing two Ordinary Shares),$84.82,0.24,0.284%,"215,620,176,008",/market-activity/stocks/bhp,US_NASDAQ_BHP
STX,Seagate Technology Holdings PLC Ordinary Shares (Ireland),$913.45,-8.06,-0.875%,"208,922,960,411",/market-activity/stocks/stx,US_NASDAQ_STX
APH,Amphenol Corporation Common Stock,$84.34,-0.28,-0.331%,"207,979,649,527",/market-activity/stocks/aph,US_NASDAQ_APH
IBM,International Business Machines Corporation Common Stock,$219.99,-0.68,-0.308%,"207,260,144,456",/market-activity/stocks/ibm,US_NASDAQ_IBM
AXP,American Express Company Common Stock,$305.40,-0.93,-0.304%,"206,239,622,998",/market-activity/stocks/axp,US_NASDAQ_AXP
SAN,"Banco Santander, S.A. Sponsored ADR (Spain)",$14.19,-0.03,-0.211%,"205,396,112,693",/market-activity/stocks/san,US_NASDAQ_SAN
TD,Toronto Dominion Bank (The) Common Stock,$119.00,-0.55,-0.46%,"194,969,243,000",/market-activity/stocks/td,US_NASDAQ_TD
QCOM,QUALCOMM Incorporated Common Stock,$184.10,-3.38,-1.803%,"193,348,064,856",/market-activity/stocks/qcom,US_NASDAQ_QCOM
ADI,"Analog Devices, Inc. Common Stock",$398.22,2.79,0.706%,"192,963,659,472",/market-activity/stocks/adi,US_NASDAQ_ADI
SHOP,Shopify Inc. Class A Subordinate Voting Shares,$148.26,4.25,2.951%,"192,116,942,567",/market-activity/stocks/shop,US_NASDAQ_SHOP
TTE,TotalEnergies SE Ordinary Shares,$87.71,-2.63,-2.911%,"191,371,098,829",/market-activity/stocks/tte,US_NASDAQ_TTE
VZ,Verizon Communications Inc. Common Stock,$45.98,-0.70,-1.50%,"191,036,563,788",/market-activity/stocks/vz,US_NASDAQ_VZ
GILD,"Gilead Sciences, Inc. Common Stock",$151.28,-0.93,-0.611%,"187,580,415,848",/market-activity/stocks/gild,US_NASDAQ_GILD
CRM,"Salesforce, Inc. Common Stock",$225.31,-1.96,-0.862%,"185,430,130,000",/market-activity/stocks/crm,US_NASDAQ_CRM
DE,Deere & Company Common Stock,$680.50,-9.09,-1.318%,"183,480,092,866",/market-activity/stocks/de,US_NASDAQ_DE
DIS,Walt Disney Company (The) Common Stock,$105.41,-0.18,-0.17%,"182,010,066,340",/market-activity/stocks/dis,US_NASDAQ_DIS
PEP,"PepsiCo, Inc. Common Stock",$128.69,0.19,0.148%,"175,647,894,599",/market-activity/stocks/pep,US_NASDAQ_PEP
TMUS,"T-Mobile US, Inc. Common Stock",$162.98,-3.47,-2.085%,"174,824,019,487",/market-activity/stocks/tmus,US_NASDAQ_TMUS
ABT,Abbott Laboratories Common Stock,$100.95,-0.03,-0.03%,"174,682,193,731",/market-activity/stocks/abt,US_NASDAQ_ABT
SCHW,Charles Schwab Corporation (The) Common Stock,$99.10,0.80,0.814%,"171,377,169,257",/market-activity/stocks/schw,US_NASDAQ_SCHW
NVO,Novo Nordisk A/S Common Stock,$38.31,-0.40,-1.033%,"169,634,018,221",/market-activity/stocks/nvo,US_NASDAQ_NVO
SCCO,Southern Copper Corporation Common Stock,$202.55,-0.08,-0.039%,"168,993,887,050",/market-activity/stocks/scco,US_NASDAQ_SCCO
ETN,"Eaton Corporation, PLC Ordinary Shares",$433.27,1.86,0.431%,"168,282,068,000",/market-activity/stocks/etn,US_NASDAQ_ETN
WELL,Welltower Inc. Common Stock,$232.90,-0.06,-0.026%,"167,861,499,088",/market-activity/stocks/well,US_NASDAQ_WELL
T,AT&T Inc.,$24.48,-0.42,-1.687%,"167,746,400,712",/market-activity/stocks/t,US_NASDAQ_T
MCD,McDonald's Corporation Common Stock,$233.98,0.38,0.163%,"165,573,965,423",/market-activity/stocks/mcd,US_NASDAQ_MCD
BLK,"BlackRock, Inc. Common Stock","$1,067.94",-3.31,-0.309%,"165,391,076,456",/market-activity/stocks/blk,US_NASDAQ_BLK
PFE,"Pfizer, Inc. Common Stock",$28.72,UNCH,--,"163,694,625,476",/market-activity/stocks/pfe,US_NASDAQ_PFE
BBVA,Banco Bilbao Vizcaya Argentaria S.A. Common Stock,$28.64,-0.16,-0.556%,"163,504,863,568",/market-activity/stocks/bbva,US_NASDAQ_BBVA
WDC,Western Digital Corporation Common Stock,$453.48,0.25,0.055%,"163,498,107,285",/market-activity/stocks/wdc,US_NASDAQ_WDC
UNP,Union Pacific Corporation Common Stock,$274.15,0.05,0.018%,"162,865,797,777",/market-activity/stocks/unp,US_NASDAQ_UNP
DHR,Danaher Corporation Common Stock,$226.11,-1.22,-0.537%,"158,952,176,670",/market-activity/stocks/dhr,US_NASDAQ_DHR
NEE,"NextEra Energy, Inc. Common Stock",$75.89,0.40,0.53%,"158,304,886,281",/market-activity/stocks/nee,US_NASDAQ_NEE
UBS,UBS Group AG Registered Ordinary Shares,$48.78,0.16,0.329%,"151,385,571,934",/market-activity/stocks/ubs,US_NASDAQ_UBS
COP,ConocoPhillips Common Stock,$125.44,-0.60,-0.476%,"150,695,773,366",/market-activity/stocks/cop,US_NASDAQ_COP
BA,Boeing Company (The) Common Stock,$187.68,3.29,1.784%,"148,336,645,354",/market-activity/stocks/ba,US_NASDAQ_BA
TJX,"TJX Companies, Inc. (The) Common Stock",$133.80,3.55,2.726%,"147,176,529,362",/market-activity/stocks/tjx,US_NASDAQ_TJX
BUD,Anheuser-Busch Inbev SA Sponsored ADR (Belgium),$74.29,-2.81,-3.645%,"146,509,764,582",/market-activity/stocks/bud,US_NASDAQ_BUD
ISRG,"Intuitive Surgical, Inc. Common Stock",$412.18,-2.61,-0.629%,"145,614,141,703",/market-activity/stocks/isrg,US_NASDAQ_ISRG
UBER,"Uber Technologies, Inc. Common Stock",$69.36,1.20,1.761%,"141,671,969,993",/market-activity/stocks/uber,US_NASDAQ_UBER
SONY,Sony Group Corporation American Depositary Shares ,$23.37,0.04,0.171%,"137,790,748,187",/market-activity/stocks/sony,US_NASDAQ_SONY
MFG,"Mizuho Financial Group, Inc. Sponosred ADR (Japan)",$11.00,-0.05,-0.452%,"136,941,672,670",/market-activity/stocks/mfg,US_NASDAQ_MFG
GLW,Corning Incorporated Common Stock,$158.71,7.12,4.697%,"136,710,942,013",/market-activity/stocks/glw,US_NASDAQ_GLW
TBB,AT&T Inc. 5.350% Global Notes due 2066,$19.02,-0.11,-0.575%,"136,000,331,830",/market-activity/stocks/tbb,US_NASDAQ_TBB
NOW,"ServiceNow, Inc. Common Stock",$129.94,-1.51,-1.149%,"134,357,960,000",/market-activity/stocks/now,US_NASDAQ_NOW
VRTX,Vertex Pharmaceuticals Incorporated Common Stock,$526.73,-0.94,-0.178%,"133,505,472,499",/market-activity/stocks/vrtx,US_NASDAQ_VRTX
PBR,Petroleo Brasileiro S.A. Petrobras ADS,$20.65,UNCH,--,"133,076,165,768",/market-activity/stocks/pbr,US_NASDAQ_PBR
UL,Unilever PLC American Depositary Shares (each representing One Ordinary Share),$61.24,-1.29,-2.063%,"131,931,006,547",/market-activity/stocks/ul,US_NASDAQ_UL
FTNT,"Fortinet, Inc. Common Stock",$175.96,-0.37,-0.21%,"129,104,254,382",/market-activity/stocks/ftnt,US_NASDAQ_FTNT
BMY,Bristol-Myers Squibb Company Common Stock,$62.86,-1.02,-1.597%,"128,405,043,276",/market-activity/stocks/bmy,US_NASDAQ_BMY
CB,Chubb Limited  Common Stock,$332.08,0.71,0.214%,"128,116,417,177",/market-activity/stocks/cb,US_NASDAQ_CB
PLD,"Prologis, Inc. Common Stock",$132.61,0.17,0.128%,"125,724,358,360",/market-activity/stocks/pld,US_NASDAQ_PLD
NET,"Cloudflare, Inc. Class A Common Stock",$352.26,-1.73,-0.489%,"125,432,640,406",/market-activity/stocks/net,US_NASDAQ_NET
NEM,Newmont Corporation,$117.09,1.04,0.896%,"123,376,828,011",/market-activity/stocks/nem,US_NASDAQ_NEM
MNST,Monster Beverage Corporation,$41.74,-0.12,-0.287%,"122,656,353,618",/market-activity/stocks/mnst,US_NASDAQ_MNST
PGR,Progressive Corporation (The) Common Stock,$210.52,1.05,0.501%,"122,390,385,020",/market-activity/stocks/pgr,US_NASDAQ_PGR
PH,Parker-Hannifin Corporation Common Stock,$970.37,0.82,0.085%,"122,375,704,144",/market-activity/stocks/ph,US_NASDAQ_PH
BKNG,Booking Holdings Inc. Common Stock,$162.34,-1.53,-0.934%,"121,979,110,370",/market-activity/stocks/bkng,US_NASDAQ_BKNG
COF,Capital One Financial Corporation Common Stock,$196.46,UNCH,--,"120,525,230,881",/market-activity/stocks/cof,US_NASDAQ_COF
SMFG,Sumitomo Mitsui Financial Group Inc Unsponsored American Depositary Shares (Japan),$26.02,-0.41,-1.551%,"118,686,323,669",/market-activity/stocks/smfg,US_NASDAQ_SMFG
BTI,"British American Tobacco  Industries, p.l.c. Common Stock ADR",$54.85,-1.20,-2.141%,"118,494,295,492",/market-activity/stocks/bti,US_NASDAQ_BTI
RIO,Rio Tinto Plc Common Stock,$94.16,-0.25,-0.265%,"118,268,593,069",/market-activity/stocks/rio,US_NASDAQ_RIO
ACN,Accenture plc Class A Ordinary Shares (Ireland),$177.12,2.65,1.519%,"118,229,408,395",/market-activity/stocks/acn,US_NASDAQ_ACN
LMT,Lockheed Martin Corporation Common Stock,$512.21,-5.89,-1.137%,"118,213,331,594",/market-activity/stocks/lmt,US_NASDAQ_LMT
BMO,Bank Of Montreal Common Stock,$169.61,-1.54,-0.90%,"117,894,594,318",/market-activity/stocks/bmo,US_NASDAQ_BMO
SNOW,Snowflake Inc. Common Stock,$330.31,2.19,0.667%,"116,533,368,000",/market-activity/stocks/snow,US_NASDAQ_SNOW
HDB,HDFC Bank Limited Common Stock,$22.64,0.23,1.026%,"116,168,619,649",/market-activity/stocks/hdb,US_NASDAQ_HDB
SPGI,S&P Global Inc. Common Stock,$392.45,-3.47,-0.876%,"115,694,260,000",/market-activity/stocks/spgi,US_NASDAQ_SPGI
MO,"Altria Group, Inc.",$68.72,-0.41,-0.593%,"114,744,802,595",/market-activity/stocks/mo,US_NASDAQ_MO
BP,BP p.l.c. Common Stock,$43.52,-0.91,-2.048%,"113,932,331,052",/market-activity/stocks/bp,US_NASDAQ_BP
BNS,Bank Nova Scotia Halifax Pfd 3 Ordinary Shares,$92.47,-0.28,-0.302%,"113,441,027,179",/market-activity/stocks/bns,US_NASDAQ_BNS
VLO,Valero Energy Corporation Common Stock,$387.72,-1.85,-0.475%,"111,635,235,179",/market-activity/stocks/vlo,US_NASDAQ_VLO
MDT,Medtronic plc. Ordinary Shares,$87.09,-2.41,-2.693%,"111,400,118,840",/market-activity/stocks/mdt,US_NASDAQ_MDT
CVS,CVS Health Corporation Common Stock,$87.10,-0.75,-0.854%,"111,398,319,140",/market-activity/stocks/cvs,US_NASDAQ_CVS
PDD,PDD Holdings Inc. American Depositary Shares,$77.50,-0.99,-1.261%,"110,313,225,805",/market-activity/stocks/pdd,US_NASDAQ_PDD
MPC,Marathon Petroleum Corporation Common Stock,$392.03,2.59,0.665%,"110,091,731,839",/market-activity/stocks/mpc,US_NASDAQ_MPC
SBUX,Starbucks Corporation Common Stock,$95.43,0.16,0.168%,"108,790,200,000",/market-activity/stocks/sbux,US_NASDAQ_SBUX
SYK,Stryker Corporation Common Stock,$278.77,3.46,1.257%,"106,928,658,033",/market-activity/stocks/syk,US_NASDAQ_SYK
LOW,"Lowe's Companies, Inc. Common Stock",$187.26,-0.40,-0.213%,"105,062,975,598",/market-activity/stocks/low,US_NASDAQ_LOW
ING,"ING Group, N.V. Common Stock",$36.08,-0.30,-0.825%,"104,719,951,783",/market-activity/stocks/ing,US_NASDAQ_ING
HOOD,"Robinhood Markets, Inc. Class A Common Stock",$116.22,-0.24,-0.206%,"104,491,341,768",/market-activity/stocks/hood,US_NASDAQ_HOOD
ADP,"Automatic Data Processing, Inc. Common Stock",$261.80,UNCH,--,"103,738,655,266",/market-activity/stocks/adp,US_NASDAQ_ADP
EQNR,Equinor ASA,$41.34,-0.93,-2.20%,"103,361,204,380",/market-activity/stocks/eqnr,US_NASDAQ_EQNR
APP,Applovin Corporation Class A Common Stock,$305.66,-2.58,-0.837%,"102,289,424,660",/market-activity/stocks/app,US_NASDAQ_APP
ENB,Enbridge Inc Common Stock,$46.65,-0.32,-0.681%,"101,888,668,009",/market-activity/stocks/enb,US_NASDAQ_ENB
FCX,"Freeport-McMoRan, Inc. Common Stock",$70.79,-1.17,-1.626%,"101,655,680,453",/market-activity/stocks/fcx,US_NASDAQ_FCX
SPOT,Spotify Technology S.A. Ordinary Shares,$493.66,-3.85,-0.774%,"101,611,285,279",/market-activity/stocks/spot,US_NASDAQ_SPOT
CM,Canadian Imperial Bank of Commerce Common Stock,$111.71,-0.44,-0.392%,"101,427,780,176",/market-activity/stocks/cm,US_NASDAQ_CM
ASX,"ASE Technology Holding Co., Ltd. American Depositary Shares (each representing Two Common Shares) ",$45.31,1.52,3.471%,"100,900,784,220",/market-activity/stocks/asx,US_NASDAQ_ASX
MCK,McKesson Corporation Common Stock,$864.82,8.53,0.996%,"100,829,677,730",/market-activity/stocks/mck,US_NASDAQ_MCK
PSX,Phillips 66 Common Stock,$252.25,-1.30,-0.513%,"100,653,026,061",/market-activity/stocks/psx,US_NASDAQ_PSX
TT,Trane Technologies plc,$455.59,3.53,0.781%,"100,240,359,209",/market-activity/stocks/tt,US_NASDAQ_TT
EQIX,"Equinix, Inc. Common Stock REIT","$1,015.27",4.20,0.415%,"100,178,402,645",/market-activity/stocks/eqix,US_NASDAQ_EQIX
GSK,GSK plc American Depositary Shares (Each representing two Ordinary Shares),$49.35,-0.35,-0.704%,"99,820,522,495",/market-activity/stocks/gsk,US_NASDAQ_GSK
BNY,The Bank of New York Mellon Corporation Common Stock,$146.98,-1.46,-0.984%,"99,726,538,791",/market-activity/stocks/bny,US_NASDAQ_BNY
SNY,Sanofi ADS,$40.74,-0.44,-1.068%,"99,358,919,782",/market-activity/stocks/sny,US_NASDAQ_SNY
CNQ,Canadian Natural Resources Limited Common Stock,$47.17,-0.38,-0.799%,"97,587,182,800",/market-activity/stocks/cnq,US_NASDAQ_CNQ
IBN,ICICI Bank Limited Common Stock,$27.25,-0.05,-0.183%,"97,556,533,766",/market-activity/stocks/ibn,US_NASDAQ_IBN
DDOG,"Datadog, Inc. Class A Common Stock",$268.56,-0.14,-0.052%,"96,433,188,445",/market-activity/stocks/ddog,US_NASDAQ_DDOG
PWR,"Quanta Services, Inc. Common Stock",$651.79,7.43,1.153%,"96,028,076,654",/market-activity/stocks/pwr,US_NASDAQ_PWR
SO,Southern Company (The) Common Stock,$83.45,1.10,1.336%,"95,997,789,513",/market-activity/stocks/so,US_NASDAQ_SO
VRT,"Vertiv Holdings, LLC Class A Common Stock",$248.34,4.30,1.762%,"95,607,962,883",/market-activity/stocks/vrt,US_NASDAQ_VRT
CME,CME Group Inc. Class A Common Stock,$263.22,-0.02,-0.008%,"94,648,453,607",/market-activity/stocks/cme,US_NASDAQ_CME
AEM,Agnico Eagle Mines Limited Common Stock,$185.83,1.68,0.912%,"94,320,060,258",/market-activity/stocks/aem,US_NASDAQ_AEM
MAR,Marriott International Class A Common Stock,$361.62,3.05,0.851%,"94,298,305,067",/market-activity/stocks/mar,US_NASDAQ_MAR
RACE,Ferrari N.V. Common Shares,$402.05,4.05,1.018%,"94,057,399,895",/market-activity/stocks/race,US_NASDAQ_RACE
ABNB,"Airbnb, Inc. Class A Common Stock",$156.96,0.88,0.564%,"93,985,400,647",/market-activity/stocks/abnb,US_NASDAQ_ABNB
CEG,Constellation Energy Corporation Common Stock ,$264.58,4.15,1.594%,"93,742,646,336",/market-activity/stocks/ceg,US_NASDAQ_CEG
HCA,"HCA Healthcare, Inc. Common Stock",$431.63,-0.97,-0.224%,"93,448,542,445",/market-activity/stocks/hca,US_NASDAQ_HCA
HWM,Howmet Aerospace Inc. Common Stock,$230.94,2.62,1.148%,"92,099,195,085",/market-activity/stocks/hwm,US_NASDAQ_HWM
ADBE,Adobe Inc. Common Stock,$233.17,2.16,0.935%,"90,749,764,000",/market-activity/stocks/adbe,US_NASDAQ_ADBE
USB,U.S. Bancorp Common Stock,$58.14,-0.64,-1.089%,"90,585,111,070",/market-activity/stocks/usb,US_NASDAQ_USB
JCI,Johnson Controls International plc Ordinary Share,$149.42,0.53,0.356%,"90,509,890,447",/market-activity/stocks/jci,US_NASDAQ_JCI
GD,General Dynamics Corporation Common Stock,$332.34,-1.82,-0.545%,"89,916,978,186",/market-activity/stocks/gd,US_NASDAQ_GD
BN,Brookfield Corporation Class A Limited Voting Shares,$36.49,0.22,0.607%,"89,427,855,276",/market-activity/stocks/bn,US_NASDAQ_BN
CDNS,"Cadence Design Systems, Inc. Common Stock",$324.17,-2.53,-0.774%,"89,274,148,810",/market-activity/stocks/cdns,US_NASDAQ_CDNS
ITUB,Itau Unibanco Banco Holding SA American Depositary Shares (Each repstg 500 Preferred shares),$8.09,0.10,1.252%,"89,204,583,448",/market-activity/stocks/itub,US_NASDAQ_ITUB
DUK,Duke Energy Corporation (Holding Company) Common Stock,$114.21,0.80,0.705%,"89,049,787,463",/market-activity/stocks/duk,US_NASDAQ_DUK
PNC,"PNC Financial Services Group, Inc. (The) Common Stock",$221.65,-2.02,-0.903%,"88,425,863,791",/market-activity/stocks/pnc,US_NASDAQ_PNC
EMR,Emerson Electric Company Common Stock,$157.24,-2.15,-1.349%,"87,708,472,000",/market-activity/stocks/emr,US_NASDAQ_EMR
MELI,"MercadoLibre, Inc. Common Stock","$1,724.90",12.49,0.729%,"87,446,913,770",/market-activity/stocks/meli,US_NASDAQ_MELI
LITE,Lumentum Holdings Inc. Common Stock,$973.49,52.17,5.663%,"87,322,053,000",/market-activity/stocks/lite,US_NASDAQ_LITE
CSX,CSX Corporation Common Stock,$46.93,0.17,0.364%,"86,936,647,855",/market-activity/stocks/csx,US_NASDAQ_CSX
MMM,3M Company Common Stock,$168.49,-0.99,-0.584%,"86,894,070,040",/market-activity/stocks/mmm,US_NASDAQ_MMM
E,ENI S.p.A. Common Stock,$54.65,-0.97,-1.744%,"85,985,356,740",/market-activity/stocks/e,US_NASDAQ_E
BE,Bloom Energy Corporation Class A Common Stock,$291.25,28.38,10.796%,"85,781,089,523",/market-activity/stocks/be,US_NASDAQ_BE
BX,Blackstone Inc. Common Stock,$114.00,-0.56,-0.489%,"85,571,262,996",/market-activity/stocks/bx,US_NASDAQ_BX
ICE,Intercontinental Exchange Inc. Common Stock,$152.19,-0.72,-0.471%,"85,438,626,977",/market-activity/stocks/ice,US_NASDAQ_ICE
ELV,"Elevance Health, Inc. Common Stock",$392.73,-1.86,-0.471%,"85,171,076,262",/market-activity/stocks/elv,US_NASDAQ_ELV
LYG,Lloyds Banking Group Plc American Depositary Shares,$5.69,-0.03,-0.524%,"84,331,569,171",/market-activity/stocks/lyg,US_NASDAQ_LYG
WMB,"Williams Companies, Inc. (The) Common Stock",$68.63,-0.35,-0.507%,"83,945,983,603",/market-activity/stocks/wmb,US_NASDAQ_WMB
KKR,KKR & Co. Inc. Common Stock,$93.18,-0.06,-0.064%,"83,641,685,301",/market-activity/stocks/kkr,US_NASDAQ_KKR
WM,"Waste Management, Inc. Common Stock",$207.09,0.65,0.315%,"82,777,017,455",/market-activity/stocks/wm,US_NASDAQ_WM
BCS,Barclays PLC Common Stock,$24.49,-0.12,-0.488%,"82,292,974,218",/market-activity/stocks/bcs,US_NASDAQ_BCS
HPE,Hewlett Packard Enterprise Company Common Stock,$61.49,-1.14,-1.82%,"81,625,809,261",/market-activity/stocks/hpe,US_NASDAQ_HPE
MRSH,Marsh Common Stock,$170.42,1.39,0.822%,"81,326,344,293",/market-activity/stocks/mrsh,US_NASDAQ_MRSH
MRNA,"Moderna, Inc. Common Stock",$203.46,6.18,3.133%,"81,228,533,976",/market-activity/stocks/mrna,US_NASDAQ_MRNA
DASH,"DoorDash, Inc. Class A Common Stock",$187.10,8.71,4.883%,"81,070,044,013",/market-activity/stocks/dash,US_NASDAQ_DASH
SHW,Sherwin-Williams Company (The) Common Stock,$330.44,-2.35,-0.706%,"80,217,003,416",/market-activity/stocks/shw,US_NASDAQ_SHW
UPS,"United Parcel Service, Inc. Common Stock",$93.93,-0.32,-0.34%,"79,913,913,997",/market-activity/stocks/ups,US_NASDAQ_UPS
SNPS,"Synopsys, Inc. Common Stock",$415.09,-2.52,-0.603%,"79,546,455,388",/market-activity/stocks/snps,US_NASDAQ_SNPS
CTAS,Cintas Corporation Common Stock,$197.74,-2.84,-1.416%,"79,000,445,507",/market-activity/stocks/ctas,US_NASDAQ_CTAS
SU,Suncor Energy  Inc. Common Stock,$67.51,-1.26,-1.832%,"78,961,695,106",/market-activity/stocks/su,US_NASDAQ_SU
MCO,Moody's Corporation Common Stock,$454.82,-5.26,-1.143%,"78,774,824,000",/market-activity/stocks/mco,US_NASDAQ_MCO
NGG,"National Grid Transco, PLC National Grid PLC (NEW) American Depositary Shares",$74.94,-0.30,-0.399%,"78,684,475,871",/market-activity/stocks/ngg,US_NASDAQ_NGG
AMT,American Tower Corporation (REIT) Common Stock,$167.35,-0.65,-0.387%,"77,978,414,033",/market-activity/stocks/amt,US_NASDAQ_AMT
ECL,Ecolab Inc. Common Stock,$277.87,-2.36,-0.842%,"77,894,908,916",/market-activity/stocks/ecl,US_NASDAQ_ECL
EPD,Enterprise Products Partners L.P. Common Stock,$36.02,-0.63,-1.719%,"77,784,367,627",/market-activity/stocks/epd,US_NASDAQ_EPD
NTES,"NetEase, Inc. American Depositary Shares",$121.82,0.78,0.644%,"77,736,765,751",/market-activity/stocks/ntes,US_NASDAQ_NTES
WBD,"Warner Bros. Discovery, Inc. Series A Common Stock ",$30.85,-0.05,-0.162%,"77,455,197,237",/market-activity/stocks/wbd,US_NASDAQ_WBD
REGN,"Regeneron Pharmaceuticals, Inc. Common Stock",$750.51,-1.74,-0.231%,"77,268,748,044",/market-activity/stocks/regn,US_NASDAQ_REGN
CP,Canadian Pacific Kansas City Limited Common Shares,$86.51,-0.05,-0.058%,"77,189,749,729",/market-activity/stocks/cp,US_NASDAQ_CP
CMCSA,Comcast Corporation Class A Common Stock,$21.60,-0.19,-0.872%,"76,650,549,977",/market-activity/stocks/cmcsa,US_NASDAQ_CMCSA
ITW,Illinois Tool Works Inc. Common Stock,$267.07,-6.76,-2.469%,"76,061,536,000",/market-activity/stocks/itw,US_NASDAQ_ITW
TRV,"The Travelers Companies, Inc. Common Stock",$363.21,0.05,0.014%,"75,756,533,741",/market-activity/stocks/trv,US_NASDAQ_TRV
MDLZ,"Mondelez International, Inc. Class A Common Stock",$59.32,-0.86,-1.429%,"75,710,593,941",/market-activity/stocks/mdlz,US_NASDAQ_MDLZ
ROST,"Ross Stores, Inc. Common Stock",$234.40,-2.69,-1.135%,"74,879,808,984",/market-activity/stocks/rost,US_NASDAQ_ROST
SLB,SLB Limited Common Shares,$49.87,-1.62,-3.146%,"74,014,222,930",/market-activity/stocks/slb,US_NASDAQ_SLB
MSI,"Motorola Solutions, Inc. Common Stock",$446.12,-5.96,-1.318%,"73,830,088,703",/market-activity/stocks/msi,US_NASDAQ_MSI
EOG,"EOG Resources, Inc. Common Stock",$139.66,-0.97,-0.69%,"73,255,744,720",/market-activity/stocks/eog,US_NASDAQ_EOG
CNI,Canadian National Railway Company Common Stock,$120.55,-0.59,-0.487%,"72,824,255,000",/market-activity/stocks/cni,US_NASDAQ_CNI
HLT,Hilton Worldwide Holdings Inc. Common Stock ,$323.44,3.16,0.987%,"72,794,994,490",/market-activity/stocks/hlt,US_NASDAQ_HLT
CI,The Cigna Group Common Stock,$275.26,3.43,1.262%,"72,734,836,176",/market-activity/stocks/ci,US_NASDAQ_CI
NWG,"NatWest Group plc American Depositary Shares, (each representing two (2) Ordinary Shares)",$18.26,-0.08,-0.436%,"72,584,131,668",/market-activity/stocks/nwg,US_NASDAQ_NWG
MFC,Manulife Financial Corporation Common Stock,$43.42,-0.08,-0.184%,"72,463,226,118",/market-activity/stocks/mfc,US_NASDAQ_MFC
BAM,Brookfield Asset Management Inc Class A Limited Voting Shares,$44.97,0.47,1.056%,"71,827,748,699",/market-activity/stocks/bam,US_NASDAQ_BAM
CMI,Cummins Inc. Common Stock,$521.37,3.53,0.682%,"71,774,133,587",/market-activity/stocks/cmi,US_NASDAQ_CMI
BRKRP,"Bruker Corporation 6.375% Mandatory Convertible Preferred Stock, Series A",$470.78,1.50,0.32%,"71,727,718,786",/market-activity/stocks/brkrp,US_NASDAQ_BRKRP
NOC,Northrop Grumman Corporation Common Stock,$504.61,-1.19,-0.235%,"71,686,423,550",/market-activity/stocks/noc,US_NASDAQ_NOC
INTU,Intuit Inc. Common Stock,$268.03,-1.37,-0.509%,"71,627,265,080",/market-activity/stocks/intu,US_NASDAQ_INTU
TGT,Target Corporation Common Stock,$156.43,-2.00,-1.262%,"71,065,638,412",/market-activity/stocks/tgt,US_NASDAQ_TGT
GM,General Motors Company Common Stock,$80.47,-0.17,-0.211%,"70,608,525,504",/market-activity/stocks/gm,US_NASDAQ_GM
NSC,Norfolk Southern Corporation Common Stock,$313.00,-0.05,-0.016%,"70,302,420,749",/market-activity/stocks/nsc,US_NASDAQ_NSC
APO,"Apollo Global Management, Inc. (New) Common Stock",$119.00,UNCH,--,"70,274,635,921",/market-activity/stocks/apo,US_NASDAQ_APO
CVNA,Carvana Co. Class A Common Stock,$63.62,3.15,5.209%,"70,011,505,047",/market-activity/stocks/cvna,US_NASDAQ_CVNA
RCL,Royal Caribbean Cruises Ltd. Common Stock,$260.67,18.08,7.453%,"69,716,734,736",/market-activity/stocks/rcl,US_NASDAQ_RCL
ORLY,"O'Reilly Automotive, Inc. Common Stock",$86.07,-0.44,-0.509%,"69,627,255,367",/market-activity/stocks/orly,US_NASDAQ_ORLY
CL,Colgate-Palmolive Company Common Stock,$86.46,-0.06,-0.069%,"68,923,562,795",/market-activity/stocks/cl,US_NASDAQ_CL
ET,Energy Transfer LP Common Units ,$19.91,-0.19,-0.945%,"68,556,095,056",/market-activity/stocks/et,US_NASDAQ_ET
FDX,FedEx Corporation Common Stock,$287.47,-2.18,-0.753%,"68,035,649,949",/market-activity/stocks/fdx,US_NASDAQ_FDX
DB,Deutsche Bank AG Common Stock,$36.11,0.03,0.083%,"67,937,354,000",/market-activity/stocks/db,US_NASDAQ_DB
B,Barrick Mining Corporation Common Shares,$41.24,0.15,0.365%,"67,876,273,440",/market-activity/stocks/b,US_NASDAQ_B
KMI,"Kinder Morgan, Inc. Common Stock",$30.45,-0.18,-0.588%,"67,806,123,610",/market-activity/stocks/kmi,US_NASDAQ_KMI
MPWR,"Monolithic Power Systems, Inc. Common Stock","$1,355.99",4.79,0.354%,"66,637,416,570",/market-activity/stocks/mpwr,US_NASDAQ_MPWR
HON,Honeywell International Inc. Common Stock,$210.13,-1.39,-0.657%,"66,598,604,301",/market-activity/stocks/hon,US_NASDAQ_HON
SPG,"Simon Property Group, Inc. Common Stock",$204.28,-0.25,-0.122%,"66,095,103,484",/market-activity/stocks/spg,US_NASDAQ_SPG
AMX,"America Movil, S.A.B. de C.V. American Depositary Shares (each representing the right to receive twenty (20) Series B Shares",$21.78,0.12,0.554%,"65,552,355,000",/market-activity/stocks/amx,US_NASDAQ_AMX
DLR,"Digital Realty Trust, Inc. Common Stock",$176.56,-0.62,-0.35%,"65,333,587,235",/market-activity/stocks/dlr,US_NASDAQ_DLR
MSTR,Strategy Inc Common Stock Class A,$154.67,-2.47,-1.572%,"65,038,271,454",/market-activity/stocks/mstr,US_NASDAQ_MSTR
AEP,"American Electric Power Company, Inc. Common Stock",$119.30,1.10,0.931%,"64,946,604,094",/market-activity/stocks/aep,US_NASDAQ_AEP
RSG,"Republic Services, Inc. Common Stock",$211.92,-1.01,-0.474%,"64,892,654,298",/market-activity/stocks/rsg,US_NASDAQ_RSG
NBIS,Nebius Group N.V. Class A Ordinary Shares,$237.355,5.475,2.361%,"64,526,195,268",/market-activity/stocks/nbis,US_NASDAQ_NBIS
BSX,Boston Scientific Corporation Common Stock,$43.88,-0.23,-0.521%,"63,592,191,601",/market-activity/stocks/bsx,US_NASDAQ_BSX
URI,"United Rentals, Inc. Common Stock","$1,014.54",-29.38,-2.814%,"63,147,494,790",/market-activity/stocks/uri,US_NASDAQ_URI
TER,"Teradyne, Inc. Common Stock",$403.02,1.72,0.429%,"63,008,449,065",/market-activity/stocks/ter,US_NASDAQ_TER
UMC,United Microelectronics Corporation (NEW) Common Stock,$24.72,0.87,3.648%,"62,235,844,970",/market-activity/stocks/umc,US_NASDAQ_UMC
APD,"Air Products and Chemicals, Inc. Common Stock",$279.19,0.44,0.158%,"62,171,573,121",/market-activity/stocks/apd,US_NASDAQ_APD
ALAB,"Astera Labs, Inc. Common Stock",$357.84,6.53,1.859%,"62,079,909,615",/market-activity/stocks/alab,US_NASDAQ_ALAB
TEL,TE Connectivity plc Ordinary Shares,$212.59,-2.12,-0.987%,"61,547,617,141",/market-activity/stocks/tel,US_NASDAQ_TEL
WPM,Wheaton Precious Metals Corp Common Shares (Canada),$135.39,-0.23,-0.17%,"61,488,718,068",/market-activity/stocks/wpm,US_NASDAQ_WPM
KEYS,Keysight Technologies Inc. Common Stock,$360.65,0.91,0.253%,"61,398,767,284",/market-activity/stocks/keys,US_NASDAQ_KEYS
TDG,Transdigm Group Incorporated Common Stock,"$1,099.79",-9.43,-0.85%,"60,792,569,430",/market-activity/stocks/tdg,US_NASDAQ_TDG
MET,"MetLife, Inc. Common Stock",$95.20,-0.62,-0.647%,"60,497,403,450",/market-activity/stocks/met,US_NASDAQ_MET
SE,"Sea Limited American Depositary Shares, each representing one Class A Ordinary Share",$98.62,-0.29,-0.293%,"60,403,223,560",/market-activity/stocks/se,US_NASDAQ_SE
ARGX,argenx SE American Depositary Shares,$970.66,-1.59,-0.164%,"60,241,962,866",/market-activity/stocks/argx,US_NASDAQ_ARGX
NU,Nu Holdings Ltd. Class A Ordinary Shares,$12.35,0.12,0.981%,"59,967,569,355",/market-activity/stocks/nu,US_NASDAQ_NU
BMNP,"BitMine Immersion Technologies, Inc. 9.5% Series A Perpetual Preferred Stock",$99.38,0.22,0.222%,"59,948,639,036",/market-activity/stocks/bmnp,US_NASDAQ_BMNP
NTRA,"Natera, Inc. Common Stock",$414.52,2.75,0.668%,"59,750,641,348",/market-activity/stocks/ntra,US_NASDAQ_NTRA
NXPI,NXP Semiconductors N.V. Common Stock,$236.47,0.15,0.063%,"59,629,262,226",/market-activity/stocks/nxpi,US_NASDAQ_NXPI
NOK,Nokia Corporation Sponsored American Depositary Shares,$10.36,0.24,2.372%,"59,489,603,251",/market-activity/stocks/nok,US_NASDAQ_NOK
IMO,Imperial Oil Limited Common Stock,$121.85,-0.49,-0.401%,"58,925,807,050",/market-activity/stocks/imo,US_NASDAQ_IMO
PCAR,PACCAR Inc. Common Stock,$111.80,0.15,0.134%,"58,847,601,745",/market-activity/stocks/pcar,US_NASDAQ_PCAR
GWW,"W.W. Grainger, Inc. Common Stock","$1,248.67",-7.02,-0.559%,"58,813,533,247",/market-activity/stocks/gww,US_NASDAQ_GWW
COR,"Cencora, Inc. Common Stock",$307.60,3.79,1.247%,"58,698,435,954",/market-activity/stocks/cor,US_NASDAQ_COR
TRGP,"Targa Resources, Inc. Common Stock",$273.49,-3.94,-1.42%,"58,644,739,933",/market-activity/stocks/trgp,US_NASDAQ_TRGP
FIX,"Comfort Systems USA, Inc. Common Stock","$1,665.05",6.75,0.407%,"58,600,317,501",/market-activity/stocks/fix,US_NASDAQ_FIX
AON,Aon plc Class A Ordinary Shares (Ireland),$275.90,3.80,1.397%,"58,525,407,241",/market-activity/stocks/aon,US_NASDAQ_AON
TAK,Takeda Pharmaceutical Company Limited American Depositary Shares (each representing 1/2 of a share of Common Stock),$18.51,-0.39,-2.063%,"58,488,723,694",/market-activity/stocks/tak,US_NASDAQ_TAK
AJG,Arthur J. Gallagher & Co. Common Stock,$227.75,-1.71,-0.745%,"58,372,325,000",/market-activity/stocks/ajg,US_NASDAQ_AJG
TRP,TC Energy Corporation Common Stock,$58.26,-0.42,-0.716%,"58,260,000,000",/market-activity/stocks/trp,US_NASDAQ_TRP
RELX,RELX PLC PLC American Depositary Shares (Each representing One Ordinary Share),$33.24,0.17,0.514%,"58,088,909,757",/market-activity/stocks/relx,US_NASDAQ_RELX
CVE,Cenovus Energy Inc Common Stock,$30.96,-0.14,-0.45%,"58,050,000,000",/market-activity/stocks/cve,US_NASDAQ_CVE
MPLX,MPLX LP Common Units Representing Limited Partner Interests,$57.05,-0.61,-1.058%,"57,840,613,220",/market-activity/stocks/mplx,US_NASDAQ_MPLX
AME,"AMETEK, Inc.",$250.78,-0.89,-0.354%,"57,494,134,770",/market-activity/stocks/ame,US_NASDAQ_AME
FAST,Fastenal Company Common Stock,$49.96,-0.53,-1.05%,"57,328,978,747",/market-activity/stocks/fast,US_NASDAQ_FAST
COHR,Coherent Corp. Common Stock,$292.21,9.76,3.455%,"57,224,140,604",/market-activity/stocks/cohr,US_NASDAQ_COHR
ALL,Allstate Corporation (The) Common Stock,$225.42,-2.13,-0.936%,"56,999,239,089",/market-activity/stocks/all,US_NASDAQ_ALL
AFL,AFLAC Incorporated Common Stock,$113.66,0.11,0.097%,"56,982,679,251",/market-activity/stocks/afl,US_NASDAQ_AFL
VALE,VALE S.A.  American Depositary Shares Each Representing one common share,$13.30,-0.29,-2.134%,"56,784,540,895",/market-activity/stocks/vale,US_NASDAQ_VALE
TFC,Truist Financial Corporation Common Stock,$46.44,-0.65,-1.38%,"56,732,320,171",/market-activity/stocks/tfc,US_NASDAQ_TFC
CRH,CRH PLC Ordinary Shares,$84.53,0.78,0.931%,"56,579,262,187",/market-activity/stocks/crh,US_NASDAQ_CRH
GRMN,Garmin Ltd. Common Stock (Switzerland),$290.23,-3.82,-1.299%,"55,971,591,523",/market-activity/stocks/grmn,US_NASDAQ_GRMN
DAL,"Delta Air Lines, Inc. Common Stock",$84.87,0.84,1.00%,"55,812,466,556",/market-activity/stocks/dal,US_NASDAQ_DAL
BKR,Baker Hughes Company Class A Common Stock,$55.92,-1.20,-2.101%,"55,510,334,050",/market-activity/stocks/bkr,US_NASDAQ_BKR
LNG,"Cheniere Energy, Inc. Common Stock",$267.29,-2.36,-0.875%,"55,204,515,092",/market-activity/stocks/lng,US_NASDAQ_LNG
OXY,Occidental Petroleum Corporation Common Stock,$54.94,-1.16,-2.068%,"54,920,077,163",/market-activity/stocks/oxy,US_NASDAQ_OXY
OKE,"ONEOK, Inc. Common Stock",$86.86,-1.76,-1.986%,"54,753,909,276",/market-activity/stocks/oke,US_NASDAQ_OKE
NUE,Nucor Corporation Common Stock,$236.24,-8.25,-3.374%,"53,597,109,698",/market-activity/stocks/nue,US_NASDAQ_NUE
D,"Dominion Energy, Inc. Common Stock",$60.64,0.36,0.597%,"53,334,453,547",/market-activity/stocks/d,US_NASDAQ_D
NKE,"Nike, Inc. Common Stock",$35.84,-0.55,-1.511%,"53,168,593,516",/market-activity/stocks/nke,US_NASDAQ_NKE
O,Realty Income Corporation Common Stock,$55.14,-0.21,-0.379%,"52,174,462,340",/market-activity/stocks/o,US_NASDAQ_O
CTVA,"Corteva, Inc. Common Stock ",$77.87,0.13,0.167%,"51,954,552,520",/market-activity/stocks/ctva,US_NASDAQ_CTVA
SOMN,Southern Company (The) 2025 Series A Corporate Units,$45.12,0.48,1.075%,"51,904,377,026",/market-activity/stocks/somn,US_NASDAQ_SOMN
CAH,"Cardinal Health, Inc. Common Stock",$223.91,3.62,1.643%,"51,848,452,939",/market-activity/stocks/cah,US_NASDAQ_CAH
MT,Arcelor Mittal NY Registry Shares NEW,$67.96,-1.89,-2.706%,"51,726,110,659",/market-activity/stocks/mt,US_NASDAQ_MT
FANG,"Diamondback Energy, Inc. Common Stock",$183.95,-1.28,-0.691%,"51,510,479,734",/market-activity/stocks/fang,US_NASDAQ_FANG
NDAQ,"Nasdaq, Inc. Common Stock",$91.85,-0.77,-0.831%,"51,342,071,618",/market-activity/stocks/ndaq,US_NASDAQ_NDAQ
DVN,Devon Energy Corporation Common Stock,$46.60,-0.13,-0.278%,"51,260,000,000",/market-activity/stocks/dvn,US_NASDAQ_DVN
SRE,DBA Sempra Common Stock,$78.18,1.29,1.678%,"51,121,929,207",/market-activity/stocks/sre,US_NASDAQ_SRE
EW,Edwards Lifesciences Corporation Common Stock,$88.08,1.25,1.44%,"50,769,312,000",/market-activity/stocks/ew,US_NASDAQ_EW
HBANL,"Huntington Bancshares Incorporated Depositary Shares, Each Representing a 1/40th Interest in a Share of 6.875% Series J Non-Cumulative Perpetual Preferred Stock",$25.07,-0.11,-0.437%,"50,651,799,688",/market-activity/stocks/hbanl,US_NASDAQ_HBANL
CIEN,Ciena Corporation Common Stock,$354.92,10.73,3.117%,"50,330,681,693",/market-activity/stocks/cien,US_NASDAQ_CIEN
PSA,Public Storage Common Stock,$285.58,0.79,0.277%,"50,153,883,448",/market-activity/stocks/psa,US_NASDAQ_PSA
COIN,"Coinbase Global, Inc. Class A Common Stock",$190.02,-1.77,-0.923%,"50,134,292,108",/market-activity/stocks/coin,US_NASDAQ_COIN
BDX,"Becton, Dickinson and Company Common Stock",$181.97,-1.86,-1.012%,"49,566,225,996",/market-activity/stocks/bdx,US_NASDAQ_BDX
A,"Agilent Technologies, Inc. Common Stock",$175.03,-0.18,-0.103%,"49,346,007,316",/market-activity/stocks/a,US_NASDAQ_A
HONA,Honeywell Aerospace Inc. Common Stock ,$155.44,3.12,2.048%,"49,267,131,574",/market-activity/stocks/hona,US_NASDAQ_HONA
WAB,Westinghouse Air Brake Technologies Corporation Common Stock,$291.23,-1.14,-0.39%,"49,191,907,137",/market-activity/stocks/wab,US_NASDAQ_WAB
STT,State Street Corporation Common Stock,$177.78,-1.95,-1.085%,"48,836,479,782",/market-activity/stocks/stt,US_NASDAQ_STT
VMRK,Vivmark Residential Common Shares of Beneficial Interest,$61.35,-0.02,-0.033%,"48,313,125,000",/market-activity/stocks/vmrk,US_NASDAQ_VMRK
F,Ford Motor Company Common Stock,$12.30,-0.08,-0.646%,"48,175,946,169",/market-activity/stocks/f,US_NASDAQ_F
ROK,"Rockwell Automation, Inc. Common Stock",$431.53,0.31,0.072%,"48,018,048,938",/market-activity/stocks/rok,US_NASDAQ_ROK
AU,AngloGold Ashanti PLC Ordinary Shares,$94.63,1.86,2.005%,"47,860,944,695",/market-activity/stocks/au,US_NASDAQ_AU
FNV,Franco-Nevada Corporation,$247.94,2.13,0.867%,"47,821,132,451",/market-activity/stocks/fnv,US_NASDAQ_FNV
STM,STMicroelectronics N.V. Common Stock,$53.24,0.50,0.948%,"47,519,106,821",/market-activity/stocks/stm,US_NASDAQ_STM
DEO,Diageo plc Common Stock,$85.34,-0.90,-1.044%,"47,504,506,392",/market-activity/stocks/deo,US_NASDAQ_DEO
CRWV,"CoreWeave, Inc. Class A Common Stock",$85.93,0.86,1.011%,"47,393,540,210",/market-activity/stocks/crwv,US_NASDAQ_CRWV
VST,Vistra Corp. Common Stock,$140.83,2.81,2.036%,"47,267,504,512",/market-activity/stocks/vst,US_NASDAQ_VST
AZO,"AutoZone, Inc. Common Stock","$2,875.97",-37.31,-1.281%,"46,951,231,219",/market-activity/stocks/azo,US_NASDAQ_AZO
EBAY,eBay Inc. Common Stock,$105.21,-2.11,-1.966%,"46,818,450,000",/market-activity/stocks/ebay,US_NASDAQ_EBAY
ETR,Entergy Corporation Common Stock,$99.76,1.66,1.692%,"46,551,158,240",/market-activity/stocks/etr,US_NASDAQ_ETR
HUM,Humana Inc. Common Stock,$386.87,-2.76,-0.708%,"46,455,468,756",/market-activity/stocks/hum,US_NASDAQ_HUM
CCEP,Coca-Cola Europacific Partners plc Ordinary Shares,$102.29,-0.58,-0.564%,"46,437,863,072",/market-activity/stocks/ccep,US_NASDAQ_CCEP
TEVA,Teva Pharmaceutical Industries Limited Ordinary Shares,$39.81,0.93,2.392%,"46,390,437,104",/market-activity/stocks/teva,US_NASDAQ_TEVA
CBRS,Cerebras Systems Inc. Class A Common Stock,$194.95,-1.79,-0.91%,"46,313,109,793",/market-activity/stocks/cbrs,US_NASDAQ_CBRS
FITB,Fifth Third Bancorp Common Stock,$50.97,-0.60,-1.163%,"46,224,313,987",/market-activity/stocks/fitb,US_NASDAQ_FITB
PYPL,"PayPal Holdings, Inc. Common Stock",$53.89,-0.39,-0.718%,"46,100,786,500",/market-activity/stocks/pypl,US_NASDAQ_PYPL
MDLN,Medline Inc. Class A Common Stock,$34.98,-0.09,-0.257%,"45,988,468,070",/market-activity/stocks/mdln,US_NASDAQ_MDLN
KB,KB Financial Group Inc,$127.90,0.73,0.574%,"45,863,369,644",/market-activity/stocks/kb,US_NASDAQ_KB
CARR,Carrier Global Corporation Common Stock ,$55.38,-0.49,-0.877%,"45,651,121,657",/market-activity/stocks/carr,US_NASDAQ_CARR
WDAY,"Workday, Inc. Class A Common Stock",$189.17,0.57,0.302%,"45,589,970,000",/market-activity/stocks/wday,US_NASDAQ_WDAY
ABEV,Ambev S.A. American Depositary Shares (Each representing 1 Common Share),$2.88,0.01,0.348%,"45,393,519,617",/market-activity/stocks/abev,US_NASDAQ_ABEV
SMCIP,"Super Micro Computer, Inc. Depositary Shares representing a 1/20th Interest in a Share of 7% Series A Mandatory Convertible Preferred Stock",$68.74,-1.19,-1.702%,"45,159,800,496",/market-activity/stocks/smcip,US_NASDAQ_SMCIP
VEEV,Veeva Systems Inc. Class A Common Stock,$278.57,-1.39,-0.496%,"45,102,948,345",/market-activity/stocks/veev,US_NASDAQ_VEEV
AMP,"Ameriprise Financial, Inc. Common Stock",$497.32,1.16,0.234%,"44,707,617,815",/market-activity/stocks/amp,US_NASDAQ_AMP
TWLO,Twilio Inc. Class A Common Stock,$290.78,3.80,1.324%,"44,656,602,472",/market-activity/stocks/twlo,US_NASDAQ_TWLO
VTR,"Ventas, Inc. Common Stock",$86.91,-0.13,-0.149%,"44,580,168,061",/market-activity/stocks/vtr,US_NASDAQ_VTR
TEAM,Atlassian Corporation Class A Common Stock,$175.96,-2.58,-1.445%,"44,542,305,887",/market-activity/stocks/team,US_NASDAQ_TEAM
XYZ,"Block, Inc. Class A Common Stock,",$74.05,0.74,1.009%,"44,488,869,750",/market-activity/stocks/xyz,US_NASDAQ_XYZ
IQV,"IQVIA Holdings, Inc. Common Stock",$268.99,-1.98,-0.731%,"44,275,754,000",/market-activity/stocks/iqv,US_NASDAQ_IQV
XEL,Xcel Energy Inc. Common Stock,$70.69,1.30,1.873%,"44,155,399,091",/market-activity/stocks/xel,US_NASDAQ_XEL
LHX,"L3Harris Technologies, Inc. Common Stock",$236.47,-1.23,-0.517%,"44,034,170,246",/market-activity/stocks/lhx,US_NASDAQ_LHX
SLF,Sun Life Financial Inc. Common Stock,$79.06,-0.42,-0.528%,"44,025,731,404",/market-activity/stocks/slf,US_NASDAQ_SLF
RVMD,"Revolution Medicines, Inc. Common Stock",$204.48,2.74,1.358%,"43,827,510,753",/market-activity/stocks/rvmd,US_NASDAQ_RVMD
RKLB,Rocket Lab Corporation Common Stock,$69.70,-2.49,-3.449%,"43,754,853,808",/market-activity/stocks/rklb,US_NASDAQ_RKLB
STRF,Strategy Inc 10.00% Series A Perpetual Strife Preferred Stock,$103.83,0.28,0.27%,"43,660,203,821",/market-activity/stocks/strf,US_NASDAQ_STRF
WAT,Waters Corporation Common Stock,$443.26,0.32,0.072%,"43,549,457,682",/market-activity/stocks/wat,US_NASDAQ_WAT
P,"Everpure, Inc. Class A common stock",$130.05,0.65,0.502%,"43,336,203,993",/market-activity/stocks/p,US_NASDAQ_P
FERG,Ferguson Enterprises Inc. Common Stock,$223.87,-3.43,-1.509%,"43,308,259,755",/market-activity/stocks/ferg,US_NASDAQ_FERG
INFY,Infosys Limited American Depositary Shares,$10.64,0.12,1.141%,"43,159,671,368",/market-activity/stocks/infy,US_NASDAQ_INFY
IX,ORIX Corporation American Depositary Shares,$38.23,-0.80,-2.05%,"42,974,596,236",/market-activity/stocks/ix,US_NASDAQ_IX
HEI,Heico Corporation Common Stock,$307.11,2.50,0.821%,"42,920,896,650",/market-activity/stocks/hei,US_NASDAQ_HEI
MCHP,Microchip Technology Incorporated Common Stock,$78.78,0.81,1.039%,"42,778,224,677",/market-activity/stocks/mchp,US_NASDAQ_MCHP
ADSK,"Autodesk, Inc. Common Stock",$203.18,-4.01,-1.935%,"42,464,620,000",/market-activity/stocks/adsk,US_NASDAQ_ADSK
BSBR,"Banco Santander Brasil SA American Depositary Shares, each representing one unit",$5.68,-0.03,-0.525%,"42,436,405,384",/market-activity/stocks/bsbr,US_NASDAQ_BSBR
KDP,Keurig Dr Pepper Inc. Common Stock,$31.03,-0.43,-1.367%,"42,226,431,959",/market-activity/stocks/kdp,US_NASDAQ_KDP
CLS,"Celestica, Inc. Common Stock",$366.47,9.94,2.788%,"42,134,194,522",/market-activity/stocks/cls,US_NASDAQ_CLS
FLEX,Flex Ltd. Ordinary Shares,$113.83,0.79,0.699%,"42,049,140,986",/market-activity/stocks/flex,US_NASDAQ_FLEX
IDXX,"IDEXX Laboratories, Inc. Common Stock",$533.44,4.38,0.828%,"42,024,998,519",/market-activity/stocks/idxx,US_NASDAQ_IDXX
EXC,Exelon Corporation Common Stock,$40.65,0.33,0.818%,"41,961,123,759",/market-activity/stocks/exc,US_NASDAQ_EXC
STRC,Strategy Inc Variable Rate Series A Perpetual Stretch Preferred Stock,$99.56,0.46,0.464%,"41,864,681,619",/market-activity/stocks/strc,US_NASDAQ_STRC
TRI,Thomson Reuters Corporation Common Shares,$96.24,-1.09,-1.12%,"41,691,168,000",/market-activity/stocks/tri,US_NASDAQ_TRI
HMC,"Honda Motor Company, Ltd. Common Stock",$32.09,-0.40,-1.231%,"41,637,635,461",/market-activity/stocks/hmc,US_NASDAQ_HMC
ONC,BeOne Medicines Ltd. American Depositary Shares,$365.27,-1.73,-0.471%,"41,531,884,612",/market-activity/stocks/onc,US_NASDAQ_ONC
WDS,"Woodside Energy Group Limited American Depositary Shares, each representing one Ordinary Share",$21.70,-0.39,-1.766%,"41,253,873,103",/market-activity/stocks/wds,US_NASDAQ_WDS
NTAP,"NetApp, Inc. Common Stock",$209.18,4.77,2.334%,"41,086,927,466",/market-activity/stocks/ntap,US_NASDAQ_NTAP
ILMN,"Illumina, Inc. Common Stock",$272.00,0.10,0.037%,"41,072,000,000",/market-activity/stocks/ilmn,US_NASDAQ_ILMN
FMX,Fomento Economico Mexicano S.A.B. de C.V. Common Stock,$119.61,0.76,0.639%,"40,748,910,387",/market-activity/stocks/fmx,US_NASDAQ_FMX
HBANM,Huntington Bancshares Incorporated Depositary Shares each representing a 1/1000th interest in a share of Huntington Series I Preferred Stock,$20.01,0.02,0.10%,"40,428,500,668",/market-activity/stocks/hbanm,US_NASDAQ_HBANM
CMG,"Chipotle Mexican Grill, Inc. Common Stock",$31.88,0.03,0.094%,"40,341,525,840",/market-activity/stocks/cmg,US_NASDAQ_CMG
LYV,"Live Nation Entertainment, Inc. Common Stock",$171.09,-0.80,-0.465%,"40,314,597,107",/market-activity/stocks/lyv,US_NASDAQ_LYV
HLN,Haleon plc American Depositary Shares (Each representing two Ordinary Shares),$9.07,-0.10,-1.091%,"39,892,348,735",/market-activity/stocks/hln,US_NASDAQ_HLN
WCN,"Waste Connections, Inc. Common Shares",$155.56,-0.60,-0.384%,"39,702,805,356",/market-activity/stocks/wcn,US_NASDAQ_WCN
PRU,"Prudential Financial, Inc. Common Stock",$115.06,-1.03,-0.887%,"39,695,700,000",/market-activity/stocks/pru,US_NASDAQ_PRU
AIG,"American International Group, Inc. New Common Stock",$75.27,2.49,3.421%,"39,358,168,831",/market-activity/stocks/aig,US_NASDAQ_AIG
ARES,Ares Management Corporation Class A Common Stock,$118.97,0.63,0.532%,"39,293,081,934",/market-activity/stocks/ares,US_NASDAQ_ARES
FER,Ferrovial N.V. Ordinary Shares,$54.57,-1.20,-2.152%,"39,260,809,527",/market-activity/stocks/fer,US_NASDAQ_FER
MSCI,MSCI Inc. Common Stock,$539.76,-2.96,-0.545%,"39,240,552,000",/market-activity/stocks/msci,US_NASDAQ_MSCI
IBKR,"Interactive Brokers Group, Inc. Class A Common Stock",$86.18,-0.90,-1.034%,"39,046,276,777",/market-activity/stocks/ibkr,US_NASDAQ_IBKR
DHI,"D.R. Horton, Inc. Common Stock",$139.40,-0.02,-0.014%,"38,990,356,620",/market-activity/stocks/dhi,US_NASDAQ_DHI
SHG,Shinhan Financial Group Co Ltd American Depositary Shares,$81.79,0.67,0.826%,"38,821,980,186",/market-activity/stocks/shg,US_NASDAQ_SHG
SYY,Sysco Corporation Common Stock,$78.49,-0.08,-0.102%,"38,610,326,720",/market-activity/stocks/syy,US_NASDAQ_SYY
ADM,Archer-Daniels-Midland Company Common Stock,$79.40,-0.98,-1.219%,"38,267,590,890",/market-activity/stocks/adm,US_NASDAQ_ADM
ED,"Consolidated Edison, Inc. Common Stock",$103.33,0.50,0.486%,"38,214,392,648",/market-activity/stocks/ed,US_NASDAQ_ED
TTWO,"Take-Two Interactive Software, Inc. Common Stock",$202.78,0.43,0.213%,"37,915,894,232",/market-activity/stocks/ttwo,US_NASDAQ_TTWO
CBRE,CBRE Group Inc Common Stock Class A,$130.84,0.49,0.376%,"37,888,031,990",/market-activity/stocks/cbre,US_NASDAQ_CBRE
HBANZ,"Huntington Bancshares Incorporated Depositary Shares, Each Representing a 1/1000th Interest in a Share of 5.50% Series L Non-Cumulative Perpetual Preferred Stock",$18.73,-0.24,-1.265%,"37,842,369,691",/market-activity/stocks/hbanz,US_NASDAQ_HBANZ
CCJ,Cameco Corporation Common Stock,$86.88,-0.16,-0.184%,"37,839,105,129",/market-activity/stocks/ccj,US_NASDAQ_CCJ
VOD,Vodafone Group Plc American Depositary Shares,$16.33,-0.25,-1.508%,"37,792,455,558",/market-activity/stocks/vod,US_NASDAQ_VOD
YUM,"Yum! Brands, Inc.",$137.73,-0.55,-0.398%,"37,586,666,437",/market-activity/stocks/yum,US_NASDAQ_YUM
BBD,Banco Bradesco Sa American Depositary Shares,$3.36,0.01,0.299%,"37,582,252,613",/market-activity/stocks/bbd,US_NASDAQ_BBD
ODFL,"Old Dominion Freight Line, Inc. Common Stock",$177.46,0.61,0.345%,"36,797,506,140",/market-activity/stocks/odfl,US_NASDAQ_ODFL
UAL,"United Airlines Holdings, Inc. Common Stock",$112.65,1.14,1.022%,"36,564,361,916",/market-activity/stocks/ual,US_NASDAQ_UAL
MCHPP,Microchip Technology Incorporated Depositary Shares Each Representing a 1/20th Interest in a Share of 7.50% Series A Mandatory Convertible Preferred Stock,$67.31,0.53,0.794%,"36,549,914,991",/market-activity/stocks/mchpp,US_NASDAQ_MCHPP
BTSGU,"BrightSpring Health Services, Inc. Tangible Equity Unit",$184.31,-4.12,-2.186%,"36,468,358,259",/market-activity/stocks/btsgu,US_NASDAQ_BTSGU
BAP,Credicorp Ltd. Common Stock,$384.03,-1.92,-0.497%,"36,245,641,198",/market-activity/stocks/bap,US_NASDAQ_BAP
CRDO,Credo Technology Group Holding Ltd Ordinary Shares,$192.35,-0.32,-0.166%,"36,152,551,427",/market-activity/stocks/crdo,US_NASDAQ_CRDO
KR,Kroger Company (The) Common Stock,$60.79,1.10,1.843%,"35,901,887,073",/market-activity/stocks/kr,US_NASDAQ_KR
OKTA,"Okta, Inc. Class A Common Stock",$204.88,2.70,1.335%,"35,817,311,729",/market-activity/stocks/okta,US_NASDAQ_OKTA
CHT,"Chunghwa Telecom Co., Ltd.",$45.59,-0.39,-0.848%,"35,366,198,776",/market-activity/stocks/cht,US_NASDAQ_CHT
PAYX,"Paychex, Inc. Common Stock",$99.31,0.01,0.01%,"35,352,420,774",/market-activity/stocks/payx,US_NASDAQ_PAYX
JD,"JD.com, Inc. American Depositary Shares",$26.30,-0.31,-1.165%,"35,347,200,000",/market-activity/stocks/jd,US_NASDAQ_JD
VIK,Viking Holdings Ltd Ordinary Shares,$78.71,-0.59,-0.744%,"35,087,819,130",/market-activity/stocks/vik,US_NASDAQ_VIK
ROP,"Roper Technologies, Inc. Common Stock",$349.45,-4.55,-1.285%,"34,560,910,419",/market-activity/stocks/rop,US_NASDAQ_ROP
KVUE,Kenvue Inc. Common Stock,$17.91,0.03,0.168%,"34,401,052,794",/market-activity/stocks/kvue,US_NASDAQ_KVUE
CCL,Carnival Corporation Ltd. Common Shares,$25.11,2.97,13.415%,"34,391,889,378",/market-activity/stocks/ccl,US_NASDAQ_CCL
NTR,Nutrien Ltd. Common Shares,$71.18,-0.80,-1.111%,"34,306,071,745",/market-activity/stocks/ntr,US_NASDAQ_NTR
BBDO,Banco Bradesco Sa American Depositary Shares (each representing one Common Share),$3.06,0.02,0.658%,"34,226,694,344",/market-activity/stocks/bbdo,US_NASDAQ_BBDO
EL,"Estee Lauder Companies, Inc. (The) Common Stock",$94.37,-1.20,-1.256%,"34,142,930,768",/market-activity/stocks/el,US_NASDAQ_EL
HIG,"The Hartford Insurance Group, Inc. Common Stock",$125.85,-0.19,-0.151%,"34,089,241,452",/market-activity/stocks/hig,US_NASDAQ_HIG
AXON,"Axon Enterprise, Inc. Common Stock",$419.58,-5.17,-1.217%,"34,085,594,586",/market-activity/stocks/axon,US_NASDAQ_AXON
ALNY,"Alnylam Pharmaceuticals, Inc. Common Stock",$254.07,-1.29,-0.505%,"33,996,882,610",/market-activity/stocks/alny,US_NASDAQ_ALNY
EC,Ecopetrol S.A. American Depositary Shares,$16.52,-0.18,-1.078%,"33,962,389,822",/market-activity/stocks/ec,US_NASDAQ_EC
UI,Ubiquiti Inc. Common Stock,$559.32,5.95,1.075%,"33,854,734,061",/market-activity/stocks/ui,US_NASDAQ_UI
PEG,Public Service Enterprise Group Incorporated Common Stock,$67.68,0.95,1.424%,"33,733,067,630",/market-activity/stocks/peg,US_NASDAQ_PEG
EME,"EMCOR Group, Inc. Common Stock",$762.03,-3.49,-0.456%,"33,613,067,859",/market-activity/stocks/eme,US_NASDAQ_EME
TKO,"TKO Group Holdings, Inc. Class A Common Stock",$177.58,-4.00,-2.203%,"33,610,515,635",/market-activity/stocks/tko,US_NASDAQ_TKO
PPLC,PPL Corporation Corporate Units,$44.59,0.45,1.019%,"33,555,974,460",/market-activity/stocks/pplc,US_NASDAQ_PPLC
BIIB,Biogen Inc. Common Stock,$227.07,-1.62,-0.708%,"33,550,500,326",/market-activity/stocks/biib,US_NASDAQ_BIIB
RPRX,Royalty Pharma plc Class A Ordinary Shares ,$58.22,-0.15,-0.257%,"33,476,570,097",/market-activity/stocks/rprx,US_NASDAQ_RPRX
WEC,"WEC Energy Group, Inc. Common Stock",$102.58,1.13,1.114%,"33,425,629,708",/market-activity/stocks/wec,US_NASDAQ_WEC
JBL,Jabil Inc. Common Stock,$318.84,-0.09,-0.028%,"33,410,315,457",/market-activity/stocks/jbl,US_NASDAQ_JBL
IRM,Iron Mountain Incorporated (Delaware)Common Stock REIT,$111.50,0.45,0.405%,"33,193,863,538",/market-activity/stocks/irm,US_NASDAQ_IRM
RKT,"Rocket Companies, Inc. Class A Common Stock",$11.69,0.05,0.43%,"33,101,899,901",/market-activity/stocks/rkt,US_NASDAQ_RKT
KMB,Kimberly-Clark Corporation Common Stock,$98.99,0.22,0.223%,"32,921,998,972",/market-activity/stocks/kmb,US_NASDAQ_KMB
GFI,Gold Fields Limited American Depositary Shares,$36.78,1.60,4.548%,"32,918,991,805",/market-activity/stocks/gfi,US_NASDAQ_GFI
ESLT,Elbit Systems Ltd. Ordinary Shares,$703.37,-0.90,-0.128%,"32,712,988,204",/market-activity/stocks/eslt,US_NASDAQ_ESLT
ALC,Alcon Inc. Ordinary Shares,$65.44,0.18,0.276%,"32,700,368,000",/market-activity/stocks/alc,US_NASDAQ_ALC
DXCM,"DexCom, Inc. Common Stock",$86.64,-0.04,-0.046%,"32,694,536,680",/market-activity/stocks/dxcm,US_NASDAQ_DXCM
PCG,Pacific Gas & Electric Co. Common Stock,$12.18,0.23,1.925%,"32,643,745,841",/market-activity/stocks/pcg,US_NASDAQ_PCG
QSR,Restaurant Brands International Inc. Common Shares,$71.48,0.05,0.07%,"32,488,295,672",/market-activity/stocks/qsr,US_NASDAQ_QSR
ACGL,Arch Capital Group Ltd. Common Stock,$95.12,0.22,0.232%,"32,457,714,465",/market-activity/stocks/acgl,US_NASDAQ_ACGL
HSY,The Hershey Company Common Stock,$161.41,-3.00,-1.825%,"32,431,410,296",/market-activity/stocks/hsy,US_NASDAQ_HSY
ZS,"Zscaler, Inc. Common Stock",$198.355,-1.035,-0.519%,"32,342,714,622",/market-activity/stocks/zs,US_NASDAQ_ZS
RMD,ResMed Inc. Common Stock,$222.83,0.73,0.329%,"32,143,741,346",/market-activity/stocks/rmd,US_NASDAQ_RMD
STLD,"Steel Dynamics, Inc.",$221.90,-8.49,-3.685%,"31,804,502,727",/market-activity/stocks/stld,US_NASDAQ_STLD
TECK,Teck Resources Ltd Ordinary Shares,$64.85,-0.31,-0.476%,"31,746,852,526",/market-activity/stocks/teck,US_NASDAQ_TECK
NTRS,Northern Trust Corporation Common Stock,$172.94,-1.61,-0.922%,"31,640,350,630",/market-activity/stocks/ntrs,US_NASDAQ_NTRS
PUK,Prudential Public Limited Company Common Stock,$25.23,0.03,0.119%,"31,532,399,100",/market-activity/stocks/puk,US_NASDAQ_PUK
HBANP,Huntington Bancshares Incorporated Depositary Shares 4.500% Series H Non-Cumulative Perpetual Preferred Stock,$15.60,-0.12,-0.763%,"31,518,471,286",/market-activity/stocks/hbanp,US_NASDAQ_HBANP
VMC,Vulcan Materials Company (Holding Company) Common Stock,$242.75,-3.40,-1.381%,"31,455,238,892",/market-activity/stocks/vmc,US_NASDAQ_VMC
ERIC,Ericsson American Depositary Shares,$9.32,0.0579,0.625%,"31,420,998,170",/market-activity/stocks/eric,US_NASDAQ_ERIC
MTB,M&T Bank Corporation Common Stock,$217.50,-2.94,-1.334%,"31,410,536,985",/market-activity/stocks/mtb,US_NASDAQ_MTB
STRK,Strategy Inc 8.00% Series A Perpetual Strike Preferred Stock,$74.66,-0.49,-0.652%,"31,394,306,244",/market-activity/stocks/strk,US_NASDAQ_STRK
VG,"Venture Global, Inc. Class A common stock",$12.54,-0.35,-2.715%,"31,351,164,352",/market-activity/stocks/vg,US_NASDAQ_VG
HBAN,Huntington Bancshares Incorporated Common Stock,$15.27,-0.03,-0.196%,"30,851,734,393",/market-activity/stocks/hban,US_NASDAQ_HBAN
MTD,"Mettler-Toledo International, Inc. Common Stock","$1,537.33",-7.93,-0.513%,"30,802,803,247",/market-activity/stocks/mtd,US_NASDAQ_MTD
RJF,"Raymond James Financial, Inc. Common Stock",$159.85,-1.31,-0.813%,"30,749,019,503",/market-activity/stocks/rjf,US_NASDAQ_RJF
CNC,Centene Corporation Common Stock,$62.21,-0.32,-0.512%,"30,731,428,950",/market-activity/stocks/cnc,US_NASDAQ_CNC
STRD,Strategy Inc 10.00% Series A Perpetual Stride Preferred Stock,$72.98,0.43,0.593%,"30,687,871,279",/market-activity/stocks/strd,US_NASDAQ_STRD
EQT,EQT Corporation Common Stock,$48.88,-0.99,-1.985%,"30,575,222,080",/market-activity/stocks/eqt,US_NASDAQ_EQT
EXPE,"Expedia Group, Inc. Common Stock",$266.33,2.10,0.795%,"30,493,690,650",/market-activity/stocks/expe,US_NASDAQ_EXPE
AGNCN,"AGNC Investment Corp. Depositary Shares Each Representing a 1/1,000th Interest in a Share of 7.00% Series C Fixed-To-Floating Rate Cumulative Redeemable Preferred Stock",$25.64,-0.03,-0.117%,"30,395,744,301",/market-activity/stocks/agncn,US_NASDAQ_AGNCN
AGNCO,"AGNC Investment Corp. Depositary Shares, each representing a 1/1,000th interest in a share of 6.50% Series E Fixed-to-Floating Cumulative Redeemable Preferred Stock",$25.57,0.03,0.117%,"30,312,760,600",/market-activity/stocks/agnco,US_NASDAQ_AGNCO
SUNB,"Sunbelt Rentals Holdings, Inc. Common Stock",$73.78,-1.11,-1.482%,"30,232,454,101",/market-activity/stocks/sunb,US_NASDAQ_SUNB
AGNCL,"AGNC Investment Corp. Depositary Shares Each Representing a 1/1,000th Interest in a Share of 7.75% Series G Fixed-Rate Reset Cumulative Redeemable Preferred Stock",$25.43,0.02,0.079%,"30,146,793,197",/market-activity/stocks/agncl,US_NASDAQ_AGNCL
GEHC,GE HealthCare Technologies Inc. Common Stock ,$66.46,-0.32,-0.479%,"30,019,068,308",/market-activity/stocks/gehc,US_NASDAQ_GEHC
AGNCP,"AGNC Investment Corp. Depositary Shares Each Representing a 1/1,000th Interest in a Share of 6.125% Series F Fixed-to-Floating Rate Cumulative Redeemable Preferred Stock",$25.18,-0.02,-0.079%,"29,850,422,835",/market-activity/stocks/agncp,US_NASDAQ_AGNCP
AGNCM,AGNC Investment Corp. Depositary Shares rep 6.875% Series D Fixed-to-Floating Cumulative Redeemable Preferred Stock,$25.12,0.01,0.04%,"29,779,293,949",/market-activity/stocks/agncm,US_NASDAQ_AGNCM
IR,Ingersoll Rand Inc. Common Stock,$76.48,0.10,0.131%,"29,674,196,330",/market-activity/stocks/ir,US_NASDAQ_IR
AGNCZ,"AGNC Investment Corp. Depositary Shares Each Representing a 1/1,000th Interest in a Share of 8.75% Series H Fixed-Rate Cumulative Redeemable Preferred Stock",$25.02,UNCH,--,"29,660,745,804",/market-activity/stocks/agncz,US_NASDAQ_AGNCZ
ON,ON Semiconductor Corporation Common Stock,$75.95,0.30,0.397%,"29,568,748,657",/market-activity/stocks/on,US_NASDAQ_ON
BIDU,"Baidu, Inc. ADS",$86.71,-0.26,-0.299%,"29,503,308,062",/market-activity/stocks/bidu,US_NASDAQ_BIDU
CQP,"Cheniere Energy Partners, LP Common Units",$60.90,-1.90,-3.025%,"29,479,114,174",/market-activity/stocks/cqp,US_NASDAQ_CQP
RBLX,Roblox Corporation Class A Common Stock,$41.18,-0.68,-1.624%,"29,418,001,250",/market-activity/stocks/rblx,US_NASDAQ_RBLX
CBOE,"Cboe Global Markets, Inc. Common Stock",$261.75,8.49,3.352%,"29,268,557,813",/market-activity/stocks/cboe,US_NASDAQ_CBOE
RYAAY,Ryanair Holdings plc American Depositary Shares,$55.49,0.36,0.653%,"29,200,712,952",/market-activity/stocks/ryaay,US_NASDAQ_RYAAY
TS,Tenaris S.A. American Depositary Shares,$55.05,-1.07,-1.907%,"29,146,240,722",/market-activity/stocks/ts,US_NASDAQ_TS
ZTS,Zoetis Inc. Class A Common Stock,$70.30,-1.13,-1.582%,"29,049,619,221",/market-activity/stocks/zts,US_NASDAQ_ZTS
KGC,Kinross Gold Corporation Common Stock,$24.32,0.21,0.871%,"29,040,512,000",/market-activity/stocks/kgc,US_NASDAQ_KGC
MLM,"Martin Marietta Materials, Inc. Common Stock",$479.09,-11.68,-2.38%,"28,776,942,807",/market-activity/stocks/mlm,US_NASDAQ_MLM
NMR,Nomura Holdings Inc ADR American Depositary Shares,$9.91,-0.11,-1.098%,"28,752,251,890",/market-activity/stocks/nmr,US_NASDAQ_NMR
CCI,Crown Castle Inc. Common Stock,$67.07,-0.03,-0.045%,"28,535,296,294",/market-activity/stocks/cci,US_NASDAQ_CCI
EXR,Extra Space Storage Inc Common Stock,$133.49,1.81,1.375%,"28,202,373,297",/market-activity/stocks/exr,US_NASDAQ_EXR
TDY,Teledyne Technologies Incorporated Common Stock,$605.59,-5.24,-0.858%,"28,072,532,012",/market-activity/stocks/tdy,US_NASDAQ_TDY
RDDT,"Reddit, Inc. Class A Common Stock",$145.36,2.28,1.594%,"27,966,756,694",/market-activity/stocks/rddt,US_NASDAQ_RDDT
KHC,The Kraft Heinz Company Common Stock,$23.45,-0.11,-0.467%,"27,807,567,125",/market-activity/stocks/khc,US_NASDAQ_KHC
AEE,Ameren Corporation Common Stock,$100.25,0.86,0.865%,"27,753,535,913",/market-activity/stocks/aee,US_NASDAQ_AEE
HPQ,HP Inc. Common Stock,$30.73,-0.59,-1.884%,"27,712,036,477",/market-activity/stocks/hpq,US_NASDAQ_HPQ
MDB,"MongoDB, Inc. Class A Common Stock",$337.19,2.51,0.75%,"27,162,792,622",/market-activity/stocks/mdb,US_NASDAQ_MDB
FTS,Fortis Inc. Common Shares,$53.06,-0.06,-0.113%,"27,108,354,000",/market-activity/stocks/fts,US_NASDAQ_FTS
WSM,"Williams-Sonoma, Inc. Common Stock (DE)",$229.96,-1.07,-0.463%,"27,084,498,623",/market-activity/stocks/wsm,US_NASDAQ_WSM
DG,Dollar General Corporation Common Stock,$122.64,-1.73,-1.391%,"27,056,443,126",/market-activity/stocks/dg,US_NASDAQ_DG
FTI,TechnipFMC plc Ordinary Share,$68.85,-1.77,-2.506%,"27,000,518,114",/market-activity/stocks/fti,US_NASDAQ_FTI
SMCI,"Super Micro Computer, Inc. Common Stock",$41.02,-0.76,-1.819%,"26,948,720,052",/market-activity/stocks/smci,US_NASDAQ_SMCI
CFG,"Citizens Financial Group, Inc. Common Stock",$63.89,-0.91,-1.404%,"26,908,984,985",/market-activity/stocks/cfg,US_NASDAQ_CFG
WTW,Willis Towers Watson Public Limited Company Ordinary Shares,$288.57,-3.54,-1.212%,"26,800,054,860",/market-activity/stocks/wtw,US_NASDAQ_WTW
SYF,Synchrony Financial Common Stock,$71.72,0.20,0.28%,"26,683,967,343",/market-activity/stocks/syf,US_NASDAQ_SYF
GFS,GlobalFoundries Inc. Ordinary Shares,$47.86,0.08,0.167%,"26,678,054,340",/market-activity/stocks/gfs,US_NASDAQ_GFS
ATO,Atmos Energy Corporation Common Stock,$157.60,0.55,0.35%,"26,632,595,953",/market-activity/stocks/ato,US_NASDAQ_ATO
WST,"West Pharmaceutical Services, Inc. Common Stock",$376.63,0.98,0.261%,"26,505,623,242",/market-activity/stocks/wst,US_NASDAQ_WST
TSEM,Tower Semiconductor Ltd. Ordinary Shares,$234.43,8.39,3.712%,"26,497,857,330",/market-activity/stocks/tsem,US_NASDAQ_TSEM
ROIV,Roivant Sciences Ltd. Common Shares,$36.50,-0.48,-1.298%,"26,364,790,048",/market-activity/stocks/roiv,US_NASDAQ_ROIV
FOXA,Fox Corporation Class A Common Stock,$62.48,-0.58,-0.92%,"26,346,167,903",/market-activity/stocks/foxa,US_NASDAQ_FOXA
Q,"Qnity Electronics, Inc. Common Stock",$125.61,0.70,0.56%,"26,278,685,086",/market-activity/stocks/q,US_NASDAQ_Q
HAL,Halliburton Company Common Stock,$31.54,-0.89,-2.744%,"26,276,931,775",/market-activity/stocks/hal,US_NASDAQ_HAL
NVT,nVent Electric plc Ordinary Shares ,$161.68,1.18,0.735%,"26,169,191,578",/market-activity/stocks/nvt,US_NASDAQ_NVT
ECHO,EchoStar  Corporation Common Stock,$89.89,0.67,0.751%,"26,141,436,217",/market-activity/stocks/echo,US_NASDAQ_ECHO
PBA,Pembina Pipeline Corp. Ordinary Shares (Canada),$44.53,-0.52,-1.154%,"25,896,644,150",/market-activity/stocks/pba,US_NASDAQ_PBA
AWK,"American Water Works Company, Inc. Common Stock",$129.80,0.87,0.675%,"25,795,022,772",/market-activity/stocks/awk,US_NASDAQ_AWK
CPAY,"Corpay, Inc. Common Stock",$392.70,-3.53,-0.891%,"25,784,524,527",/market-activity/stocks/cpay,US_NASDAQ_CPAY
ZM,"Zoom Communications, Inc. Class A Common Stock",$88.355,1.055,1.208%,"25,780,549,785",/market-activity/stocks/zm,US_NASDAQ_ZM
ATI,ATI Inc. Common Stock,$188.95,8.28,4.583%,"25,729,393,868",/market-activity/stocks/ati,US_NASDAQ_ATI
SN,"SharkNinja, Inc. Ordinary Shares",$182.44,0.45,0.247%,"25,700,605,947",/market-activity/stocks/sn,US_NASDAQ_SN
DGX,Quest Diagnostics Incorporated Common Stock,$231.97,-5.65,-2.378%,"25,603,308,319",/market-activity/stocks/dgx,US_NASDAQ_DGX
CTSH,Cognizant Technology Solutions Corporation Class A Common Stock,$56.84,0.09,0.159%,"25,603,248,840",/market-activity/stocks/ctsh,US_NASDAQ_CTSH
DOV,Dover Corporation Common Stock,$189.70,-1.78,-0.93%,"25,548,838,683",/market-activity/stocks/dov,US_NASDAQ_DOV
VICI,VICI Properties Inc. Common Stock,$23.20,0.01,0.043%,"25,544,999,438",/market-activity/stocks/vici,US_NASDAQ_VICI
DTE,DTE Energy Company Common Stock,$122.39,1.56,1.291%,"25,467,898,765",/market-activity/stocks/dte,US_NASDAQ_DTE
WRB,W.R. Berkley Corporation Common Stock,$68.22,0.56,0.828%,"25,325,142,028",/market-activity/stocks/wrb,US_NASDAQ_WRB
VRSN,"VeriSign, Inc. Common Stock",$279.84,-2.23,-0.791%,"25,269,552,000",/market-activity/stocks/vrsn,US_NASDAQ_VRSN
FE,FirstEnergy Corp. Common Stock,$43.64,0.62,1.441%,"25,251,846,632",/market-activity/stocks/fe,US_NASDAQ_FE
INSM,Insmed Incorporated Common Stock,$115.63,-2.04,-1.734%,"25,251,453,192",/market-activity/stocks/insm,US_NASDAQ_INSM
CPRT,"Copart, Inc. (DE) Common Stock",$27.14,-0.08,-0.294%,"25,126,523,621",/market-activity/stocks/cprt,US_NASDAQ_CPRT
SYM,Symbotic Inc. Class A Common Stock,$41.51,-0.49,-1.167%,"25,105,318,899",/market-activity/stocks/sym,US_NASDAQ_SYM
LH,Labcorp Holdings Inc. Common Stock,$308.81,-0.76,-0.246%,"25,044,491,000",/market-activity/stocks/lh,US_NASDAQ_LH
OTIS,Otis Worldwide Corporation Common Stock ,$65.63,-0.70,-1.055%,"24,983,328,719",/market-activity/stocks/otis,US_NASDAQ_OTIS
INCY,Incyte Corp. Common Stock,$123.20,-1.62,-1.298%,"24,972,362,307",/market-activity/stocks/incy,US_NASDAQ_INCY
CPNG,"Coupang, Inc. Class A Common Stock",$13.85,0.10,0.727%,"24,895,537,073",/market-activity/stocks/cpng,US_NASDAQ_CPNG
LVS,Las Vegas Sands Corp. Common Stock,$38.32,-0.46,-1.186%,"24,819,909,371",/market-activity/stocks/lvs,US_NASDAQ_LVS
FFIV,"F5, Inc. Common Stock",$438.07,2.51,0.576%,"24,806,669,619",/market-activity/stocks/ffiv,US_NASDAQ_FFIV
BNTX,BioNTech SE American Depositary Share,$98.57,-0.51,-0.515%,"24,761,214,357",/market-activity/stocks/bntx,US_NASDAQ_BNTX
CINF,Cincinnati Financial Corporation Common Stock,$161.13,-0.79,-0.488%,"24,729,917,391",/market-activity/stocks/cinf,US_NASDAQ_CINF
PPL,PPL Corporation Common Stock,$32.58,0.47,1.464%,"24,517,910,920",/market-activity/stocks/ppl,US_NASDAQ_PPL
EXPD,"Expeditors International of Washington, Inc. Common Stock",$188.16,-0.42,-0.223%,"24,459,035,436",/market-activity/stocks/expd,US_NASDAQ_EXPD
PFG,Principal Financial Group Inc Common Stock,$113.97,-0.67,-0.584%,"24,401,505,935",/market-activity/stocks/pfg,US_NASDAQ_PFG
PHG,Koninklijke Philips N.V. NY Registry Shares,$24.77,-0.34,-1.354%,"24,346,056,174",/market-activity/stocks/phg,US_NASDAQ_PHG
CNP,"CenterPoint Energy, Inc (Holding Co) Common Stock",$36.94,0.32,0.874%,"24,333,127,439",/market-activity/stocks/cnp,US_NASDAQ_CNP
TCOM,Trip.com Group Limited American Depositary Shares,$38.64,-1.26,-3.158%,"24,331,809,778",/market-activity/stocks/tcom,US_NASDAQ_TCOM
LPLA,LPL Financial Holdings Inc. Common Stock,$308.05,-4.63,-1.481%,"24,256,562,435",/market-activity/stocks/lpla,US_NASDAQ_LPLA
HUBB,Hubbell Inc Common Stock,$459.09,-6.63,-1.424%,"24,254,905,020",/market-activity/stocks/hubb,US_NASDAQ_HUBB
FISV,"Fiserv, Inc. Common Stock",$45.36,-0.66,-1.434%,"24,120,938,465",/market-activity/stocks/fisv,US_NASDAQ_FISV
ES,Eversource Energy (D/B/A) Common Stock,$63.90,0.62,0.98%,"24,069,516,781",/market-activity/stocks/es,US_NASDAQ_ES
GH,"Guardant Health, Inc. Common Stock",$177.73,0.40,0.226%,"23,850,685,294",/market-activity/stocks/gh,US_NASDAQ_GH
RBRK,"Rubrik, Inc. Class A Common Stock",$114.77,1.68,1.486%,"23,792,329,775",/market-activity/stocks/rbrk,US_NASDAQ_RBRK
ENTG,"Entegris, Inc. Common Stock",$154.77,4.14,2.748%,"23,648,856,000",/market-activity/stocks/entg,US_NASDAQ_ENTG
PPG,"PPG Industries, Inc. Common Stock",$106.02,-0.99,-0.925%,"23,568,246,000",/market-activity/stocks/ppg,US_NASDAQ_PPG
XYL,Xylem Inc. Common Stock New,$100.93,0.02,0.02%,"23,565,823,935",/market-activity/stocks/xyl,US_NASDAQ_XYL
VLTO,Veralto Corp Common Stock ,$96.65,0.45,0.468%,"23,562,626,698",/market-activity/stocks/vlto,US_NASDAQ_VLTO
TW,Tradeweb Markets Inc. Class A Common Stock,$100.61,-0.16,-0.159%,"23,545,583,440",/market-activity/stocks/tw,US_NASDAQ_TW
FOX,Fox Corporation Class B Common Stock,$55.83,-0.72,-1.273%,"23,542,038,316",/market-activity/stocks/fox,US_NASDAQ_FOX
ULTA,"Ulta Beauty, Inc. Common Stock",$547.89,-1.24,-0.226%,"23,426,390,786",/market-activity/stocks/ulta,US_NASDAQ_ULTA
FCNCA,"First Citizens BancShares, Inc. Class A Common Stock","$2,073.46",-24.77,-1.181%,"23,415,832,595",/market-activity/stocks/fcnca,US_NASDAQ_FCNCA
AFRM,"Affirm Holdings, Inc. Class A Common Stock",$69.30,2.09,3.11%,"23,383,293,041",/market-activity/stocks/afrm,US_NASDAQ_AFRM
FWONK,Liberty Media Corporation Series C Common Stock,$93.08,-1.78,-1.876%,"23,335,945,784",/market-activity/stocks/fwonk,US_NASDAQ_FWONK
IHG,Intercontinental Hotels Group American Depositary Shares (Each representing one Ordinary Share),$163.10,1.99,1.235%,"23,279,316,986",/market-activity/stocks/ihg,US_NASDAQ_IHG
SW,Smurfit WestRock plc Ordinary Shares,$44.38,-0.69,-1.531%,"23,278,326,657",/market-activity/stocks/sw,US_NASDAQ_SW
ASTS,"AST SpaceMobile, Inc. Class A Common Stock",$59.40,-1.60,-2.623%,"23,116,549,144",/market-activity/stocks/asts,US_NASDAQ_ASTS
RF,Regions Financial Corporation Common Stock,$26.89,-0.37,-1.357%,"22,908,384,416",/market-activity/stocks/rf,US_NASDAQ_RF
TPR,"Tapestry, Inc. Common Stock",$114.12,0.67,0.591%,"22,795,518,159",/market-activity/stocks/tpr,US_NASDAQ_TPR
TPL,Texas Pacific Land Corporation Common Stock,$328.70,-9.45,-2.795%,"22,671,978,302",/market-activity/stocks/tpl,US_NASDAQ_TPL
ROKU,"Roku, Inc. Class A Common Stock",$152.14,-0.53,-0.347%,"22,580,461,944",/market-activity/stocks/roku,US_NASDAQ_ROKU
BSP,Bending Spoons S.p.A. Ordinary Shares,$32.755,-0.805,-2.399%,"22,544,588,472",/market-activity/stocks/bsp,US_NASDAQ_BSP
CHD,"Church & Dwight Company, Inc. Common Stock",$94.95,-0.67,-0.701%,"22,522,510,970",/market-activity/stocks/chd,US_NASDAQ_CHD
AER,AerCap Holdings N.V. Ordinary Shares,$145.10,-1.41,-0.962%,"22,407,802,432",/market-activity/stocks/aer,US_NASDAQ_AER
CIB,Grupo Cibest S.A. American Depositary Shares each representing four Preferred Shares,$93.77,1.42,1.538%,"22,345,734,761",/market-activity/stocks/cib,US_NASDAQ_CIB
TROW,"T. Rowe Price Group, Inc. Common Stock",$104.51,0.70,0.674%,"22,293,639,484",/market-activity/stocks/trow,US_NASDAQ_TROW
DRI,"Darden Restaurants, Inc. Common Stock",$195.11,-1.91,-0.969%,"22,257,752,532",/market-activity/stocks/dri,US_NASDAQ_DRI
IOT,Samsara Inc. Class A Common Stock,$37.97,0.04,0.105%,"22,235,429,786",/market-activity/stocks/iot,US_NASDAQ_IOT
PHM,"PulteGroup, Inc. Common Stock",$118.50,-0.63,-0.529%,"22,213,125,990",/market-activity/stocks/phm,US_NASDAQ_PHM
CASY,"Casey's General Stores, Inc. Common Stock",$599.90,-6.34,-1.046%,"22,172,404,183",/market-activity/stocks/casy,US_NASDAQ_CASY
GPN,Global Payments Inc. Common Stock,$83.33,-1.37,-1.617%,"22,050,650,439",/market-activity/stocks/gpn,US_NASDAQ_GPN
BNH,"Brookfield Finance Inc. 4.625% Subordinated Notes due October 16, 2080",$14.62,-0.14,-0.949%,"22,043,991,614",/market-activity/stocks/bnh,US_NASDAQ_BNH
IFF,"International Flavors & Fragrances, Inc. Common Stock",$85.25,-0.47,-0.548%,"21,751,534,346",/market-activity/stocks/iff,US_NASDAQ_IFF
MTSI,"MACOM Technology Solutions Holdings, Inc. Common Stock",$284.27,5.71,2.05%,"21,709,964,555",/market-activity/stocks/mtsi,US_NASDAQ_MTSI
RIVN,"Rivian Automotive, Inc. Class A Common Stock",$14.97,0.18,1.217%,"21,674,473,631",/market-activity/stocks/rivn,US_NASDAQ_RIVN
BNJ,Brookfield Finance Inc. 4.50% Perpetual Subordinated Notes,$14.37,-0.05,-0.347%,"21,667,042,373",/market-activity/stocks/bnj,US_NASDAQ_BNJ
L,Loews Corporation Common Stock,$105.93,0.98,0.934%,"21,655,028,380",/market-activity/stocks/l,US_NASDAQ_L
VRSK,"Verisk Analytics, Inc. Common Stock",$165.94,-1.83,-1.091%,"21,598,088,631",/market-activity/stocks/vrsk,US_NASDAQ_VRSK
MKL,Markel Group Inc. Common Stock,"$1,740.09",-0.31,-0.018%,"21,559,642,016",/market-activity/stocks/mkl,US_NASDAQ_MKL
JBHT,"J.B. Hunt Transport Services, Inc. Common Stock",$229.28,3.21,1.42%,"21,532,817,214",/market-activity/stocks/jbht,US_NASDAQ_JBHT
KEY,KeyCorp Common Stock,$20.12,-0.28,-1.373%,"21,470,626,506",/market-activity/stocks/key,US_NASDAQ_KEY
PS,Pershing Square Inc. Common Stock,$53.56,-5.61,-9.481%,"21,424,000,000",/market-activity/stocks/ps,US_NASDAQ_PS
FWONA,Liberty Media Corporation Series A Common Stock,$85.35,-1.27,-1.466%,"21,397,969,195",/market-activity/stocks/fwona,US_NASDAQ_FWONA
DLTR,Dollar Tree Inc. Common Stock,$113.30,-2.72,-2.344%,"21,258,512,877",/market-activity/stocks/dltr,US_NASDAQ_DLTR
CRCL,"Circle Internet Group, Inc. Class A Common Stock",$83.70,-2.10,-2.448%,"21,249,411,240",/market-activity/stocks/crcl,US_NASDAQ_CRCL
RL,Ralph Lauren Corporation Common Stock,$355.92,-1.24,-0.347%,"21,206,510,505",/market-activity/stocks/rl,US_NASDAQ_RL
VTRS,Viatris Inc. Common Stock,$18.12,-0.15,-0.821%,"20,812,466,456",/market-activity/stocks/vtrs,US_NASDAQ_VTRS
PKG,Packaging Corporation of America Common Stock,$233.28,-1.24,-0.529%,"20,784,851,191",/market-activity/stocks/pkg,US_NASDAQ_PKG
BG,Bunge Limited Common Shares,$108.14,-0.92,-0.844%,"20,775,761,961",/market-activity/stocks/bg,US_NASDAQ_BG
XPO,"XPO, Inc. Common Stock",$177.37,0.71,0.402%,"20,767,626,297",/market-activity/stocks/xpo,US_NASDAQ_XPO
THC,Tenet Healthcare Corporation Common Stock,$257.60,-0.33,-0.128%,"20,741,694,400",/market-activity/stocks/thc,US_NASDAQ_THC
UTHR,United Therapeutics Corporation Common Stock,$481.47,-4.07,-0.838%,"20,650,581,477",/market-activity/stocks/uthr,US_NASDAQ_UTHR
SNX,TD SYNNEX Corporation Common Stock,$258.19,1.44,0.561%,"20,644,550,179",/market-activity/stocks/snx,US_NASDAQ_SNX
AMRZ,Amrize Ltd Ordinary Shares,$37.71,-0.34,-0.894%,"20,624,566,035",/market-activity/stocks/amrz,US_NASDAQ_AMRZ
EIX,Edison International Common Stock,$53.56,2.09,4.061%,"20,610,636,715",/market-activity/stocks/eix,US_NASDAQ_EIX
LUV,Southwest Airlines Company Common Stock,$42.08,-0.20,-0.473%,"20,585,881,098",/market-activity/stocks/luv,US_NASDAQ_LUV
ARXS,"Arxis, Inc. Class A Common Stock",$49.25,0.81,1.672%,"20,560,612,723",/market-activity/stocks/arxs,US_NASDAQ_ARXS
SOFI,"SoFi Technologies, Inc. Common Stock  ",$15.91,-0.02,-0.126%,"20,548,883,855",/market-activity/stocks/sofi,US_NASDAQ_SOFI
STE,STERIS plc (Ireland) Ordinary Shares,$210.65,-0.35,-0.166%,"20,538,398,172",/market-activity/stocks/ste,US_NASDAQ_STE
NRG,"NRG Energy, Inc. Common Stock",$97.17,0.17,0.175%,"20,426,152,633",/market-activity/stocks/nrg,US_NASDAQ_NRG
SOJC,"Southern Company (The) Series 2017B 5.25% Junior Subordinated Notes due December 1, 2077",$18.50,-0.13,-0.698%,"20,350,877,030",/market-activity/stocks/sojc,US_NASDAQ_SOJC
OMC,Omnicom Group Inc. Common Stock,$74.14,-0.96,-1.278%,"20,340,009,993",/market-activity/stocks/omc,US_NASDAQ_OMC
BCH,Banco De Chile ADS,$40.25,-1.20,-2.895%,"20,329,687,592",/market-activity/stocks/bch,US_NASDAQ_BCH
BPYPM,"Brookfield Property Partners L.P. 6.25% Class A Cumulative Redeemable Preferred Units, Series 1",$16.37,0.39,2.441%,"20,277,969,208",/market-activity/stocks/bpypm,US_NASDAQ_BPYPM
BRO,"Brown & Brown, Inc. Common Stock",$60.60,0.36,0.598%,"20,277,387,634",/market-activity/stocks/bro,US_NASDAQ_BRO
USFD,US Foods Holding Corp. Common Stock,$93.70,-0.02,-0.021%,"20,270,188,745",/market-activity/stocks/usfd,US_NASDAQ_USFD
RGLD,"Royal Gold, Inc. Common Stock",$238.93,-1.39,-0.578%,"20,244,026,873",/market-activity/stocks/rgld,US_NASDAQ_RGLD
AQNB,"Algonquin Power & Utilities Corp. 6.20% Fixed-to-Floating Subordinated Notes Series 2019-A due July 1, 2079",$26.19,0.09,0.345%,"20,114,574,776",/market-activity/stocks/aqnb,US_NASDAQ_AQNB
LEN,Lennar Corporation Class A Common Stock,$83.01,0.98,1.195%,"19,996,705,737",/market-activity/stocks/len,US_NASDAQ_LEN
DOW,Dow Inc. Common Stock ,$27.61,-0.28,-1.004%,"19,943,827,031",/market-activity/stocks/dow,US_NASDAQ_DOW
CMS,CMS Energy Corporation Common Stock,$63.45,0.85,1.358%,"19,896,469,279",/market-activity/stocks/cms,US_NASDAQ_CMS
YPF,YPF Sociedad Anonima American Depositary Shares,$50.31,-1.06,-2.063%,"19,787,566,616",/market-activity/stocks/ypf,US_NASDAQ_YPF
RS,"Reliance, Inc. Common Stock",$387.19,-4.34,-1.108%,"19,767,813,150",/market-activity/stocks/rs,US_NASDAQ_RS
CW,Curtiss-Wright Corporation Common Stock,$533.85,1.49,0.28%,"19,717,452,929",/market-activity/stocks/cw,US_NASDAQ_CW
AMCR,Amcor plc Ordinary Shares,$42.46,-0.33,-0.771%,"19,631,197,997",/market-activity/stocks/amcr,US_NASDAQ_AMCR
SITM,SiTime Corporation Common Stock,$651.43,-5.22,-0.795%,"19,589,174,981",/market-activity/stocks/sitm,US_NASDAQ_SITM
EXE,Expand Energy Corporation Common Stock,$84.18,-1.13,-1.325%,"19,487,988,958",/market-activity/stocks/exe,US_NASDAQ_EXE
WWD,"Woodward, Inc. Common Stock",$329.78,3.84,1.178%,"19,472,130,520",/market-activity/stocks/wwd,US_NASDAQ_WWD
WF,Woori Financial Group Inc. American Depositary Shares (each representing three (3) shares of Common Stock),$79.68,0.42,0.53%,"19,416,391,803",/market-activity/stocks/wf,US_NASDAQ_WF
CRS,Carpenter Technology Corporation Common Stock,$391.74,6.44,1.671%,"19,414,072,645",/market-activity/stocks/crs,US_NASDAQ_CRS
STZ,"Constellation Brands, Inc. Common Stock",$112.77,-0.15,-0.133%,"19,258,684,002",/market-activity/stocks/stz,US_NASDAQ_STZ
SOJD,"Southern Company (The) Series 2020A 4.95% Junior Subordinated Notes due January 30, 2080",$17.44,-0.11,-0.627%,"19,184,826,778",/market-activity/stocks/sojd,US_NASDAQ_SOJD
PAAS,Pan American Silver Corp. Common Stock,$46.14,0.37,0.808%,"19,130,474,520",/market-activity/stocks/paas,US_NASDAQ_PAAS
BEP,Brookfield Renewable Partners L.P. Limited Partnership Units,$28.00,0.13,0.466%,"19,045,567,100",/market-activity/stocks/bep,US_NASDAQ_BEP
FSLR,"First Solar, Inc. Common Stock",$176.93,3.96,2.289%,"19,014,629,591",/market-activity/stocks/fslr,US_NASDAQ_FSLR
SNA,Snap-On Incorporated Common Stock,$367.08,-2.13,-0.577%,"18,987,992,678",/market-activity/stocks/sna,US_NASDAQ_SNA
NTNX,"Nutanix, Inc. Class A Common Stock",$70.09,1.39,2.023%,"18,964,263,846",/market-activity/stocks/ntnx,US_NASDAQ_NTNX
GFL,"GFL Environmental Inc. Subordinate voting shares, no par value",$42.20,0.80,1.932%,"18,951,191,150",/market-activity/stocks/gfl,US_NASDAQ_GFL
SQM,Sociedad Quimica y Minera S.A. Common Stock,$66.08,0.92,1.412%,"18,874,946,353",/market-activity/stocks/sqm,US_NASDAQ_SQM
NI,NiSource Inc Common Stock,$39.32,0.22,0.563%,"18,856,303,132",/market-activity/stocks/ni,US_NASDAQ_NI
LYB,LyondellBasell Industries NV Ordinary Shares Class A (Netherlands),$58.18,-0.09,-0.154%,"18,794,348,047",/market-activity/stocks/lyb,US_NASDAQ_LYB
BCE,"BCE, Inc. Common Stock",$20.14,-0.42,-2.043%,"18,781,069,954",/market-activity/stocks/bce,US_NASDAQ_BCE
DINO,HF Sinclair Corporation Common Stock,$105.59,-0.60,-0.565%,"18,772,196,616",/market-activity/stocks/dino,US_NASDAQ_DINO
BPYPP,Brookfield Property Partners L.P. 6.50% Class A Cumulative Redeemable Perpetual Preferred Units,$15.15,-0.10,-0.656%,"18,766,721,655",/market-activity/stocks/bpypp,US_NASDAQ_BPYPP
BEKE,KE Holdings Inc American Depositary Shares (each representing three Class A Ordinary Shares),$16.60,-0.35,-2.065%,"18,755,342,572",/market-activity/stocks/beke,US_NASDAQ_BEKE
BBY,"Best Buy Co., Inc. Common Stock",$88.75,-1.16,-1.29%,"18,613,333,198",/market-activity/stocks/bby,US_NASDAQ_BBY
WES,"Western Midstream Partners, LP Common Units Representing Limited Partner Interests",$44.94,-0.33,-0.729%,"18,568,066,209",/market-activity/stocks/wes,US_NASDAQ_WES
NDSN,Nordson Corporation Common Stock,$329.53,-1.79,-0.54%,"18,354,612,078",/market-activity/stocks/ndsn,US_NASDAQ_NDSN
BR,"Broadridge Financial Solutions, Inc. Common Stock",$160.95,-1.97,-1.209%,"18,351,808,388",/market-activity/stocks/br,US_NASDAQ_BR
CDE,"Coeur Mining, Inc. Common Stock",$17.84,-0.03,-0.168%,"18,338,360,364",/market-activity/stocks/cde,US_NASDAQ_CDE
ITT,ITT Inc. Common Stock ,$204.54,-2.64,-1.274%,"18,285,876,000",/market-activity/stocks/itt,US_NASDAQ_ITT
SBS,Companhia de saneamento Basico Do Estado De Sao Paulo - Sabesp American Depositary Shares (Each repstg 250 Common Shares),$5.18,0.04,0.778%,"18,257,086,250",/market-activity/stocks/sbs,US_NASDAQ_SBS
PKX,POSCO HOLDINGS INC. American Depositary Shares (Each representing 1/4th of a share of Common Stock),$56.36,-1.48,-2.559%,"18,245,524,699",/market-activity/stocks/pkx,US_NASDAQ_PKX
BPYPO,"Brookfield Property Partners L.P. 6.375% Class A Cumulative Redeemable Perpetual Preferred Units, Series 2",$14.70,-0.05,-0.339%,"18,209,294,279",/market-activity/stocks/bpypo,US_NASDAQ_BPYPO
SSNC,"SS&C Technologies Holdings, Inc. Common Stock",$77.59,-0.41,-0.526%,"18,206,881,140",/market-activity/stocks/ssnc,US_NASDAQ_SSNC
VIV,Telefonica Brasil S.A. American Depositary Shares (Each representing One Common Share),$11.38,0.09,0.797%,"18,183,000,143",/market-activity/stocks/viv,US_NASDAQ_VIV
EVRG,"Evergy, Inc. Common Stock",$78.73,0.82,1.052%,"18,152,553,452",/market-activity/stocks/evrg,US_NASDAQ_EVRG
KSPI,Joint Stock Company Kaspi.kz American Depository Shares,$95.75,-0.07,-0.073%,"18,128,679,274",/market-activity/stocks/kspi,US_NASDAQ_KSPI
GIS,"General Mills, Inc. Common Stock",$33.82,0.22,0.655%,"18,083,119,210",/market-activity/stocks/gis,US_NASDAQ_GIS
MKSI,MKS Inc. Common Stock,$266.02,7.64,2.957%,"17,987,622,779",/market-activity/stocks/mksi,US_NASDAQ_MKSI
TSN,"Tyson Foods, Inc. Common Stock",$50.98,0.03,0.059%,"17,934,841,082",/market-activity/stocks/tsn,US_NASDAQ_TSN
ONON,On Holding AG Class A Ordinary Shares,$29.55,-0.45,-1.50%,"17,831,388,119",/market-activity/stocks/onon,US_NASDAQ_ONON
LSCC,Lattice Semiconductor Corporation Common Stock,$125.45,1.42,1.145%,"17,817,697,622",/market-activity/stocks/lscc,US_NASDAQ_LSCC
WCC,"WESCO International, Inc. Common Stock",$365.06,0.39,0.107%,"17,790,415,681",/market-activity/stocks/wcc,US_NASDAQ_WCC
ZBRA,Zebra Technologies Corporation Class A Common Stock,$375.97,4.10,1.103%,"17,787,388,840",/market-activity/stocks/zbra,US_NASDAQ_ZBRA
PR,Permian Resources Corporation Class A Common Stock,$21.20,-0.10,-0.469%,"17,756,209,015",/market-activity/stocks/pr,US_NASDAQ_PR
IP,International Paper Company Common Stock,$33.32,-0.68,-2.00%,"17,645,268,901",/market-activity/stocks/ip,US_NASDAQ_IP
TOST,"Toast, Inc. Class A Common Stock",$30.46,0.08,0.263%,"17,605,880,000",/market-activity/stocks/tost,US_NASDAQ_TOST
ESS,"Essex Property Trust, Inc. Common Stock",$273.93,0.92,0.337%,"17,605,053,495",/market-activity/stocks/ess,US_NASDAQ_ESS
DD,"DuPont de Nemours, Inc. Common Stock",$130.12,-0.86,-0.657%,"17,571,791,907",/market-activity/stocks/dd,US_NASDAQ_DD
CF,"CF Industries Holdings, Inc. Common Stock",$115.71,0.20,0.173%,"17,511,335,022",/market-activity/stocks/cf,US_NASDAQ_CF
GPC,Genuine Parts Company Common Stock,$126.95,-1.18,-0.921%,"17,501,296,278",/market-activity/stocks/gpc,US_NASDAQ_GPC
CHRW,"C.H. Robinson Worldwide, Inc. Common Stock",$149.71,1.47,0.992%,"17,493,801,835",/market-activity/stocks/chrw,US_NASDAQ_CHRW
U,Unity Software Inc. Common Stock,$39.72,-0.14,-0.351%,"17,480,332,419",/market-activity/stocks/u,US_NASDAQ_U
ZBH,"Zimmer Biomet Holdings, Inc. Common Stock",$91.34,-0.28,-0.306%,"17,421,980,513",/market-activity/stocks/zbh,US_NASDAQ_ZBH
MEDP,"Medpace Holdings, Inc. Common Stock",$622.11,6.17,1.002%,"17,364,119,692",/market-activity/stocks/medp,US_NASDAQ_MEDP
FTAI,FTAI Aviation Ltd. Common Stock,$168.93,1.83,1.095%,"17,350,308,883",/market-activity/stocks/ftai,US_NASDAQ_FTAI
SBAC,SBA Communications Corporation Class A Common Stock,$162.81,-0.62,-0.379%,"17,272,205,189",/market-activity/stocks/sbac,US_NASDAQ_SBAC
FIS,"Fidelity National Information Services, Inc. Common Stock",$33.35,-0.96,-2.798%,"17,198,792,332",/market-activity/stocks/fis,US_NASDAQ_FIS
EWBC,"East West Bancorp, Inc. Common Stock",$125.52,-1.20,-0.947%,"17,197,728,165",/market-activity/stocks/ewbc,US_NASDAQ_EWBC
MGA,"Magna International, Inc. Common Stock",$64.56,-0.08,-0.124%,"17,137,732,578",/market-activity/stocks/mga,US_NASDAQ_MGA
RVTY,"Revvity, Inc. Common Stock",$152.77,1.75,1.159%,"17,047,054,481",/market-activity/stocks/rvty,US_NASDAQ_RVTY
NWS,News Corporation Class B Common Stock,$31.50,-0.74,-2.295%,"17,024,049,095",/market-activity/stocks/nws,US_NASDAQ_NWS
IEX,IDEX Corporation Common Stock,$230.43,-0.72,-0.311%,"16,987,275,635",/market-activity/stocks/iex,US_NASDAQ_IEX
SOJE,"Southern Company (The) Series 2020C 4.20% Junior Subordinated Notes due October 15, 2060",$15.51,-0.14,-0.895%,"16,976,714,581",/market-activity/stocks/soje,US_NASDAQ_SOJE
BURL,"Burlington Stores, Inc. Common Stock",$270.05,3.66,1.374%,"16,963,243,410",/market-activity/stocks/burl,US_NASDAQ_BURL
PAA,"Plains All American Pipeline, L.P. Common Units representing Limited Partner Interests",$23.93,-0.60,-2.446%,"16,884,205,388",/market-activity/stocks/paa,US_NASDAQ_PAA
MTZ,"MasTec, Inc. Common Stock",$210.23,6.14,3.008%,"16,882,509,218",/market-activity/stocks/mtz,US_NASDAQ_MTZ
SMTC,Semtech Corporation Common Stock,$180.10,5.32,3.044%,"16,807,945,243",/market-activity/stocks/smtc,US_NASDAQ_SMTC
AEG,Aegon Ltd. New York Registry Shares,$8.79,-0.01,-0.114%,"16,779,674,983",/market-activity/stocks/aeg,US_NASDAQ_AEG
FDXF,"FedEx Freight Holding Company, Inc. Common Stock",$112.06,-0.24,-0.214%,"16,755,001,984",/market-activity/stocks/fdxf,US_NASDAQ_FDXF
APG,APi Group Corporation Common Stock,$38.75,0.40,1.043%,"16,746,211,509",/market-activity/stocks/apg,US_NASDAQ_APG
FTV,Fortive Corporation Common Stock ,$55.41,-0.35,-0.628%,"16,734,764,851",/market-activity/stocks/ftv,US_NASDAQ_FTV
IONQ,"IonQ, Inc. Common Stock",$43.91,-0.67,-1.503%,"16,729,811,608",/market-activity/stocks/ionq,US_NASDAQ_IONQ
LNT,Alliant Energy Corporation Common Stock,$64.34,1.13,1.788%,"16,682,377,534",/market-activity/stocks/lnt,US_NASDAQ_LNT
RCI,"Rogers Communication, Inc. Common Stock",$30.87,-0.56,-1.782%,"16,676,723,462",/market-activity/stocks/rci,US_NASDAQ_RCI
OVV,Ovintiv Inc. (DE),$58.83,-0.70,-1.176%,"16,631,241,000",/market-activity/stocks/ovv,US_NASDAQ_OVV
DT,"Dynatrace, Inc. Common Stock",$57.53,-0.31,-0.536%,"16,626,292,424",/market-activity/stocks/dt,US_NASDAQ_DT
NVR,"NVR, Inc. Common Stock","$6,234.63",-33.26,-0.531%,"16,614,416,102",/market-activity/stocks/nvr,US_NASDAQ_NVR
BEN,"Franklin Templeton, Inc. Common Stock",$32.67,-0.01,-0.031%,"16,598,872,650",/market-activity/stocks/ben,US_NASDAQ_BEN
EFX,"Equifax, Inc. Common Stock",$140.83,-4.95,-3.396%,"16,545,397,904",/market-activity/stocks/efx,US_NASDAQ_EFX
BPYPN,"Brookfield Property Partners L.P. 5.750% Class A Cumulative Redeemable Perpetual Preferred Units, Series 3",$13.35,UNCH,--,"16,537,012,152",/market-activity/stocks/bpypn,US_NASDAQ_BPYPN
RGA,"Reinsurance Group of America, Incorporated Common Stock",$252.94,-0.03,-0.012%,"16,517,403,145",/market-activity/stocks/rga,US_NASDAQ_RGA
CLH,"Clean Harbors, Inc. Common Stock",$311.68,-1.58,-0.504%,"16,452,729,457",/market-activity/stocks/clh,US_NASDAQ_CLH
TPG,TPG Inc. Class A Common Stock,$43.50,0.01,0.023%,"16,439,466,321",/market-activity/stocks/tpg,US_NASDAQ_TPG
TSCO,Tractor Supply Company Common Stock,$31.51,-0.56,-1.746%,"16,417,974,717",/market-activity/stocks/tsco,US_NASDAQ_TSCO
IREN,IREN Limited Ordinary Shares,$41.38,-0.34,-0.815%,"16,306,146,854",/market-activity/stocks/iren,US_NASDAQ_IREN
BIP,Brookfield Infrastructure Partners LP Limited Partnership Units,$35.49,0.65,1.866%,"16,244,287,499",/market-activity/stocks/bip,US_NASDAQ_BIP
CDW,CDW Corporation Common Stock,$129.71,-0.62,-0.476%,"16,216,010,326",/market-activity/stocks/cdw,US_NASDAQ_CDW
CNH,CNH Industrial N.V. Common Shares,$13.06,-0.20,-1.508%,"16,164,701,011",/market-activity/stocks/cnh,US_NASDAQ_CNH
BMNR,"BitMine Immersion Technologies, Inc. Common Stock",$26.73,-0.11,-0.41%,"16,124,241,512",/market-activity/stocks/bmnr,US_NASDAQ_BMNR
J,Jacobs Solutions Inc. Common Stock,$136.48,-1.89,-1.366%,"15,973,429,629",/market-activity/stocks/j,US_NASDAQ_J
WIT,Wipro Limited Common Stock,$1.61,-0.01,-0.617%,"15,944,715,173",/market-activity/stocks/wit,US_NASDAQ_WIT
RBC,RBC Bearings Incorporated Common Stock,$501.94,-2.26,-0.448%,"15,891,041,435",/market-activity/stocks/rbc,US_NASDAQ_RBC
DOCN,"DigitalOcean Holdings, Inc. Common Stock",$135.01,-1.28,-0.939%,"15,874,415,046",/market-activity/stocks/docn,US_NASDAQ_DOCN
FUTU,Futu Holdings Limited American Depositary Shares,$112.98,0.71,0.632%,"15,836,138,498",/market-activity/stocks/futu,US_NASDAQ_FUTU
BSAC,Banco Santander - Chile ADS,$33.61,-0.27,-0.797%,"15,834,185,804",/market-activity/stocks/bsac,US_NASDAQ_BSAC
INVH,Invitation Homes Inc. Common Stock,$26.57,0.03,0.113%,"15,692,859,115",/market-activity/stocks/invh,US_NASDAQ_INVH
GIB,CGI Inc. Common Stock,$67.62,-0.09,-0.133%,"15,680,292,323",/market-activity/stocks/gib,US_NASDAQ_GIB
DUKB,Duke Energy Corporation 5.625% Junior Subordinated Debentures due 2078,$20.08,-0.05,-0.248%,"15,656,420,035",/market-activity/stocks/dukb,US_NASDAQ_DUKB
AKAM,"Akamai Technologies, Inc. Common Stock",$108.45,-0.54,-0.495%,"15,586,066,246",/market-activity/stocks/akam,US_NASDAQ_AKAM
LDOS,"Leidos Holdings, Inc. Common Stock",$123.10,0.75,0.613%,"15,448,090,928",/market-activity/stocks/ldos,US_NASDAQ_LDOS
STRL,"Sterling Infrastructure, Inc. Common Stock",$504.94,6.58,1.32%,"15,445,366,279",/market-activity/stocks/strl,US_NASDAQ_STRL
NWSA,News Corporation Class A Common Stock,$28.52,-0.58,-1.993%,"15,413,520,006",/market-activity/stocks/nwsa,US_NASDAQ_NWSA
HST,"Host Hotels & Resorts, Inc. Common Stock",$22.44,-0.22,-0.971%,"15,374,191,514",/market-activity/stocks/hst,US_NASDAQ_HST
TIGO,Millicom International Cellular S.A. Common Stock,$91.74,1.96,2.183%,"15,370,195,652",/market-activity/stocks/tigo,US_NASDAQ_TIGO
NLY,Annaly Capital Management Inc. Common Stock,$20.32,-0.03,-0.147%,"15,315,477,461",/market-activity/stocks/nly,US_NASDAQ_NLY
H,Hyatt Hotels Corporation Class A Common Stock,$162.01,0.82,0.509%,"15,261,601,378",/market-activity/stocks/h,US_NASDAQ_H
SOLV,Solventum Corporation Common Stock,$89.32,-0.22,-0.246%,"15,204,383,474",/market-activity/stocks/solv,US_NASDAQ_SOLV
FN,Fabrinet Ordinary Shares,$424.12,14.16,3.454%,"15,198,282,520",/market-activity/stocks/fn,US_NASDAQ_FN
AS,"Amer Sports, Inc. Ordinary Shares",$27.24,-0.38,-1.376%,"15,190,859,622",/market-activity/stocks/as,US_NASDAQ_AS
ZTO,"ZTO Express (Cayman) Inc. American Depositary Shares, each representing one Class A ordinary share.",$19.60,-0.07,-0.356%,"15,090,053,583",/market-activity/stocks/zto,US_NASDAQ_ZTO
TLN,Talen Energy Corporation Common Stock,$314.84,11.34,3.736%,"15,085,325,304",/market-activity/stocks/tln,US_NASDAQ_TLN
JAZZ,Jazz Pharmaceuticals plc Common Stock (Ireland),$232.35,-5.93,-2.489%,"15,082,901,966",/market-activity/stocks/jazz,US_NASDAQ_JAZZ
CRBG,Corebridge Financial Inc. Common Stock,$33.77,-0.01,-0.03%,"15,053,738,068",/market-activity/stocks/crbg,US_NASDAQ_CRBG
KIM,Kimco Realty Corporation (HC) Common Stock,$22.42,-0.07,-0.311%,"15,039,097,743",/market-activity/stocks/kim,US_NASDAQ_KIM
WPC,W. P. Carey Inc. REIT,$65.98,0.16,0.243%,"15,031,357,676",/market-activity/stocks/wpc,US_NASDAQ_WPC
BALL,Ball Corporation Common Stock,$56.65,-0.48,-0.84%,"14,995,445,174",/market-activity/stocks/ball,US_NASDAQ_BALL
TEM,"Tempus AI, Inc. Class A Common Stock",$82.58,-2.50,-2.938%,"14,992,907,280",/market-activity/stocks/tem,US_NASDAQ_TEM
ASND,Ascendis Pharma A/S Ordinary Share,$228.07,-1.98,-0.861%,"14,978,105,882",/market-activity/stocks/asnd,US_NASDAQ_ASND
ONTO,Onto Innovation Inc. Common Stock,$304.69,15.95,5.524%,"14,952,432,318",/market-activity/stocks/onto,US_NASDAQ_ONTO
PTC,PTC Inc. Common Stock,$137.56,-2.13,-1.525%,"14,926,121,263",/market-activity/stocks/ptc,US_NASDAQ_PTC
SUN,Sunoco LP Common Units representing limited partner interests,$72.61,-2.01,-2.694%,"14,872,316,312",/market-activity/stocks/sun,US_NASDAQ_SUN
LAMR,Lamar Advertising Company Class A Common Stock,$145.96,0.93,0.641%,"14,822,191,877",/market-activity/stocks/lamr,US_NASDAQ_LAMR
APA,APA Corporation Common Stock,$42.19,-0.14,-0.331%,"14,781,330,207",/market-activity/stocks/apa,US_NASDAQ_APA
RBA,"RB Global, Inc. Common Stock",$81.39,0.62,0.768%,"14,775,255,979",/market-activity/stocks/rba,US_NASDAQ_RBA
LECO,"Lincoln Electric Holdings, Inc. Common Shares",$270.81,-0.37,-0.136%,"14,760,704,053",/market-activity/stocks/leco,US_NASDAQ_LECO
EMA,Emera Incorporated Common Shares,$47.93,0.17,0.356%,"14,724,096,000",/market-activity/stocks/ema,US_NASDAQ_EMA
ROL,"Rollins, Inc. Common Stock",$30.50,-0.09,-0.294%,"14,674,934,822",/market-activity/stocks/rol,US_NASDAQ_ROL
LTM,"LATAM Airlines Group S.A. American Depositary Shares (each representing two thousand (2,000) shares of Common Stock)",$51.06,-0.44,-0.854%,"14,659,734,072",/market-activity/stocks/ltm,US_NASDAQ_LTM
CX,"Cemex, S.A.B. de C.V. Sponsored ADR",$9.65,0.12,1.259%,"14,628,590,510",/market-activity/stocks/cx,US_NASDAQ_CX
JHX,James Hardie Industries plc. Ordinary Shares,$25.10,-0.29,-1.142%,"14,571,114,449",/market-activity/stocks/jhx,US_NASDAQ_JHX
EXEL,"Exelixis, Inc. Common Stock",$58.65,0.28,0.48%,"14,532,396,236",/market-activity/stocks/exel,US_NASDAQ_EXEL
PFGC,Performance Food Group Company Common Stock,$91.99,0.02,0.022%,"14,491,463,614",/market-activity/stocks/pfgc,US_NASDAQ_PFGC
OWL,Blue Owl Capital Inc. Class A Common Stock,$9.28,0.13,1.421%,"14,468,375,829",/market-activity/stocks/owl,US_NASDAQ_OWL
WMG,Warner Music Group Corp. Class A Common Stock,$27.62,0.48,1.769%,"14,448,291,820",/market-activity/stocks/wmg,US_NASDAQ_WMG
LOGI,Logitech International S.A. Ordinary Shares,$100.67,0.34,0.339%,"14,414,769,382",/market-activity/stocks/logi,US_NASDAQ_LOGI
VNOM,"Viper Energy, Inc. Class A Common Stock",$40.08,-0.45,-1.11%,"14,396,531,311",/market-activity/stocks/vnom,US_NASDAQ_VNOM
ARMK,Aramark Common Stock,$54.45,0.19,0.35%,"14,354,383,646",/market-activity/stocks/armk,US_NASDAQ_ARMK
SGI,Somnigroup International Inc. Common Stock,$62.26,-0.02,-0.032%,"14,334,691,969",/market-activity/stocks/sgi,US_NASDAQ_SGI
APOS,"Apollo Global Management, Inc. 7.625% Fixed-Rate Resettable Junior Subordinated Notes due 2053",$25.16,-0.02,-0.079%,"14,329,482,258",/market-activity/stocks/apos,US_NASDAQ_APOS
JLL,Jones Lang LaSalle Incorporated Common Stock,$311.00,-3.10,-0.987%,"14,252,110,542",/market-activity/stocks/jll,US_NASDAQ_JLL
KEP,Korea Electric Power Corporation Common Stock,$11.10,0.03,0.271%,"14,251,602,509",/market-activity/stocks/kep,US_NASDAQ_KEP
EQH,"Equitable Holdings, Inc. Common Stock",$52.19,-0.12,-0.229%,"14,249,704,844",/market-activity/stocks/eqh,US_NASDAQ_EQH
EG,"Everest Group, Ltd. Common Stock",$368.81,-0.99,-0.268%,"14,141,183,727",/market-activity/stocks/eg,US_NASDAQ_EG
CG,The Carlyle Group Inc. Common Stock,$39.68,0.16,0.405%,"14,139,285,425",/market-activity/stocks/cg,US_NASDAQ_CG
PNFP,"Pinnacle Financial Partners, Inc. Common stock",$93.52,0.06,0.064%,"14,132,054,093",/market-activity/stocks/pnfp,US_NASDAQ_PNFP
CRL,"Charles River Laboratories International, Inc. Common Stock",$295.96,1.37,0.465%,"14,128,796,557",/market-activity/stocks/crl,US_NASDAQ_CRL
OHI,"Omega Healthcare Investors, Inc. Common Stock",$46.54,-0.14,-0.30%,"14,102,225,020",/market-activity/stocks/ohi,US_NASDAQ_OHI
WY,Weyerhaeuser Company Common Stock,$19.55,-0.17,-0.862%,"14,090,388,800",/market-activity/stocks/wy,US_NASDAQ_WY
NBIX,"Neurocrine Biosciences, Inc. Common Stock",$138.35,-2.09,-1.488%,"14,063,164,191",/market-activity/stocks/nbix,US_NASDAQ_NBIX
WSE,Wise Group plc Class A Ordinary Shares,$11.38,-0.12,-1.043%,"13,991,747,679",/market-activity/stocks/wse,US_NASDAQ_WSE
VLYPN,"Valley National Bancorp 8.250% Fixed-Rate Reset Non-Cumulative Perpetual Preferred Stock, Series C",$25.30,-0.07,-0.276%,"13,980,912,218",/market-activity/stocks/vlypn,US_NASDAQ_VLYPN
YUMC,"Yum China Holdings, Inc. Common Stock",$40.80,-0.30,-0.73%,"13,972,291,949",/market-activity/stocks/yumc,US_NASDAQ_YUMC
UNM,Unum Group Common Stock,$88.24,-2.88,-3.161%,"13,968,991,856",/market-activity/stocks/unm,US_NASDAQ_UNM
W,Wayfair Inc. Class A Common Stock,$101.95,3.32,3.366%,"13,963,894,737",/market-activity/stocks/w,US_NASDAQ_W
SLMBP,"SLM Corporation Floating Rate Non-Cumulative Preferred Stock, Series B",$74.00,UNCH,--,"13,908,074,892",/market-activity/stocks/slmbp,US_NASDAQ_SLMBP
ARCC,Ares Capital Corporation Common Stock,$19.36,0.23,1.202%,"13,900,922,279",/market-activity/stocks/arcc,US_NASDAQ_ARCC
EMBJ,Embraer S.A. Common Stock,$76.87,0.34,0.444%,"13,889,758,295",/market-activity/stocks/embj,US_NASDAQ_EMBJ
DOC,"Healthpeak Properties, Inc. Common Stock",$20.13,0.03,0.149%,"13,880,183,744",/market-activity/stocks/doc,US_NASDAQ_DOC
AGI,Alamos Gold Inc. Class A Common Shares,$33.04,0.32,0.978%,"13,875,657,179",/market-activity/stocks/agi,US_NASDAQ_AGI
INIO,INNIO N.V. Ordinary Shares,$18.38,0.22,1.211%,"13,785,000,000",/market-activity/stocks/inio,US_NASDAQ_INIO
VLYPP,"Valley National Bancorp 6.25% Fixed-to-Floating Rate Non-Cumulative Perpetual Preferred Stock, Series A",$24.94,-0.072,-0.288%,"13,781,974,336",/market-activity/stocks/vlypp,US_NASDAQ_VLYPP
SKM,"SK Telecom Co., Ltd. Common Stock",$35.91,0.41,1.155%,"13,774,357,800",/market-activity/stocks/skm,US_NASDAQ_SKM
MAA,"Mid-America Apartment Communities, Inc. Common Stock",$118.43,0.09,0.076%,"13,740,480,368",/market-activity/stocks/maa,US_NASDAQ_MAA
VLYPO,"Valley National Bancorp 5.50% Fixed-to-Floating Rate Non-Cumulative Perpetual Preferred Stock, Series B",$24.85,0.08,0.323%,"13,732,239,866",/market-activity/stocks/vlypo,US_NASDAQ_VLYPO
SUI,"Sun Communities, Inc. Common Stock",$111.89,-0.39,-0.347%,"13,628,309,079",/market-activity/stocks/sui,US_NASDAQ_SUI
KKRS,KKR Group Finance Co. IX LLC 4.625% Subordinated Notes due 2061,$15.12,-0.21,-1.37%,"13,572,250,287",/market-activity/stocks/kkrs,US_NASDAQ_KKRS
RNR,RenaissanceRe Holdings Ltd. Common Stock,$324.53,-0.37,-0.114%,"13,484,835,835",/market-activity/stocks/rnr,US_NASDAQ_RNR
MAS,Masco Corporation Common Stock,$68.37,0.01,0.015%,"13,481,704,589",/market-activity/stocks/mas,US_NASDAQ_MAS
AMKR,"Amkor Technology, Inc. Common Stock",$54.14,0.96,1.805%,"13,451,216,834",/market-activity/stocks/amkr,US_NASDAQ_AMKR
MLI,"Mueller Industries, Inc. Common Stock",$60.79,-0.18,-0.295%,"13,445,616,577",/market-activity/stocks/mli,US_NASDAQ_MLI
CACI,"CACI International, Inc. Class A Common Stock",$608.14,-8.26,-1.34%,"13,439,648,920",/market-activity/stocks/caci,US_NASDAQ_CACI
IVZ,Invesco Ltd Common Stock,$30.42,-0.01,-0.033%,"13,430,423,308",/market-activity/stocks/ivz,US_NASDAQ_IVZ
SWK,"Stanley Black & Decker, Inc. Common Stock",$88.79,0.06,0.068%,"13,408,767,554",/market-activity/stocks/swk,US_NASDAQ_SWK
VICR,Vicor Corporation Common Stock,$290.68,5.58,1.957%,"13,402,304,858",/market-activity/stocks/vicr,US_NASDAQ_VICR
CET,Central Securities Corporation Common Stock,$55.30,0.08,0.145%,"13,383,993,560",/market-activity/stocks/cet,US_NASDAQ_CET
TRMB,Trimble Inc. Common Stock,$57.34,-0.17,-0.296%,"13,370,532,484",/market-activity/stocks/trmb,US_NASDAQ_TRMB
TXT,Textron Inc. Common Stock,$77.63,0.26,0.336%,"13,351,344,367",/market-activity/stocks/txt,US_NASDAQ_TXT
FICO,Fair Isaac Corporation Common Stock,$617.87,-223.02,-26.522%,"13,344,530,737",/market-activity/stocks/fico,US_NASDAQ_FICO
EQX,Equinox Gold Corp. Common Shares,$11.40,0.17,1.514%,"13,309,041,971",/market-activity/stocks/eqx,US_NASDAQ_EQX
REG,Regency Centers Corporation Common Stock,$72.66,-0.67,-0.914%,"13,305,538,945",/market-activity/stocks/reg,US_NASDAQ_REG
HTHT,H World Group Limited American Depositary Shares,$43.14,-0.15,-0.347%,"13,266,577,552",/market-activity/stocks/htht,US_NASDAQ_HTHT
PAG,"Penske Automotive Group, Inc. Common Stock",$201.78,-5.44,-2.625%,"13,249,454,514",/market-activity/stocks/pag,US_NASDAQ_PAG
SWKS,"Skyworks Solutions, Inc. Common Stock",$88.04,0.45,0.514%,"13,247,623,727",/market-activity/stocks/swks,US_NASDAQ_SWKS
ALLE,Allegion plc Ordinary Shares,$155.43,0.05,0.032%,"13,217,267,648",/market-activity/stocks/alle,US_NASDAQ_ALLE
ULS,UL Solutions Inc. Class A Common Stock,$64.92,0.12,0.185%,"13,107,229,391",/market-activity/stocks/uls,US_NASDAQ_ULS
TLK,"PT Telekomunikasi Indonesia, Tbk",$13.20,-0.03,-0.227%,"13,076,212,591",/market-activity/stocks/tlk,US_NASDAQ_TLK
SMMT,Summit Therapeutics Inc. Common Stock ,$16.39,0.91,5.879%,"13,075,115,977",/market-activity/stocks/smmt,US_NASDAQ_SMMT
ICLR,ICON plc Ordinary Shares,$170.35,-5.22,-2.973%,"13,043,243,814",/market-activity/stocks/iclr,US_NASDAQ_ICLR
FLUT,Flutter Entertainment plc Ordinary Shares,$74.45,-2.18,-2.845%,"13,042,233,937",/market-activity/stocks/flut,US_NASDAQ_FLUT
MKC,"McCormick & Company, Incorporated Common Stock",$48.40,-0.06,-0.124%,"13,012,415,117",/market-activity/stocks/mkc,US_NASDAQ_MKC
AIZ,"Assurant, Inc. Common Stock",$263.65,0.12,0.046%,"13,004,211,170",/market-activity/stocks/aiz,US_NASDAQ_AIZ
TU,Telus Corporation Ordinary Shares,$8.16,-0.20,-2.392%,"12,966,240,000",/market-activity/stocks/tu,US_NASDAQ_TU
CHKP,Check Point Software Technologies Ltd. Ordinary Shares,$126.93,-2.34,-1.81%,"12,959,633,474",/market-activity/stocks/chkp,US_NASDAQ_CHKP
TYL,"Tyler Technologies, Inc. Common Stock",$316.26,-7.76,-2.395%,"12,951,566,175",/market-activity/stocks/tyl,US_NASDAQ_TYL
AVY,Avery Dennison Corporation Common Stock,$170.78,-1.11,-0.646%,"12,943,098,891",/market-activity/stocks/avy,US_NASDAQ_AVY
TTMI,"TTM Technologies, Inc. Common Stock",$122.80,-1.39,-1.119%,"12,936,840,499",/market-activity/stocks/ttmi,US_NASDAQ_TTMI
CSL,Carlisle Companies Incorporated Common Stock,$325.66,-0.66,-0.202%,"12,933,304,553",/market-activity/stocks/csl,US_NASDAQ_CSL
IESC,"IES Holdings, Inc. Common Stock",$324.44,2.35,0.73%,"12,928,516,121",/market-activity/stocks/iesc,US_NASDAQ_IESC
BBIO,"BridgeBio Pharma, Inc. Common Stock",$65.97,-0.64,-0.961%,"12,896,308,660",/market-activity/stocks/bbio,US_NASDAQ_BBIO
SJM,The J.M. Smucker Company Common Stock,$120.70,0.07,0.058%,"12,893,558,188",/market-activity/stocks/sjm,US_NASDAQ_SJM
STLA,Stellantis N.V. Common Shares,$4.43,-0.19,-4.113%,"12,835,850,558",/market-activity/stocks/stla,US_NASDAQ_STLA
QNT,Quantinuum Inc. Class A Common Stock,$48.73,-0.38,-0.774%,"12,831,005,760",/market-activity/stocks/qnt,US_NASDAQ_QNT
GRAB,Grab Holdings Limited Class A Ordinary Shares,$3.12,0.025,0.808%,"12,793,503,163",/market-activity/stocks/grab,US_NASDAQ_GRAB
RPM,RPM International Inc. Common Stock,$99.97,-0.23,-0.23%,"12,770,308,958",/market-activity/stocks/rpm,US_NASDAQ_RPM
GL,Globe Life Inc. Common Stock,$166.08,-0.61,-0.366%,"12,763,156,158",/market-activity/stocks/gl,US_NASDAQ_GL
COKE,"Coca-Cola Consolidated, Inc. Common Stock",$190.85,-2.72,-1.405%,"12,703,795,510",/market-activity/stocks/coke,US_NASDAQ_COKE
ALB,Albemarle Corporation Common Stock,$107.62,0.23,0.214%,"12,699,704,234",/market-activity/stocks/alb,US_NASDAQ_ALB
CHTR,"Charter Communications, Inc. Class A Common Stock New",$110.67,-0.73,-0.655%,"12,680,291,040",/market-activity/stocks/chtr,US_NASDAQ_CHTR
HALO,"Halozyme Therapeutics, Inc. Common Stock",$111.56,-1.33,-1.178%,"12,661,836,880",/market-activity/stocks/halo,US_NASDAQ_HALO
GGG,Graco Inc. Common Stock,$78.10,-0.15,-0.192%,"12,648,593,654",/market-activity/stocks/ggg,US_NASDAQ_GGG
BWXT,"BWX Technologies, Inc. Common Stock",$138.01,3.66,2.724%,"12,644,749,460",/market-activity/stocks/bwxt,US_NASDAQ_BWXT
PEN,"Penumbra, Inc. Common Stock",$318.86,-0.32,-0.10%,"12,559,711,099",/market-activity/stocks/pen,US_NASDAQ_PEN
TME,"Tencent Music Entertainment Group American Depositary Shares, each representing two Class A Ordinary Shares",$7.96,-0.41,-4.898%,"12,528,279,820",/market-activity/stocks/tme,US_NASDAQ_TME
GNRC,Generac Holdlings Inc. Common Stock,$212.22,7.01,3.416%,"12,522,329,931",/market-activity/stocks/gnrc,US_NASDAQ_GNRC
TOL,"Toll Brothers, Inc. Common Stock",$135.88,-0.63,-0.462%,"12,520,934,360",/market-activity/stocks/tol,US_NASDAQ_TOL
PAC,"Grupo Aeroportuario Del Pacifico, S.A. B. de C.V. Grupo Aeroportuario Del Pacifico, S.A. de C.V. (each representing 10 Series B shares)",$210.41,-3.41,-1.595%,"12,519,777,946",/market-activity/stocks/pac,US_NASDAQ_PAC
DOCU,"DocuSign, Inc. Common Stock",$66.98,UNCH,--,"12,518,726,235",/market-activity/stocks/docu,US_NASDAQ_DOCU
MAIR,Madison Air Solutions Corporation Class A Common Stock,$24.89,-0.08,-0.32%,"12,487,875,813",/market-activity/stocks/mair,US_NASDAQ_MAIR
GEN,Gen Digital Inc. Common Stock,$20.85,UNCH,--,"12,480,539,617",/market-activity/stocks/gen,US_NASDAQ_GEN
HAS,"Hasbro, Inc. Common Stock",$88.26,-1.19,-1.33%,"12,448,584,657",/market-activity/stocks/has,US_NASDAQ_HAS
LII,"Lennox International, Inc. Common Stock",$360.16,-8.25,-2.239%,"12,447,372,708",/market-activity/stocks/lii,US_NASDAQ_LII
CNA,CNA Financial Corporation Common Stock,$45.99,0.55,1.21%,"12,444,936,679",/market-activity/stocks/cna,US_NASDAQ_CNA
FMS,Fresenius Medical Care AG American Depositary Shares (Each representing 1/2 of an Ordinary Share),$22.27,-0.68,-2.963%,"12,439,526,938",/market-activity/stocks/fms,US_NASDAQ_FMS
BWA,BorgWarner Inc. Common Stock,$60.94,-0.13,-0.213%,"12,411,427,613",/market-activity/stocks/bwa,US_NASDAQ_BWA
WSO,"Watsco, Inc. Common Stock",$300.80,-12.42,-3.965%,"12,408,659,955",/market-activity/stocks/wso,US_NASDAQ_WSO
DTM,"DT Midstream, Inc. Common Stock ",$121.63,-0.34,-0.279%,"12,408,120,452",/market-activity/stocks/dtm,US_NASDAQ_DTM
SEIC,SEI Investments Company Common Stock,$103.35,-1.47,-1.402%,"12,403,982,460",/market-activity/stocks/seic,US_NASDAQ_SEIC
CORT,Corcept Therapeutics Incorporated Common Stock,$114.74,-0.89,-0.77%,"12,403,210,072",/market-activity/stocks/cort,US_NASDAQ_CORT
AIT,"Applied Industrial Technologies, Inc. Common Stock",$336.15,-1.27,-0.376%,"12,348,098,804",/market-activity/stocks/ait,US_NASDAQ_AIT
TWST,Twist Bioscience Corporation Common Stock,$186.13,6.53,3.636%,"12,340,637,517",/market-activity/stocks/twst,US_NASDAQ_TWST
TRU,TransUnion Common Stock,$64.29,-1.90,-2.871%,"12,317,964,000",/market-activity/stocks/tru,US_NASDAQ_TRU
BNT,Brookfield Wealth Solutions Ltd. Class A Exchangeable Limited Voting Shares,$36.42,0.20,0.552%,"12,310,480,442",/market-activity/stocks/bnt,US_NASDAQ_BNT
NVMI,Nova Ltd. Ordinary Shares,$385.12,14.70,3.968%,"12,240,258,177",/market-activity/stocks/nvmi,US_NASDAQ_NVMI
FIVE,"Five Below, Inc. Common Stock",$222.03,-5.97,-2.618%,"12,223,647,391",/market-activity/stocks/five,US_NASDAQ_FIVE
EHC,Encompass Health Corporation Common Stock,$123.56,-0.46,-0.371%,"12,189,612,127",/market-activity/stocks/ehc,US_NASDAQ_EHC
JBS,JBS N.V. Class A Common Shares,$11.37,-0.23,-1.983%,"12,176,464,856",/market-activity/stocks/jbs,US_NASDAQ_JBS
AHR,"American Healthcare REIT, Inc. Common Stock",$52.08,0.18,0.347%,"12,144,285,216",/market-activity/stocks/ahr,US_NASDAQ_AHR
BAX,Baxter International Inc. Common Stock,$23.48,-0.01,-0.043%,"12,139,066,057",/market-activity/stocks/bax,US_NASDAQ_BAX
BJ,"BJ's Wholesale Club Holdings, Inc. Common Stock",$95.49,-1.32,-1.363%,"12,061,789,939",/market-activity/stocks/bj,US_NASDAQ_BJ
QXO,"QXO, Inc. Common Stock",$11.62,-0.50,-4.125%,"12,055,642,039",/market-activity/stocks/qxo,US_NASDAQ_QXO
CR,Crane Company Common Stock,$208.39,1.47,0.71%,"12,045,016,187",/market-activity/stocks/cr,US_NASDAQ_CR
NXT,Nextpower Inc. Common Stock,$79.31,0.18,0.227%,"12,033,668,231",/market-activity/stocks/nxt,US_NASDAQ_NXT
HBM,Hudbay Minerals Inc. Ordinary Shares (Canada),$27.01,0.14,0.521%,"11,996,349,968",/market-activity/stocks/hbm,US_NASDAQ_HBM
GME,GameStop Corporation Common Stock,$23.76,-0.20,-0.835%,"11,986,943,522",/market-activity/stocks/gme,US_NASDAQ_GME
DKS,Dick's Sporting Goods Inc Common Stock,$134.70,0.54,0.403%,"11,978,407,093",/market-activity/stocks/dks,US_NASDAQ_DKS
WTS,"Watts Water Technologies, Inc. Class A Common Stock",$357.69,-0.32,-0.089%,"11,940,783,155",/market-activity/stocks/wts,US_NASDAQ_WTS
SANM,Sanmina Corporation Common Stock,$222.73,2.67,1.213%,"11,937,739,102",/market-activity/stocks/sanm,US_NASDAQ_SANM
GDDY,GoDaddy Inc. Class A Common Stock,$94.06,0.35,0.373%,"11,912,483,038",/market-activity/stocks/gddy,US_NASDAQ_GDDY
SREA,DBA Sempra 5.750% Junior Subordinated Notes due 2079,$18.80,-0.13,-0.687%,"11,903,142,450",/market-activity/stocks/srea,US_NASDAQ_SREA
UHAL,U-Haul Holding Company Common Stock,$60.88,0.16,0.264%,"11,834,675,976",/market-activity/stocks/uhal,US_NASDAQ_UHAL
SAIL,"SailPoint, Inc. Common Stock",$20.67,0.10,0.486%,"11,800,743,454",/market-activity/stocks/sail,US_NASDAQ_SAIL
MDGL,"Madrigal Pharmaceuticals, Inc. Common Stock",$509.44,-7.60,-1.47%,"11,770,165,949",/market-activity/stocks/mdgl,US_NASDAQ_MDGL
IT,"Gartner, Inc. Common Stock",$185.85,0.12,0.065%,"11,736,237,190",/market-activity/stocks/it,US_NASDAQ_IT
TXG,"10x Genomics, Inc. Class A Common Stock",$90.04,1.54,1.74%,"11,731,416,767",/market-activity/stocks/txg,US_NASDAQ_TXG
ARW,"Arrow Electronics, Inc. Common Stock",$230.23,-0.23,-0.10%,"11,719,955,537",/market-activity/stocks/arw,US_NASDAQ_ARW
GWRE,"Guidewire Software, Inc. Common Stock",$142.52,-2.66,-1.832%,"11,685,595,186",/market-activity/stocks/gwre,US_NASDAQ_GWRE
MANH,"Manhattan Associates, Inc. Common Stock",$200.11,-1.77,-0.877%,"11,667,407,947",/market-activity/stocks/manh,US_NASDAQ_MANH
BMRN,BioMarin Pharmaceutical Inc. Common Stock,$59.87,0.41,0.69%,"11,589,260,951",/market-activity/stocks/bmrn,US_NASDAQ_BMRN
CCK,"Crown Holdings, Inc.",$106.35,-1.12,-1.042%,"11,566,680,345",/market-activity/stocks/cck,US_NASDAQ_CCK
HL,Hecla Mining Company Common Stock,$17.15,0.14,0.823%,"11,520,828,592",/market-activity/stocks/hl,US_NASDAQ_HL
ALLY,Ally Financial Inc. Common Stock,$37.81,-0.38,-0.995%,"11,501,790,392",/market-activity/stocks/ally,US_NASDAQ_ALLY
AFG,"American Financial Group, Inc. Common Stock",$138.46,0.28,0.203%,"11,481,306,182",/market-activity/stocks/afg,US_NASDAQ_AFG
HUT,Hut 8 Corp. Common Stock,$92.86,0.15,0.162%,"11,445,874,198",/market-activity/stocks/hut,US_NASDAQ_HUT
HMY,Harmony Gold Mining Company Limited,$17.98,0.24,1.353%,"11,413,123,678",/market-activity/stocks/hmy,US_NASDAQ_HMY
ELS,"Equity Lifestyle Properties, Inc. Common Stock",$58.71,-0.37,-0.626%,"11,393,533,781",/market-activity/stocks/els,US_NASDAQ_ELS
MICC,The Magnum Ice Cream Company N.V. Ordinary Shares,$18.55,-0.25,-1.33%,"11,357,418,158",/market-activity/stocks/micc,US_NASDAQ_MICC
TECH,Bio-Techne Corp Common Stock,$72.38,-0.13,-0.179%,"11,350,504,066",/market-activity/stocks/tech,US_NASDAQ_TECH
AEIS,"Advanced Energy Industries, Inc. Common Stock",$283.30,5.46,1.965%,"11,346,290,219",/market-activity/stocks/aeis,US_NASDAQ_AEIS
FPS,"Forgent Power Solutions, Inc. Class A Common Stock",$37.20,0.61,1.667%,"11,324,754,671",/market-activity/stocks/fps,US_NASDAQ_FPS
PNW,Pinnacle West Capital Corporation Common Stock,$93.40,2.08,2.278%,"11,319,821,656",/market-activity/stocks/pnw,US_NASDAQ_PNW
ELAN,Elanco Animal Health Incorporated Common Stock,$22.61,0.16,0.713%,"11,296,449,576",/market-activity/stocks/elan,US_NASDAQ_ELAN
SNN,"Smith & Nephew SNATS, Inc. Common Stock",$26.95,-0.13,-0.48%,"11,284,195,800",/market-activity/stocks/snn,US_NASDAQ_SNN
PSKY,Paramount Skydance Corporation Class B Common Stock,$9.99,-0.29,-2.821%,"11,208,238,332",/market-activity/stocks/psky,US_NASDAQ_PSKY
AGNC,AGNC Investment Corp. Common Stock,$9.45,-0.01,-0.106%,"11,202,799,674",/market-activity/stocks/agnc,US_NASDAQ_AGNC
RMBS,Rambus Inc. Common Stock,$103.12,1.00,0.979%,"11,184,560,501",/market-activity/stocks/rmbs,US_NASDAQ_RMBS
DVA,DaVita Inc. Common Stock,$175.19,-2.88,-1.617%,"11,177,122,000",/market-activity/stocks/dva,US_NASDAQ_DVA
FROG,JFrog Ltd. Ordinary Shares,$90.37,1.56,1.757%,"11,142,739,475",/market-activity/stocks/frog,US_NASDAQ_FROG
GLPI,"Gaming and Leisure Properties, Inc. Common Stock",$38.27,-0.36,-0.932%,"11,133,510,046",/market-activity/stocks/glpi,US_NASDAQ_GLPI
WTRG,"Essential Utilities, Inc. Common Stock",$39.23,0.27,0.693%,"11,132,634,674",/market-activity/stocks/wtrg,US_NASDAQ_WTRG
AA,Alcoa Corporation Common Stock ,$41.97,-0.28,-0.663%,"11,076,279,407",/market-activity/stocks/aa,US_NASDAQ_AA
FIG,"Figma, Inc. Class A Common Stock",$20.72,0.47,2.321%,"11,043,964,444",/market-activity/stocks/fig,US_NASDAQ_FIG
FNF,"Fidelity National Financial, Inc. Common Stock",$41.16,0.08,0.195%,"11,038,816,759",/market-activity/stocks/fnf,US_NASDAQ_FNF
AMH,American Homes 4 Rent Common Shares of Beneficial Interest,$30.68,0.12,0.393%,"11,019,640,682",/market-activity/stocks/amh,US_NASDAQ_AMH
BTSG,"BrightSpring Health Services, Inc. Common Stock",$55.69,-0.85,-1.503%,"11,019,059,581",/market-activity/stocks/btsg,US_NASDAQ_BTSG
FHN,First Horizon Corporation Common Stock,$23.10,-0.09,-0.388%,"10,944,252,350",/market-activity/stocks/fhn,US_NASDAQ_FHN
HRL,Hormel Foods Corporation Common Stock,$19.85,-0.12,-0.601%,"10,924,463,380",/market-activity/stocks/hrl,US_NASDAQ_HRL
CSGP,"CoStar Group, Inc. Common Stock",$26.95,-0.07,-0.259%,"10,920,074,997",/market-activity/stocks/csgp,US_NASDAQ_CSGP
UDR,"UDR, Inc. Common Stock",$33.95,0.12,0.355%,"10,906,920,337",/market-activity/stocks/udr,US_NASDAQ_UDR
EGP,"EastGroup Properties, Inc. Common Stock",$202.65,0.21,0.104%,"10,897,162,690",/market-activity/stocks/egp,US_NASDAQ_EGP
FRO,Frontline Plc Ordinary Shares,$48.93,0.83,1.726%,"10,892,937,959",/market-activity/stocks/fro,US_NASDAQ_FRO
LFUS,"Littelfuse, Inc. Common Stock",$428.76,-0.45,-0.105%,"10,889,966,764",/market-activity/stocks/lfus,US_NASDAQ_LFUS
FRHC,Freedom Holding Corp. Common Stock,$169.98,-4.39,-2.518%,"10,842,627,467",/market-activity/stocks/frhc,US_NASDAQ_FRHC
AUR,"Aurora Innovation, Inc. Class A Common Stock",$5.39,0.10,1.89%,"10,802,396,895",/market-activity/stocks/aur,US_NASDAQ_AUR
SUZ,Suzano S.A. American Depositary Shares (each representing One Ordinary Share),$8.52,-0.05,-0.583%,"10,770,282,080",/market-activity/stocks/suz,US_NASDAQ_SUZ
COO,"The Cooper Companies, Inc. Common Stock",$56.63,0.06,0.106%,"10,768,494,299",/market-activity/stocks/coo,US_NASDAQ_COO
PAYP,PayPay Corporation American Depository Shares,$15.84,-0.16,-1.00%,"10,725,947,258",/market-activity/stocks/payp,US_NASDAQ_PAYP
RDY,Dr. Reddy's Laboratories Ltd Common Stock,$12.85,0.34,2.718%,"10,725,342,065",/market-activity/stocks/rdy,US_NASDAQ_RDY
BIPJ,Brookfield Infrastructure Corporation 7.250% Subordinated Notes due 2084,$23.20,-0.02,-0.086%,"10,703,180,150",/market-activity/stocks/bipj,US_NASDAQ_BIPJ
GSAT,"Globalstar, Inc. Common Stock",$82.59,0.25,0.304%,"10,700,640,380",/market-activity/stocks/gsat,US_NASDAQ_GSAT
FORM,"FormFactor, Inc. FormFactor, Inc. Common Stock",$136.25,5.28,4.031%,"10,643,948,781",/market-activity/stocks/form,US_NASDAQ_FORM
IAG,Iamgold Corporation Ordinary Shares,$18.64,-0.04,-0.214%,"10,643,440,000",/market-activity/stocks/iag,US_NASDAQ_IAG
AES,The AES Corporation Common Stock,$14.86,-0.01,-0.067%,"10,601,698,042",/market-activity/stocks/aes,US_NASDAQ_AES
DECK,Deckers Outdoor Corporation Common Stock,$77.68,-0.68,-0.868%,"10,596,657,153",/market-activity/stocks/deck,US_NASDAQ_DECK
BEPC,Brookfield Renewable Corporation Brookfield Renewable Corporation Class A Subordinate Voting Shares,$28.10,0.13,0.465%,"10,590,503,175",/market-activity/stocks/bepc,US_NASDAQ_BEPC
DDS,"Dillard's, Inc. Common Stock",$677.52,-4.42,-0.648%,"10,582,490,442",/market-activity/stocks/dds,US_NASDAQ_DDS
SF,Stifel Financial Corporation Common Stock,$69.70,-0.71,-1.008%,"10,524,820,860",/market-activity/stocks/sf,US_NASDAQ_SF
XP,XP Inc. Class A Common Stock,$20.27,0.04,0.198%,"10,506,183,004",/market-activity/stocks/xp,US_NASDAQ_XP
PINS,"Pinterest, Inc. Class A Common Stock",$18.54,0.13,0.706%,"10,499,443,521",/market-activity/stocks/pins,US_NASDAQ_PINS
SCI,Service Corporation International Common Stock,$76.83,-0.24,-0.311%,"10,496,474,187",/market-activity/stocks/sci,US_NASDAQ_SCI
TX,"Ternium S.A. Ternium S.A. American Depositary Shares (each representing ten shares, USD1.00 par value)",$53.45,-1.02,-1.873%,"10,492,645,389",/market-activity/stocks/tx,US_NASDAQ_TX
KNX,Knight-Swift Transportation Holdings Inc.,$64.19,0.64,1.007%,"10,447,307,640",/market-activity/stocks/knx,US_NASDAQ_KNX
RRX,Regal Rexnord Corporation Common Stock,$155.89,-0.59,-0.377%,"10,381,006,147",/market-activity/stocks/rrx,US_NASDAQ_RRX
UHS,"Universal Health Services, Inc. Common Stock",$175.73,-1.75,-0.986%,"10,356,913,781",/market-activity/stocks/uhs,US_NASDAQ_UHS
CART,Maplebear Inc. Common Stock,$43.49,0.15,0.346%,"10,321,629,566",/market-activity/stocks/cart,US_NASDAQ_CART
AR,Antero Resources Corporation Common Stock,$33.57,-0.77,-2.242%,"10,320,727,230",/market-activity/stocks/ar,US_NASDAQ_AR
TXRH,"Texas Roadhouse, Inc. Common Stock",$157.21,-1.24,-0.783%,"10,319,409,976",/market-activity/stocks/txrh,US_NASDAQ_TXRH
VIAV,Viavi Solutions Inc. Common Stock,$41.82,0.95,2.324%,"10,319,077,807",/market-activity/stocks/viav,US_NASDAQ_VIAV
AVTR,"Avantor, Inc. Common Stock",$15.24,-0.05,-0.327%,"10,307,708,722",/market-activity/stocks/avtr,US_NASDAQ_AVTR
QRVO,"Qorvo, Inc. Common Stock",$116.75,0.45,0.387%,"10,299,875,653",/market-activity/stocks/qrvo,US_NASDAQ_QRVO
ERIE,Erie Indemnity Company Class A Common Stock,$222.43,0.51,0.23%,"10,273,834,395",/market-activity/stocks/erie,US_NASDAQ_ERIE
JKHY,"Jack Henry & Associates, Inc. Common Stock",$146.22,-1.60,-1.082%,"10,251,865,542",/market-activity/stocks/jkhy,US_NASDAQ_JKHY
HII,"Huntington Ingalls Industries, Inc. Common Stock",$259.64,2.59,1.008%,"10,231,009,825",/market-activity/stocks/hii,US_NASDAQ_HII
ALGN,"Align Technology, Inc. Common Stock",$144.01,-0.99,-0.683%,"10,230,449,087",/market-activity/stocks/algn,US_NASDAQ_ALGN
ENSG,"The Ensign Group, Inc. Common Stock",$175.53,-0.83,-0.471%,"10,230,315,640",/market-activity/stocks/ensg,US_NASDAQ_ENSG
LULU,lululemon athletica inc. Common Stock,$96.87,-3.71,-3.689%,"10,228,896,980",/market-activity/stocks/lulu,US_NASDAQ_LULU
LI,Li Auto Inc. American Depositary Shares,$11.23,-0.48,-4.099%,"10,209,895,493",/market-activity/stocks/li,US_NASDAQ_LI
EGO,Eldorado Gold Corporation Ordinary Shares,$38.90,-0.54,-1.369%,"10,165,342,671",/market-activity/stocks/ego,US_NASDAQ_EGO
GMED,"Globus Medical, Inc. Class A Common Stock",$75.69,0.91,1.217%,"10,162,284,271",/market-activity/stocks/gmed,US_NASDAQ_GMED
BIO,"Bio-Rad Laboratories, Inc. Class A Common Stock",$379.55,1.86,0.492%,"10,148,474,321",/market-activity/stocks/bio,US_NASDAQ_BIO
DCI,"Donaldson Company, Inc. Common Stock",$87.31,-0.17,-0.194%,"10,120,113,363",/market-activity/stocks/dci,US_NASDAQ_DCI
RTO,Rentokil Initial plc American Depositary Shares (each representing five (5) Ordinary Shares),$20.05,-0.45,-2.195%,"10,113,220,000",/market-activity/stocks/rto,US_NASDAQ_RTO
CHYM,"Chime Financial, Inc. Class A Common Stock",$26.52,-0.17,-0.637%,"10,040,077,144",/market-activity/stocks/chym,US_NASDAQ_CHYM
CGNX,Cognex Corporation Common Stock,$59.67,0.92,1.566%,"10,037,916,652",/market-activity/stocks/cgnx,US_NASDAQ_CGNX
TFII,TFI International Inc. Common Shares,$121.84,-0.53,-0.433%,"10,014,033,377",/market-activity/stocks/tfii,US_NASDAQ_TFII
UMBF,UMB Financial Corporation Common Stock,$131.84,-1.58,-1.184%,"10,013,251,955",/market-activity/stocks/umbf,US_NASDAQ_UMBF
NYT,New York Times Company (The) Common Stock,$62.32,-1.85,-2.883%,"10,002,538,360",/market-activity/stocks/nyt,US_NASDAQ_NYT
DPZ,Domino's Pizza Inc Common Stock,$301.81,9.54,3.264%,"9,984,398,440",/market-activity/stocks/dpz,US_NASDAQ_DPZ
BPOP,"Popular, Inc. Common Stock",$156.30,-2.55,-1.605%,"9,968,579,706",/market-activity/stocks/bpop,US_NASDAQ_BPOP
MSGS,Madison Square Garden Sports Corp. Class A Common Stock (New),$413.84,-2.50,-0.60%,"9,965,242,783",/market-activity/stocks/msgs,US_NASDAQ_MSGS
EVR,Evercore Inc. Class A Common Stock,$258.46,-3.16,-1.208%,"9,939,797,302",/market-activity/stocks/evr,US_NASDAQ_EVR
KRYS,"Krystal Biotech, Inc. Common Stock",$335.06,-2.02,-0.599%,"9,917,385,990",/market-activity/stocks/krys,US_NASDAQ_KRYS
CPT,Camden Property Trust Common Stock,$98.46,0.06,0.061%,"9,899,104,401",/market-activity/stocks/cpt,US_NASDAQ_CPT
MOH,Molina Healthcare Inc Common Stock,$189.38,-0.26,-0.137%,"9,885,636,000",/market-activity/stocks/moh,US_NASDAQ_MOH
CLX,Clorox Company (The) Common Stock,$81.60,0.18,0.221%,"9,867,970,008",/market-activity/stocks/clx,US_NASDAQ_CLX
HUBS,"HubSpot, Inc. Common Stock",$197.67,-5.17,-2.549%,"9,857,051,952",/market-activity/stocks/hubs,US_NASDAQ_HUBS
BXP,"BXP, Inc. Common Stock",$61.71,-0.72,-1.153%,"9,852,714,621",/market-activity/stocks/bxp,US_NASDAQ_BXP
PAYC,"Paycom Software, Inc. Common Stock",$218.58,-2.00,-0.907%,"9,851,754,481",/market-activity/stocks/payc,US_NASDAQ_PAYC
BRKR,Bruker Corporation Common Stock,$64.51,1.23,1.944%,"9,828,699,475",/market-activity/stocks/brkr,US_NASDAQ_BRKR
DRS,"Leonardo DRS, Inc. Common Stock",$36.73,0.06,0.164%,"9,802,925,346",/market-activity/stocks/drs,US_NASDAQ_DRS
MOD,Modine Manufacturing Company Common Stock,$183.72,8.68,4.959%,"9,757,866,714",/market-activity/stocks/mod,US_NASDAQ_MOD
ENLT,Enlight Renewable Energy Ltd. Ordinary Shares,$69.93,1.18,1.716%,"9,751,323,116",/market-activity/stocks/enlt,US_NASDAQ_ENLT
AXSM,"Axsome Therapeutics, Inc. Common Stock",$186.14,-7.75,-3.997%,"9,750,165,463",/market-activity/stocks/axsm,US_NASDAQ_AXSM
DKNG,DraftKings Inc. Class A Common Stock,$19.59,-1.57,-7.42%,"9,725,534,800",/market-activity/stocks/dkng,US_NASDAQ_DKNG
SSB,SouthState Bank Corporation Common Stock,$100.09,-1.60,-1.573%,"9,706,181,108",/market-activity/stocks/ssb,US_NASDAQ_SSB
SATA,"Strive, Inc. Variable Rate Series A Perpetual Preferred Stock",$100.01,0.0516,0.052%,"9,701,234,926",/market-activity/stocks/sata,US_NASDAQ_SATA
WMS,"Advanced Drainage Systems, Inc. Common Stock",$128.49,-2.29,-1.751%,"9,688,832,394",/market-activity/stocks/wms,US_NASDAQ_WMS
RYAN,"Ryan Specialty Holdings, Inc. Class A Common Stock",$37.85,-0.27,-0.708%,"9,682,589,612",/market-activity/stocks/ryan,US_NASDAQ_RYAN
WTFC,Wintrust Financial Corporation Common Stock,$143.49,-0.53,-0.368%,"9,680,691,605",/market-activity/stocks/wtfc,US_NASDAQ_WTFC
AM,Antero Midstream Corporation Common Stock,$20.25,-0.45,-2.174%,"9,612,148,500",/market-activity/stocks/am,US_NASDAQ_AM
PSO,"Pearson, Plc Common Stock",$15.96,0.02,0.125%,"9,603,449,492",/market-activity/stocks/pso,US_NASDAQ_PSO
CFR,"Cullen/Frost Bankers, Inc. Common Stock",$154.21,-2.21,-1.413%,"9,583,964,135",/market-activity/stocks/cfr,US_NASDAQ_CFR
AMG,"Affiliated Managers Group, Inc. Common Stock",$370.61,2.48,0.674%,"9,583,949,769",/market-activity/stocks/amg,US_NASDAQ_AMG
RGEN,Repligen Corporation Common Stock,$194.57,0.48,0.247%,"9,519,012,902",/market-activity/stocks/rgen,US_NASDAQ_RGEN
DAR,Darling Ingredients Inc. Common Stock,$60.32,-0.27,-0.446%,"9,518,671,893",/market-activity/stocks/dar,US_NASDAQ_DAR
VSAT,"ViaSat, Inc. Common Stock",$69.09,-2.56,-3.573%,"9,517,548,913",/market-activity/stocks/vsat,US_NASDAQ_VSAT
FRT,Federal Realty Investment Trust Common Stock,$109.39,-0.44,-0.401%,"9,504,802,259",/market-activity/stocks/frt,US_NASDAQ_FRT
ONB,Old National Bancorp Common Stock,$24.84,-0.37,-1.468%,"9,503,038,800",/market-activity/stocks/onb,US_NASDAQ_ONB
HSIC,"Henry Schein, Inc. Common Stock",$84.97,-1.02,-1.186%,"9,469,612,674",/market-activity/stocks/hsic,US_NASDAQ_HSIC
ONBPO,"Old National Bancorp Depositary Shares, Each Representing a 1/40th Interest in a Share of Series C Preferred Stock",$24.73,-0.02,-0.081%,"9,460,956,100",/market-activity/stocks/onbpo,US_NASDAQ_ONBPO
ONBPP,"Old National Bancorp Depositary Shares, Each Representing a 1/40th Interest in a Share of Series A Preferred Stock",$24.70,-0.09,-0.363%,"9,449,479,000",/market-activity/stocks/onbpp,US_NASDAQ_ONBPP
BSY,"Bentley Systems, Incorporated Class B Common Stock",$31.12,-0.17,-0.543%,"9,401,130,706",/market-activity/stocks/bsy,US_NASDAQ_BSY
FLS,Flowserve Corporation Common Stock,$73.81,-0.28,-0.378%,"9,382,194,292",/market-activity/stocks/fls,US_NASDAQ_FLS
OGE,OGE Energy Corp Common Stock,$45.38,0.70,1.567%,"9,374,658,804",/market-activity/stocks/oge,US_NASDAQ_OGE
SIMO,Silicon Motion Technology Corporation American Depositary Shares,$276.16,-1.91,-0.687%,"9,364,098,178",/market-activity/stocks/simo,US_NASDAQ_SIMO
IBRX,"ImmunityBio, Inc. Common Stock",$8.83,0.31,3.638%,"9,358,354,291",/market-activity/stocks/ibrx,US_NASDAQ_IBRX
ARWR,"Arrowhead Pharmaceuticals, Inc. Common Stock",$66.25,0.79,1.207%,"9,358,108,439",/market-activity/stocks/arwr,US_NASDAQ_ARWR
OC,Owens Corning Inc Common Stock New,$118.36,-3.67,-3.007%,"9,356,202,120",/market-activity/stocks/oc,US_NASDAQ_OC
GKOS,Glaukos Corporation Common Stock,$158.55,-0.01,-0.006%,"9,351,903,211",/market-activity/stocks/gkos,US_NASDAQ_GKOS
ALSN,"Allison Transmission Holdings, Inc. Common Stock",$113.01,-0.65,-0.572%,"9,332,144,074",/market-activity/stocks/alsn,US_NASDAQ_ALSN
MUSA,Murphy USA Inc. Common Stock,$507.42,-12.70,-2.442%,"9,326,555,675",/market-activity/stocks/musa,US_NASDAQ_MUSA
ESTC,Elastic N.V. Ordinary Shares,$88.80,0.86,0.978%,"9,323,225,664",/market-activity/stocks/estc,US_NASDAQ_ESTC
JAN,"Janus Living, Inc. Class A-1 Common Stock",$29.96,-0.08,-0.266%,"9,296,311,649",/market-activity/stocks/jan,US_NASDAQ_JAN
KT,KT Corporation Common Stock,$19.27,0.11,0.574%,"9,291,803,728",/market-activity/stocks/kt,US_NASDAQ_KT
FDS,FactSet Research Systems Inc. Common Stock,$259.97,-7.70,-2.877%,"9,245,974,214",/market-activity/stocks/fds,US_NASDAQ_FDS
AYI,Acuity Inc. Common Stock,$308.79,2.88,0.941%,"9,243,797,558",/market-activity/stocks/ayi,US_NASDAQ_AYI
FCFS,"FirstCash Holdings, Inc. Common Stock",$212.82,-4.13,-1.904%,"9,230,386,476",/market-activity/stocks/fcfs,US_NASDAQ_FCFS
TTC,Toro Company (The) Common Stock,$97.42,0.35,0.361%,"9,222,106,285",/market-activity/stocks/ttc,US_NASDAQ_TTC
PODD,Insulet Corporation Common Stock,$132.84,-0.27,-0.203%,"9,213,011,795",/market-activity/stocks/podd,US_NASDAQ_PODD
MTCH,"Match Group, Inc. Common Stock",$40.13,0.62,1.569%,"9,211,881,028",/market-activity/stocks/mtch,US_NASDAQ_MTCH
KYMR,"Kymera Therapeutics, Inc. Common Stock",$110.51,-1.49,-1.33%,"9,188,974,795",/market-activity/stocks/kymr,US_NASDAQ_KYMR
OSCR,"Oscar Health, Inc. Class A Common Stock",$29.77,0.12,0.405%,"9,188,361,650",/market-activity/stocks/oscr,US_NASDAQ_OSCR
ORI,Old Republic International Corporation Common Stock,$38.05,0.03,0.079%,"9,186,522,682",/market-activity/stocks/ori,US_NASDAQ_ORI
GGB,Gerdau S.A. Common Stock,$4.64,-0.14,-2.929%,"9,178,003,747",/market-activity/stocks/ggb,US_NASDAQ_GGB
QGEN,Qiagen N.V. Common Shares,$44.40,-0.61,-1.355%,"9,149,719,033",/market-activity/stocks/qgen,US_NASDAQ_QGEN
ZION,Zions Bancorporation N.A. Common Stock,$62.61,-0.58,-0.918%,"9,138,139,557",/market-activity/stocks/zion,US_NASDAQ_ZION
CYTK,"Cytokinetics, Incorporated Common Stock",$65.64,-0.52,-0.786%,"9,125,497,158",/market-activity/stocks/cytk,US_NASDAQ_CYTK
PTGX,"Protagonist Therapeutics, Inc. Common Stock",$140.97,-1.47,-1.032%,"9,121,926,936",/market-activity/stocks/ptgx,US_NASDAQ_PTGX
LLYVK,"Liberty Live Holdings, Inc. Series C Liberty Live Group Common Stock",$99.12,-0.80,-0.801%,"9,119,572,869",/market-activity/stocks/llyvk,US_NASDAQ_LLYVK
ELPC,Companhia Paranaense de Energia (COPEL) American Depositary Shares (each representing four (4) Common Shares),$12.18,0.13,1.079%,"9,082,658,253",/market-activity/stocks/elpc,US_NASDAQ_ELPC
XPEV,"XPeng Inc. American depositary shares, each representing two Class A ordinary shares",$9.47,-0.48,-4.824%,"9,072,924,510",/market-activity/stocks/xpev,US_NASDAQ_XPEV
SNAP,Snap Inc. Class A Common Stock,$5.34,0.12,2.299%,"9,030,995,782",/market-activity/stocks/snap,US_NASDAQ_SNAP
VMI,"Valmont Industries, Inc. Common Stock",$467.21,-0.63,-0.135%,"9,019,422,706",/market-activity/stocks/vmi,US_NASDAQ_VMI
GLXY,Galaxy Digital Inc. Class A Common Stock,$23.07,-0.14,-0.603%,"9,017,811,306",/market-activity/stocks/glxy,US_NASDAQ_GLXY
JEF,Jefferies Financial Group Inc. Common Stock,$46.52,-0.61,-1.294%,"9,012,909,939",/market-activity/stocks/jef,US_NASDAQ_JEF
AAL,American Airlines Group Inc. Common Stock,$13.61,0.09,0.666%,"9,009,411,033",/market-activity/stocks/aal,US_NASDAQ_AAL
APTV,Aptiv PLC Ordinary Shares,$43.37,-0.27,-0.619%,"9,005,057,565",/market-activity/stocks/aptv,US_NASDAQ_APTV
SSL,Sasol Ltd. American Depositary Shares,$13.85,-0.08,-0.574%,"8,971,499,130",/market-activity/stocks/ssl,US_NASDAQ_SSL
SAIA,"Saia, Inc. Common Stock",$336.32,6.07,1.838%,"8,971,218,288",/market-activity/stocks/saia,US_NASDAQ_SAIA
LTH,"Life Time Group Holdings, Inc. Common Stock",$40.08,0.49,1.238%,"8,956,354,876",/market-activity/stocks/lth,US_NASDAQ_LTH
PBF,PBF Energy Inc. Class A Common Stock,$75.23,0.84,1.129%,"8,917,526,323",/market-activity/stocks/pbf,US_NASDAQ_PBF
CAI,"Caris Life Sciences, Inc. Common Stock",$31.55,-0.20,-0.63%,"8,915,878,118",/market-activity/stocks/cai,US_NASDAQ_CAI
AG,First Majestic Silver Corp. Ordinary Shares (Canada),$18.08,0.13,0.724%,"8,911,747,405",/market-activity/stocks/ag,US_NASDAQ_AG
HLI,"Houlihan Lokey, Inc. Class A Common Stock",$127.46,-2.08,-1.606%,"8,907,733,290",/market-activity/stocks/hli,US_NASDAQ_HLI
SOLS,Solstice Advanced Materials Inc. Common Stock ,$56.01,-0.92,-1.616%,"8,897,041,138",/market-activity/stocks/sols,US_NASDAQ_SOLS
JXN,Jackson Financial Inc. Class A Common Stock ,$131.34,-0.47,-0.357%,"8,895,493,237",/market-activity/stocks/jxn,US_NASDAQ_JXN
LLYVA,"Liberty Live Holdings, Inc. Series A Liberty Live Group Common Stock",$96.58,-0.49,-0.505%,"8,885,879,214",/market-activity/stocks/llyva,US_NASDAQ_LLYVA
EMP,"Entergy Mississippi, LLC First Mortgage Bonds, 4.90% Series Due October 1, 2066",$19.01,-0.01,-0.053%,"8,870,664,777",/market-activity/stocks/emp,US_NASDAQ_EMP
R,"Ryder System, Inc. Common Stock",$230.87,-3.06,-1.308%,"8,853,141,415",/market-activity/stocks/r,US_NASDAQ_R
CTRE,"CareTrust REIT, Inc. Common Stock",$37.20,-0.22,-0.588%,"8,790,107,003",/market-activity/stocks/ctre,US_NASDAQ_CTRE
ENJ,"Entergy New Orleans, LLC First Mortgage Bonds, 5.0% Series due December 1, 2052",$18.835,-0.305,-1.594%,"8,789,004,265",/market-activity/stocks/enj,US_NASDAQ_ENJ
ESI,Element Solutions Inc. Common Stock,$35.97,0.85,2.42%,"8,765,562,177",/market-activity/stocks/esi,US_NASDAQ_ESI
EAI,"Entergy Arkansas, LLC First Mortgage Bonds, 4.875% Series Due September 1, 2066",$18.75,-0.10,-0.531%,"8,749,340,588",/market-activity/stocks/eai,US_NASDAQ_EAI
KLAR,Klarna Group plc Ordinary Shares,$12.36,-0.05,-0.403%,"8,721,766,008",/market-activity/stocks/klar,US_NASDAQ_KLAR
SIRI,SiriusXM Holdings Inc. Common Stock,$25.76,-0.18,-0.694%,"8,682,843,112",/market-activity/stocks/siri,US_NASDAQ_SIRI
TTEK,"Tetra Tech, Inc. Common Stock",$33.70,-0.19,-0.561%,"8,628,697,224",/market-activity/stocks/ttek,US_NASDAQ_TTEK
RRC,Range Resources Corporation Common Stock,$36.88,-0.98,-2.588%,"8,618,100,513",/market-activity/stocks/rrc,US_NASDAQ_RRC
VOYA,"Voya Financial, Inc. Common Stock",$95.09,-0.89,-0.927%,"8,614,806,826",/market-activity/stocks/voya,US_NASDAQ_VOYA
TGTX,"TG Therapeutics, Inc. Common Stock",$56.19,UNCH,--,"8,600,950,088",/market-activity/stocks/tgtx,US_NASDAQ_TGTX
YMM,Full Truck Alliance Co. Ltd. American Depositary Shares (each representing 20 Class A Ordinary Shares),$8.27,0.07,0.854%,"8,580,491,601",/market-activity/stocks/ymm,US_NASDAQ_YMM
BRX,Brixmor Property Group Inc. Common Stock,$27.86,-0.14,-0.50%,"8,549,462,724",/market-activity/stocks/brx,US_NASDAQ_BRX
AAOI,"Applied Optoelectronics, Inc. Common Stock",$100.67,3.85,3.976%,"8,547,516,114",/market-activity/stocks/aaoi,US_NASDAQ_AAOI
SPXC,"SPX Technologies, Inc. Common Stock",$170.63,0.52,0.306%,"8,546,150,292",/market-activity/stocks/spxc,US_NASDAQ_SPXC
TIMB,TIM S.A. American Depositary Shares (Each representing 5 Common Shares) ,$17.86,0.22,1.247%,"8,544,673,679",/market-activity/stocks/timb,US_NASDAQ_TIMB
PNR,Pentair plc. Ordinary Share,$53.47,0.44,0.83%,"8,535,841,187",/market-activity/stocks/pnr,US_NASDAQ_PNR
CUBE,CubeSmart Common Shares,$37.87,0.48,1.284%,"8,526,894,521",/market-activity/stocks/cube,US_NASDAQ_CUBE
NIO,"NIO Inc. American depositary shares, each  representing one Class A ordinary share",$3.40,-0.19,-5.292%,"8,519,267,875",/market-activity/stocks/nio,US_NASDAQ_NIO
PRI,"Primerica, Inc. Common Stock",$275.88,0.43,0.156%,"8,490,855,318",/market-activity/stocks/pri,US_NASDAQ_PRI
ABVX,Abivax SA American Depositary Shares,$98.50,1.65,1.704%,"8,480,311,698",/market-activity/stocks/abvx,US_NASDAQ_ABVX
MHK,"Mohawk Industries, Inc. Common Stock",$124.84,0.41,0.33%,"8,456,430,022",/market-activity/stocks/mhk,US_NASDAQ_MHK
EDU,"New Oriental Education & Technology Group, Inc. Sponsored ADR representing 10 Ordinary Share (Cayman Islands)",$54.48,-1.39,-2.488%,"8,446,011,518",/market-activity/stocks/edu,US_NASDAQ_EDU
ARE,"Alexandria Real Estate Equities, Inc. Common Stock",$48.47,-0.19,-0.39%,"8,445,779,718",/market-activity/stocks/are,US_NASDAQ_ARE
PCVX,"Vaxcyte, Inc. Common Stock",$56.69,-1.58,-2.712%,"8,435,771,210",/market-activity/stocks/pcvx,US_NASDAQ_PCVX
RHP,"Ryman Hospitality Properties, Inc. (REIT)",$122.08,-0.01,-0.008%,"8,421,487,978",/market-activity/stocks/rhp,US_NASDAQ_RHP
ADC,Agree Realty Corporation Common Stock,$67.65,0.35,0.52%,"8,414,260,322",/market-activity/stocks/adc,US_NASDAQ_ADC
AVT,"Avnet, Inc. Common Stock",$102.50,1.05,1.035%,"8,412,480,348",/market-activity/stocks/avt,US_NASDAQ_AVT
MXL,"MaxLinear, Inc. Common Stock",$92.72,2.72,3.022%,"8,409,072,670",/market-activity/stocks/mxl,US_NASDAQ_MXL
KMX,CarMax Inc,$59.23,2.68,4.739%,"8,405,394,216",/market-activity/stocks/kmx,US_NASDAQ_KMX
BAH,Booz Allen Hamilton Holding Corporation Common Stock,$69.71,-0.54,-0.769%,"8,385,065,468",/market-activity/stocks/bah,US_NASDAQ_BAH
IDCC,"InterDigital, Inc. Common Stock",$324.30,-2.84,-0.868%,"8,368,888,070",/market-activity/stocks/idcc,US_NASDAQ_IDCC
VIRT,"Virtu Financial, Inc. Class A Common Stock",$53.75,1.78,3.425%,"8,342,012,201",/market-activity/stocks/virt,US_NASDAQ_VIRT
REXR,"Rexford Industrial Realty, Inc. Common Stock",$37.40,0.21,0.565%,"8,339,755,838",/market-activity/stocks/rexr,US_NASDAQ_REXR
EAT,"Brinker International, Inc. Common Stock",$199.11,-3.34,-1.65%,"8,338,977,679",/market-activity/stocks/eat,US_NASDAQ_EAT
NEU,NewMarket Corp Common Stock,$904.63,-7.81,-0.856%,"8,319,344,760",/market-activity/stocks/neu,US_NASDAQ_NEU
KNTK,Kinetik Holdings Inc. Class A Common Stock,$51.16,-0.05,-0.098%,"8,307,316,240",/market-activity/stocks/kntk,US_NASDAQ_KNTK
ALV,"Autoliv, Inc. Common Stock",$113.04,-0.99,-0.868%,"8,278,735,010",/market-activity/stocks/alv,US_NASDAQ_ALV
GAP,"Gap, Inc. (The) Common Stock",$23.54,0.59,2.571%,"8,268,899,025",/market-activity/stocks/gap,US_NASDAQ_GAP
WAL,Western Alliance Bancorporation Common Stock (DE),$75.76,-0.79,-1.032%,"8,265,481,457",/market-activity/stocks/wal,US_NASDAQ_WAL
UGP,Ultrapar Participacoes S.A. (New) American Depositary Shares (Each representing one Common Share),$7.34,0.21,2.945%,"8,168,026,809",/market-activity/stocks/ugp,US_NASDAQ_UGP
MGM,MGM Resorts International Common Stock,$31.52,-0.34,-1.067%,"8,142,345,467",/market-activity/stocks/mgm,US_NASDAQ_MGM
AGCO,AGCO Corporation Common Stock,$116.16,-1.45,-1.233%,"8,134,885,641",/market-activity/stocks/agco,US_NASDAQ_AGCO
OSK,Oshkosh Corporation (Holding Company)Common Stock,$131.68,-1.11,-0.836%,"8,129,890,148",/market-activity/stocks/osk,US_NASDAQ_OSK
TKR,Timken Company (The) Common Stock,$117.26,0.51,0.437%,"8,125,747,341",/market-activity/stocks/tkr,US_NASDAQ_TKR
BVN,Buenaventura Mining Company Inc.,$31.99,-0.06,-0.187%,"8,125,039,875",/market-activity/stocks/bvn,US_NASDAQ_BVN
COLB,"Columbia Banking System, Inc. Common Stock",$28.69,-0.37,-1.273%,"8,116,466,069",/market-activity/stocks/colb,US_NASDAQ_COLB
DY,"Dycom Industries, Inc. Common Stock",$269.04,2.25,0.843%,"8,114,503,871",/market-activity/stocks/dy,US_NASDAQ_DY
S,"SentinelOne, Inc. Class A Common Stock",$23.31,0.57,2.507%,"8,113,024,917",/market-activity/stocks/s,US_NASDAQ_S
FR,"First Industrial Realty Trust, Inc. Common Stock",$61.15,-0.11,-0.18%,"8,106,835,648",/market-activity/stocks/fr,US_NASDAQ_FR
WLK,Westlake Corporation Common Stock,$63.39,-3.45,-5.162%,"8,101,023,178",/market-activity/stocks/wlk,US_NASDAQ_WLK
MP,MP Materials Corp. Common Stock,$45.43,-1.02,-2.196%,"8,091,155,143",/market-activity/stocks/mp,US_NASDAQ_MP
KTOS,"Kratos Defense & Security Solutions, Inc. Common Stock",$43.05,-1.02,-2.314%,"8,081,403,127",/market-activity/stocks/ktos,US_NASDAQ_KTOS
WYNN,"Wynn Resorts, Limited Common stock",$78.23,-2.285,-2.838%,"8,055,647,493",/market-activity/stocks/wynn,US_NASDAQ_WYNN
PB,"Prosperity Bancshares, Inc. Common Stock",$66.91,-0.41,-0.609%,"8,041,027,748",/market-activity/stocks/pb,US_NASDAQ_PB
RIOT,"Riot Platforms, Inc. Common Stock ",$21.39,-0.23,-1.064%,"8,026,788,620",/market-activity/stocks/riot,US_NASDAQ_RIOT
LINE,"Lineage, Inc. Common Stock",$35.07,-0.36,-1.016%,"7,985,790,121",/market-activity/stocks/line,US_NASDAQ_LINE
CBSH,"Commerce Bancshares, Inc. Common Stock",$55.33,-0.55,-0.984%,"7,936,102,409",/market-activity/stocks/cbsh,US_NASDAQ_CBSH
CNM,"Core & Main, Inc. Class A Common Stock",$41.66,-0.73,-1.722%,"7,935,982,123",/market-activity/stocks/cnm,US_NASDAQ_CNM
NNN,"NNN REIT, Inc. Common Stock",$41.34,-0.06,-0.145%,"7,934,444,076",/market-activity/stocks/nnn,US_NASDAQ_NNN
GIL,"Gildan Activewear, Inc. Class A Sub. Vot. Common Stock",$42.79,0.17,0.399%,"7,924,359,176",/market-activity/stocks/gil,US_NASDAQ_GIL
AOS,A.O. Smith Corporation Common Stock,$58.02,-0.36,-0.617%,"7,885,415,405",/market-activity/stocks/aos,US_NASDAQ_AOS
SM,SM Energy Company Common Stock,$33.11,-0.44,-1.311%,"7,875,348,191",/market-activity/stocks/sm,US_NASDAQ_SM
SNEX,StoneX Group Inc. Common Stock,$65.25,-0.65,-0.986%,"7,870,241,959",/market-activity/stocks/snex,US_NASDAQ_SNEX
PRAX,"Praxis Precision Medicines, Inc. Common Stock",$281.00,-4.65,-1.628%,"7,845,516,628",/market-activity/stocks/prax,US_NASDAQ_PRAX
ATR,"AptarGroup, Inc. Common Stock",$123.29,-1.16,-0.932%,"7,838,917,394",/market-activity/stocks/atr,US_NASDAQ_ATR
LNC,Lincoln National Corporation Common Stock,$40.92,0.04,0.098%,"7,834,024,989",/market-activity/stocks/lnc,US_NASDAQ_LNC
BOKF,BOK Financial Corporation Common Stock,$128.62,-1.97,-1.509%,"7,815,834,434",/market-activity/stocks/bokf,US_NASDAQ_BOKF
CAE,CAE Inc. Common Shares,$24.25,-0.03,-0.124%,"7,796,585,005",/market-activity/stocks/cae,US_NASDAQ_CAE
GTLB,GitLab Inc. Class A Common Stock,$46.71,0.50,1.082%,"7,781,886,000",/market-activity/stocks/gtlb,US_NASDAQ_GTLB
ZWS,Zurn Elkay Water Solutions Corporation Common Stock,$46.79,0.06,0.128%,"7,760,781,099",/market-activity/stocks/zws,US_NASDAQ_ZWS
UGI,UGI Corporation Common Stock,$36.15,-0.09,-0.248%,"7,753,993,057",/market-activity/stocks/ugi,US_NASDAQ_UGI
RAL,Ralliant Corporation Common Stock,$69.98,0.02,0.029%,"7,742,587,760",/market-activity/stocks/ral,US_NASDAQ_RAL
HNGE,"Hinge Health, Inc. Class A Common Stock",$95.21,2.76,2.985%,"7,682,915,443",/market-activity/stocks/hnge,US_NASDAQ_HNGE
IONS,"Ionis Pharmaceuticals, Inc. Common Stock",$45.89,0.32,0.702%,"7,626,198,537",/market-activity/stocks/ions,US_NASDAQ_IONS
LEVI,Levi Strauss & Co Class A Common Stock,$19.75,-0.06,-0.303%,"7,600,798,600",/market-activity/stocks/levi,US_NASDAQ_LEVI
APLD,Applied Digital Corporation Common Stock,$25.41,0.88,3.587%,"7,599,988,018",/market-activity/stocks/apld,US_NASDAQ_APLD
THG,Hanover Insurance Group Inc,$217.96,0.39,0.179%,"7,589,415,369",/market-activity/stocks/thg,US_NASDAQ_THG
IDA,"IDACORP, Inc. Common Stock",$131.12,2.31,1.793%,"7,584,248,678",/market-activity/stocks/ida,US_NASDAQ_IDA
CBC,"Central Bancompany, Inc. Class A Common Stock",$31.66,-0.19,-0.597%,"7,582,732,511",/market-activity/stocks/cbc,US_NASDAQ_CBC
ACM,AECOM Common Stock,$58.85,-0.57,-0.959%,"7,573,784,611",/market-activity/stocks/acm,US_NASDAQ_ACM
STN,Stantec Inc Common Stock,$67.24,-1.48,-2.154%,"7,557,756,030",/market-activity/stocks/stn,US_NASDAQ_STN
PCTY,Paylocity Holding Corporation Common Stock,$142.19,-0.53,-0.371%,"7,544,169,569",/market-activity/stocks/pcty,US_NASDAQ_PCTY
WULF,TeraWulf Inc. Common Stock,$15.09,-0.03,-0.198%,"7,529,437,336",/market-activity/stocks/wulf,US_NASDAQ_WULF
PCOR,"Procore Technologies, Inc. Common Stock",$49.54,0.48,0.978%,"7,527,867,445",/market-activity/stocks/pcor,US_NASDAQ_PCOR
EMN,Eastman Chemical Company Common Stock,$65.75,-0.72,-1.083%,"7,520,315,431",/market-activity/stocks/emn,US_NASDAQ_EMN
SFD,"Smithfield Foods, Inc. Common Stock",$19.01,-0.13,-0.679%,"7,485,518,863",/market-activity/stocks/sfd,US_NASDAQ_SFD
SYRE,"Spyre Therapeutics, Inc. Common Stock",$84.72,-1.07,-1.247%,"7,470,081,117",/market-activity/stocks/syre,US_NASDAQ_SYRE
VIST,"Vista Energy S.A.B. de C.V. American Depositary Shares, each representing one series A share, with no par value",$66.71,-0.20,-0.299%,"7,425,983,887",/market-activity/stocks/vist,US_NASDAQ_VIST
PRH,"Prudential Financial, Inc. 5.950% Junior Subordinated Notes due 2062",$21.06,-0.165,-0.777%,"7,413,120,000",/market-activity/stocks/prh,US_NASDAQ_PRH
VFS,VinFast Auto Ltd. Ordinary Shares,$3.16,0.02,0.637%,"7,392,933,792",/market-activity/stocks/vfs,US_NASDAQ_VFS
DBX,"Dropbox, Inc. Class A Common Stock",$32.70,0.78,2.444%,"7,380,693,620",/market-activity/stocks/dbx,US_NASDAQ_DBX
SLAB,"Silicon Laboratories, Inc. Common Stock",$221.17,0.14,0.063%,"7,379,726,530",/market-activity/stocks/slab,US_NASDAQ_SLAB
KNSL,"Kinsale Capital Group, Inc. Common Stock",$323.25,-1.67,-0.514%,"7,363,125,881",/market-activity/stocks/knsl,US_NASDAQ_KNSL
CHRD,Chord Energy Corporation Common Stock,$134.41,-0.74,-0.548%,"7,351,940,976",/market-activity/stocks/chrd,US_NASDAQ_CHRD
TPGXL,"TPG Operating Group II, L.P. 6.950% Fixed-Rate Junior Subordinated Notes due 2064",$20.15,-0.37,-1.803%,"7,351,239,366",/market-activity/stocks/tpgxl,US_NASDAQ_TPGXL
CHWY,"Chewy, Inc. Class A Common Stock",$18.26,-0.35,-1.881%,"7,339,191,567",/market-activity/stocks/chwy,US_NASDAQ_CHWY
NFG,National Fuel Gas Company Common Stock,$77.14,-0.62,-0.797%,"7,331,778,937",/market-activity/stocks/nfg,US_NASDAQ_NFG
AVAV,"AeroVironment, Inc. Common Stock",$143.24,-3.99,-2.71%,"7,279,557,354",/market-activity/stocks/avav,US_NASDAQ_AVAV
ZETA,Zeta Global Holdings Corp. Class A Common Stock,$28.96,-0.03,-0.103%,"7,269,354,001",/market-activity/stocks/zeta,US_NASDAQ_ZETA
GJS,"Goldman Sachs Group Securities STRATS Trust for Goldman Sachs Group Securities, Series 2006-2",$23.295,0.175,0.757%,"7,268,949,274",/market-activity/stocks/gjs,US_NASDAQ_GJS
ASR,"Grupo Aeroportuario del Sureste, S.A. de C.V. Common Stock",$240.96,-3.00,-1.23%,"7,228,800,000",/market-activity/stocks/asr,US_NASDAQ_ASR
TRNO,Terreno Realty Corporation Common Stock,$66.25,-0.32,-0.481%,"7,219,283,038",/market-activity/stocks/trno,US_NASDAQ_TRNO
HQY,"HealthEquity, Inc. Common Stock",$87.25,-1.19,-1.346%,"7,216,909,576",/market-activity/stocks/hqy,US_NASDAQ_HQY
SBSW,D/B/A Sibanye-Stillwater Limited ADS,$10.19,0.05,0.493%,"7,210,870,105",/market-activity/stocks/sbsw,US_NASDAQ_SBSW
SARO,"StandardAero, Inc. Common Stock",$21.75,-0.47,-2.115%,"7,197,497,624",/market-activity/stocks/saro,US_NASDAQ_SARO
ACA,"Arcosa, Inc. Common Stock ",$146.00,-0.53,-0.362%,"7,169,594,114",/market-activity/stocks/aca,US_NASDAQ_ACA
SSD,"Simpson Manufacturing Company, Inc. Common Stock",$173.99,-0.80,-0.458%,"7,130,924,821",/market-activity/stocks/ssd,US_NASDAQ_SSD
MAAS,Maase Inc. Class A Ordinary Shares,$16.12,-1.83,-10.195%,"7,127,870,317",/market-activity/stocks/maas,US_NASDAQ_MAAS
MOS,Mosaic Company (The) Common Stock,$22.42,0.17,0.764%,"7,127,220,383",/market-activity/stocks/mos,US_NASDAQ_MOS
VSXY,Victorias Secret & Co. Common Stock ,$89.23,0.94,1.065%,"7,117,345,200",/market-activity/stocks/vsxy,US_NASDAQ_VSXY
CAMT,Camtek Ltd. Ordinary Shares,$152.82,10.21,7.159%,"7,113,558,122",/market-activity/stocks/camt,US_NASDAQ_CAMT
STAG,"Stag Industrial, Inc. Common Stock",$36.89,-0.12,-0.324%,"7,112,699,257",/market-activity/stocks/stag,US_NASDAQ_STAG
PLXS,Plexus Corp. Common Stock,$266.13,1.17,0.442%,"7,092,923,107",/market-activity/stocks/plxs,US_NASDAQ_PLXS
BIPH,Brookfield Infrastructure Corporation 5.000% Subordinated Notes due 2081,$15.30,0.06,0.394%,"7,058,562,772",/market-activity/stocks/biph,US_NASDAQ_BIPH
NTSK,"Netskope, Inc. Class A Common Stock",$17.27,-0.58,-3.249%,"7,056,310,408",/market-activity/stocks/ntsk,US_NASDAQ_NTSK
BTG,B2Gold Corp Common shares (Canada),$5.34,0.06,1.136%,"7,054,517,869",/market-activity/stocks/btg,US_NASDAQ_BTG
AMRX,"Amneal Pharmaceuticals, Inc. Class A Common Stock",$20.20,-0.30,-1.463%,"7,035,579,543",/market-activity/stocks/amrx,US_NASDAQ_AMRX
VLY,Valley National Bancorp Common Stock,$12.72,-0.06,-0.469%,"7,029,138,475",/market-activity/stocks/vly,US_NASDAQ_VLY
PRS,"Prudential Financial, Inc. 5.625% Junior Subordinated Notes due 2058",$19.94,-0.23,-1.14%,"7,018,880,000",/market-activity/stocks/prs,US_NASDAQ_PRS
AAON,"AAON, Inc. Common Stock",$85.105,-0.235,-0.275%,"7,017,216,947",/market-activity/stocks/aaon,US_NASDAQ_AAON
CELH,"Celsius Holdings, Inc. Common Stock",$27.71,-0.29,-1.036%,"7,011,601,152",/market-activity/stocks/celh,US_NASDAQ_CELH
MORN,"Morningstar, Inc. Common Stock",$186.35,-5.21,-2.72%,"6,990,653,956",/market-activity/stocks/morn,US_NASDAQ_MORN
AXTA,Axalta Coating Systems Ltd. Common Shares,$32.64,-0.04,-0.122%,"6,985,612,702",/market-activity/stocks/axta,US_NASDAQ_AXTA
PRMB,Primo Brands Corporation Class A Common Stock,$19.25,-0.24,-1.231%,"6,975,315,366",/market-activity/stocks/prmb,US_NASDAQ_PRMB
FSS,Federal Signal Corporation Common Stock,$114.26,-0.75,-0.652%,"6,974,614,473",/market-activity/stocks/fss,US_NASDAQ_FSS
KEX,Kirby Corporation Common Stock,$131.94,0.35,0.266%,"6,966,432,000",/market-activity/stocks/kex,US_NASDAQ_KEX
MSA,MSA Safety Incorporated Common Stock,$180.56,-1.76,-0.965%,"6,965,695,862",/market-activity/stocks/msa,US_NASDAQ_MSA
MSM,"MSC Industrial Direct Company, Inc. Common Stock",$124.55,2.41,1.973%,"6,955,656,416",/market-activity/stocks/msm,US_NASDAQ_MSM
AXS,Axis Capital Holdings Limited Common Stock,$95.24,0.79,0.836%,"6,949,312,031",/market-activity/stocks/axs,US_NASDAQ_AXS
SOBO,South Bow Corporation Common Shares,$33.26,-0.75,-2.205%,"6,937,524,694",/market-activity/stocks/sobo,US_NASDAQ_SOBO
APPF,"AppFolio, Inc. Class A Common Stock",$195.82,-2.09,-1.056%,"6,935,355,373",/market-activity/stocks/appf,US_NASDAQ_APPF
SSRM,SSR Mining Inc. Common Stock,$33.94,0.10,0.296%,"6,920,682,049",/market-activity/stocks/ssrm,US_NASDAQ_SSRM
IMVT,"Immunovant, Inc. Common Stock",$33.46,-0.03,-0.09%,"6,911,252,740",/market-activity/stocks/imvt,US_NASDAQ_IMVT
OKLO,Oklo Inc. Class A common stock,$37.11,UNCH,--,"6,903,114,992",/market-activity/stocks/oklo,US_NASDAQ_OKLO
AWI,Armstrong World Industries Inc Common Stock,$163.09,-1.66,-1.008%,"6,892,644,292",/market-activity/stocks/awi,US_NASDAQ_AWI
ESE,ESCO Technologies Inc. Common Stock,$265.69,-0.35,-0.132%,"6,883,381,476",/market-activity/stocks/ese,US_NASDAQ_ESE
POWL,"Powell Industries, Inc. Common Stock",$188.46,1.23,0.657%,"6,866,081,011",/market-activity/stocks/powl,US_NASDAQ_POWL
CMC,Commercial Metals Company Common Stock,$62.05,-2.44,-3.784%,"6,864,239,987",/market-activity/stocks/cmc,US_NASDAQ_CMC
CIFR,Cipher Digital Inc. Common Stock,$16.51,-0.23,-1.374%,"6,852,157,220",/market-activity/stocks/cifr,US_NASDAQ_CIFR
ALKS,Alkermes plc Ordinary Shares,$40.80,0.65,1.619%,"6,844,741,498",/market-activity/stocks/alks,US_NASDAQ_ALKS
COMP,"Compass, Inc. Class A Common Stock",$9.01,-0.09,-0.989%,"6,825,274,995",/market-activity/stocks/comp,US_NASDAQ_COMP
ALGM,"Allegro MicroSystems, Inc. Common Stock",$36.60,-0.34,-0.92%,"6,822,314,884",/market-activity/stocks/algm,US_NASDAQ_ALGM
DSGX,Descartes Systems Group Inc. (The) Common Stock,$79.465,0.615,0.78%,"6,798,115,764",/market-activity/stocks/dsgx,US_NASDAQ_DSGX
NCLH,Norwegian Cruise Line Holdings Ltd. Ordinary Shares,$14.80,0.49,3.424%,"6,795,980,121",/market-activity/stocks/nclh,US_NASDAQ_NCLH
VCTR,"Victory Capital Holdings, Inc. Class A Common Stock",$110.40,0.80,0.73%,"6,790,656,749",/market-activity/stocks/vctr,US_NASDAQ_VCTR
CAG,"ConAgra Brands, Inc. Common Stock",$14.13,-0.03,-0.212%,"6,783,355,485",/market-activity/stocks/cag,US_NASDAQ_CAG
MATX,"Matson, Inc. Common Stock",$226.43,2.98,1.334%,"6,771,039,995",/market-activity/stocks/matx,US_NASDAQ_MATX
NOV,NOV Inc. Common Stock,$18.98,-0.52,-2.667%,"6,765,954,813",/market-activity/stocks/nov,US_NASDAQ_NOV
GTES,Gates Industrial Corporation Ltd. Common Shares,$26.64,-0.03,-0.112%,"6,743,947,169",/market-activity/stocks/gtes,US_NASDAQ_GTES
TAP,Molson Coors Beverage Company Class B Common Stock,$36.01,-0.26,-0.717%,"6,714,206,127",/market-activity/stocks/tap,US_NASDAQ_TAP
GLBE,Global-E Online Ltd. Ordinary Shares,$40.06,0.78,1.986%,"6,712,785,617",/market-activity/stocks/glbe,US_NASDAQ_GLBE
BLTE,"Belite Bio, Inc American Depositary Shares",$166.66,0.73,0.44%,"6,711,755,519",/market-activity/stocks/blte,US_NASDAQ_BLTE
HIMS,"Hims & Hers Health, Inc. Class A Common Stock",$28.70,-0.08,-0.278%,"6,696,094,953",/market-activity/stocks/hims,US_NASDAQ_HIMS
NE,Noble Corporation plc A Ordinary Shares,$41.94,-0.67,-1.572%,"6,695,394,623",/market-activity/stocks/ne,US_NASDAQ_NE
CHE,Chemed Corp,$512.05,-2.25,-0.437%,"6,692,473,530",/market-activity/stocks/che,US_NASDAQ_CHE
PACS,"PACS Group, Inc. Common Stock",$42.25,-0.81,-1.881%,"6,689,679,607",/market-activity/stocks/pacs,US_NASDAQ_PACS
ICL,ICL Group Ltd. Ordinary Shares,$5.17,0.15,2.988%,"6,672,778,009",/market-activity/stocks/icl,US_NASDAQ_ICL
DUOL,"Duolingo, Inc. Class A Common Stock",$142.62,8.32,6.195%,"6,672,657,685",/market-activity/stocks/duol,US_NASDAQ_DUOL
FLR,Fluor Corporation Common Stock,$49.83,0.61,1.239%,"6,664,317,369",/market-activity/stocks/flr,US_NASDAQ_FLR
BROS,Dutch Bros Inc. Class A Common Stock,$38.10,0.36,0.954%,"6,655,373,380",/market-activity/stocks/bros,US_NASDAQ_BROS
AUGO,Aura Minerals Inc. Common Shares,$79.36,1.64,2.11%,"6,649,512,737",/market-activity/stocks/augo,US_NASDAQ_AUGO
RYTM,"Rhythm Pharmaceuticals, Inc. Common Stock",$95.71,-2.85,-2.892%,"6,589,832,768",/market-activity/stocks/rytm,US_NASDAQ_RYTM
FIGR,"Figure Technology Solutions, Inc. Class A Common Stock",$29.30,-0.03,-0.102%,"6,574,271,650",/market-activity/stocks/figr,US_NASDAQ_FIGR
ENS,EnerSys Common Stock,$182.10,4.12,2.315%,"6,567,477,290",/market-activity/stocks/ens,US_NASDAQ_ENS
BZ,KANZHUN LIMITED American Depository Shares,$14.17,-0.01,-0.071%,"6,557,956,812",/market-activity/stocks/bz,US_NASDAQ_BZ
IOVA,"Iovance Biotherapeutics, Inc. Common Stock",$14.45,3.46,31.483%,"6,545,437,192",/market-activity/stocks/iova,US_NASDAQ_IOVA
FAF,First American Corporation (New) Common Stock,$64.03,-0.69,-1.066%,"6,537,463,000",/market-activity/stocks/faf,US_NASDAQ_FAF
NPO,Enpro Inc. Common Stock,$307.72,0.28,0.091%,"6,513,718,797",/market-activity/stocks/npo,US_NASDAQ_NPO
TAL,TAL Education Group American Depositary Shares,$11.73,-0.16,-1.346%,"6,506,645,709",/market-activity/stocks/tal,US_NASDAQ_TAL
BEPJ,Brookfield BRP Holdings (Canada) Inc. 7.250% Perpetual Subordinated Notes,$22.63,0.03,0.133%,"6,498,529,014",/market-activity/stocks/bepj,US_NASDAQ_BEPJ
LNTH,"Lantheus Holdings, Inc. Common Stock",$99.51,-0.23,-0.231%,"6,495,253,439",/market-activity/stocks/lnth,US_NASDAQ_LNTH
PPC,Pilgrim's Pride Corporation Common Stock,$27.27,-0.84,-2.988%,"6,493,219,449",/market-activity/stocks/ppc,US_NASDAQ_PPC
MAC,Macerich Company (The) Common Stock,$22.89,0.32,1.418%,"6,490,674,094",/market-activity/stocks/mac,US_NASDAQ_MAC
OMF,"OneMain Holdings, Inc. Common Stock",$56.35,0.12,0.213%,"6,482,586,778",/market-activity/stocks/omf,US_NASDAQ_OMF
URBN,"Urban Outfitters, Inc. Common Stock",$75.64,0.20,0.265%,"6,479,336,091",/market-activity/stocks/urbn,US_NASDAQ_URBN
TXNM,"TXNM Energy, Inc. Common Stock",$58.50,0.23,0.395%,"6,442,356,785",/market-activity/stocks/txnm,US_NASDAQ_TXNM
OR,OR Royalties Inc. Common Shares,$34.34,0.06,0.175%,"6,438,607,970",/market-activity/stocks/or,US_NASDAQ_OR
MBLY,Mobileye Global Inc. Class A Common Stock,$7.565,-0.23,-2.951%,"6,431,669,179",/market-activity/stocks/mbly,US_NASDAQ_MBLY
PATH,"UiPath, Inc. Class A Common Stock",$12.32,0.13,1.066%,"6,420,634,639",/market-activity/stocks/path,US_NASDAQ_PATH
TFPM,Triple Flag Precious Metals Corp. Common Shares,$31.05,0.22,0.714%,"6,415,051,468",/market-activity/stocks/tfpm,US_NASDAQ_TFPM
ACT,"Enact Holdings, Inc. Common Stock",$46.44,-0.50,-1.065%,"6,384,741,681",/market-activity/stocks/act,US_NASDAQ_ACT
HXL,Hexcel Corporation Common Stock,$84.35,0.21,0.25%,"6,378,838,176",/market-activity/stocks/hxl,US_NASDAQ_HXL
NFEGP,New Fortress Energy Inc. Series A Mandatorily Convertible Preferred Stock,$390.00,-10.00,-2.50%,"6,365,429,850",/market-activity/stocks/nfegp,US_NASDAQ_NFEGP
RUSHB,"Rush Enterprises, Inc. Class B",$54.52,-0.57,-1.035%,"6,364,139,064",/market-activity/stocks/rushb,US_NASDAQ_RUSHB
LAD,"Lithia Motors, Inc. Common Stock",$289.26,-13.81,-4.557%,"6,358,836,134",/market-activity/stocks/lad,US_NASDAQ_LAD
ETSY,"Etsy, Inc. Common Stock",$69.28,0.36,0.522%,"6,358,639,501",/market-activity/stocks/etsy,US_NASDAQ_ETSY
NICE,NICE Ltd American Depositary Shares,$106.81,-2.28,-2.09%,"6,344,896,380",/market-activity/stocks/nice,US_NASDAQ_NICE
VNO,Vornado Realty Trust Common Stock,$33.89,-0.21,-0.616%,"6,327,958,796",/market-activity/stocks/vno,US_NASDAQ_VNO
LQDA,Liquidia Corporation Common Stock,$70.69,-2.98,-4.045%,"6,327,383,505",/market-activity/stocks/lqda,US_NASDAQ_LQDA
MGY,Magnolia Oil & Gas Corporation Class A Common Stock,$23.60,-0.11,-0.464%,"6,324,949,199",/market-activity/stocks/mgy,US_NASDAQ_MGY
ACGLO,"Arch Capital Group Ltd. Depositary Shares Each Representing 1/1,000th Interest in a Share of 5.45% Non-Cumulative Preferred Shares, Series F",$18.52,-0.07,-0.377%,"6,319,563,414",/market-activity/stocks/acglo,US_NASDAQ_ACGLO
ZG,"Zillow Group, Inc. Class A Common Stock",$28.01,-0.14,-0.497%,"6,298,747,462",/market-activity/stocks/zg,US_NASDAQ_ZG
UBSI,"United Bankshares, Inc. Common Stock",$46.15,-0.57,-1.22%,"6,286,210,152",/market-activity/stocks/ubsi,US_NASDAQ_UBSI
CLF,Cleveland-Cliffs Inc. Common Stock,$11.01,-0.21,-1.872%,"6,281,645,917",/market-activity/stocks/clf,US_NASDAQ_CLF
MTDR,Matador Resources Company Common Stock,$50.69,-0.76,-1.477%,"6,273,101,209",/market-activity/stocks/mtdr,US_NASDAQ_MTDR
GDS,GDS Holdings Limited ADS,$31.28,-0.38,-1.20%,"6,267,811,735",/market-activity/stocks/gds,US_NASDAQ_GDS
ANDG,Andersen Group Inc. Class A Common Stock,$55.47,2.69,5.097%,"6,267,469,488",/market-activity/stocks/andg,US_NASDAQ_ANDG
CGON,"CG Oncology, Inc. Common stock",$70.52,0.91,1.307%,"6,250,919,245",/market-activity/stocks/cgon,US_NASDAQ_CGON
QBTS,D-Wave Quantum Inc. Common Stock,$16.43,-0.35,-2.086%,"6,237,265,498",/market-activity/stocks/qbts,US_NASDAQ_QBTS
DOX,Amdocs Limited Ordinary Shares,$57.59,0.17,0.296%,"6,216,813,951",/market-activity/stocks/dox,US_NASDAQ_DOX
INGM,Ingram Micro Holding Corporation Common Stock,$26.95,0.49,1.852%,"6,216,338,313",/market-activity/stocks/ingm,US_NASDAQ_INGM
RNG,"RingCentral, Inc. Class A Common Stock",$74.43,-1.70,-2.233%,"6,215,363,638",/market-activity/stocks/rng,US_NASDAQ_RNG
OGC,OceanaGold Corporation Common Shares,$27.69,0.76,2.822%,"6,208,597,057",/market-activity/stocks/ogc,US_NASDAQ_OGC
GATX,GATX Corporation Common Stock,$175.86,-5.40,-2.979%,"6,207,858,000",/market-activity/stocks/gatx,US_NASDAQ_GATX
CAVA,"CAVA Group, Inc. Common Stock",$53.14,1.56,3.024%,"6,207,081,362",/market-activity/stocks/cava,US_NASDAQ_CAVA
LB,LandBridge Company LLC Class A Shares Representing Limited Liability Company Interests,$80.49,-0.23,-0.285%,"6,204,604,812",/market-activity/stocks/lb,US_NASDAQ_LB
DPC,DPC Holdings PLC Ordinary Shares,$41.46,0.92,2.269%,"6,193,834,443",/market-activity/stocks/dpc,US_NASDAQ_DPC
BLDR,"Builders FirstSource, Inc. Common Stock",$57.53,-0.48,-0.827%,"6,190,024,171",/market-activity/stocks/bldr,US_NASDAQ_BLDR
LGND,Ligand Pharmaceuticals Incorporated Common Stock,$310.36,-3.74,-1.191%,"6,187,215,609",/market-activity/stocks/lgnd,US_NASDAQ_LGND
BILI,Bilibili Inc. American Depositary Shares,$14.84,-0.30,-1.982%,"6,182,694,921",/market-activity/stocks/bili,US_NASDAQ_BILI
TBBB,BBB Foods Inc. Class A Common Shares,$52.40,-1.14,-2.129%,"6,175,714,608",/market-activity/stocks/tbbb,US_NASDAQ_TBBB
QLYS,"Qualys, Inc. Common Stock",$178.35,4.52,2.60%,"6,170,018,428",/market-activity/stocks/qlys,US_NASDAQ_QLYS
HR,Healthcare Realty Trust Incorporated Common Stock,$17.94,-0.04,-0.222%,"6,148,392,494",/market-activity/stocks/hr,US_NASDAQ_HR
Z,"Zillow Group, Inc. Class C Capital Stock",$27.34,-0.10,-0.364%,"6,148,081,242",/market-activity/stocks/z,US_NASDAQ_Z
TTAN,"ServiceTitan, Inc. Class A Common Stock",$63.52,3.60,6.008%,"6,127,641,199",/market-activity/stocks/ttan,US_NASDAQ_TTAN
BLCO,Bausch + Lomb Corporation Common Shares,$17.14,0.19,1.121%,"6,121,812,316",/market-activity/stocks/blco,US_NASDAQ_BLCO
FNB,F.N.B. Corporation Common Stock,$17.32,-0.11,-0.631%,"6,113,976,835",/market-activity/stocks/fnb,US_NASDAQ_FNB
TEX,Terex Corporation Common Stock,$53.37,-2.13,-3.838%,"6,100,191,000",/market-activity/stocks/tex,US_NASDAQ_TEX
GRAL,"GRAIL, Inc. Common Stock ",$136.57,3.94,2.971%,"6,100,067,577",/market-activity/stocks/gral,US_NASDAQ_GRAL
ST,Sensata Technologies Holding plc Ordinary Shares,$41.91,0.17,0.407%,"6,099,407,976",/market-activity/stocks/st,US_NASDAQ_ST
INGR,Ingredion Incorporated Common Stock,$96.46,0.01,0.01%,"6,083,151,414",/market-activity/stocks/ingr,US_NASDAQ_INGR
M,Macy's Inc Common Stock,$23.27,0.26,1.13%,"6,077,580,552",/market-activity/stocks/m,US_NASDAQ_M
CVLT,"Commvault Systems, Inc. Common Stock",$146.35,-1.73,-1.168%,"6,065,411,941",/market-activity/stocks/cvlt,US_NASDAQ_CVLT
NXE,Nexgen Energy Ltd. Common Shares,$9.03,0.04,0.445%,"6,054,670,092",/market-activity/stocks/nxe,US_NASDAQ_NXE
CRUS,"Cirrus Logic, Inc. Common Stock",$120.80,1.27,1.062%,"6,054,201,369",/market-activity/stocks/crus,US_NASDAQ_CRUS
CZR,"Caesars Entertainment, Inc. Common Stock",$29.62,0.03,0.101%,"6,034,197,419",/market-activity/stocks/czr,US_NASDAQ_CZR
CPB,The Campbell's Company Common Stock,$20.23,0.19,0.948%,"6,033,287,839",/market-activity/stocks/cpb,US_NASDAQ_CPB
SFM,"Sprouts Farmers Market, Inc. Common Stock",$64.65,1.20,1.891%,"6,028,458,956",/market-activity/stocks/sfm,US_NASDAQ_SFM
IFS,Intercorp Financial Services Inc. Common Shares,$54.56,-0.96,-1.729%,"6,023,298,785",/market-activity/stocks/ifs,US_NASDAQ_IFS
CMSC,CMS Energy Corporation 5.875% Junior Subordinated Notes due 2078,$20.12,-0.28,-1.373%,"6,022,629,475",/market-activity/stocks/cmsc,US_NASDAQ_CMSC
ECG,"Everus Construction Group, Inc. Common Stock",$117.80,1.14,0.977%,"6,015,319,881",/market-activity/stocks/ecg,US_NASDAQ_ECG
ELF,"e.l.f. Beauty, Inc. Common Stock",$101.70,-0.10,-0.098%,"6,001,113,193",/market-activity/stocks/elf,US_NASDAQ_ELF
CMBT,CMB.TECH NV Ordinary Shares,$18.95,-0.10,-0.525%,"5,987,776,411",/market-activity/stocks/cmbt,US_NASDAQ_CMBT
XMTR,"Xometry, Inc. Class A Common Stock",$104.23,1.09,1.057%,"5,974,836,014",/market-activity/stocks/xmtr,US_NASDAQ_XMTR
CMSD,CMS Energy Corporation 5.875% Junior Subordinated Notes due 2079,$19.93,-0.34,-1.677%,"5,965,755,738",/market-activity/stocks/cmsd,US_NASDAQ_CMSD
PL,Planet Labs PBC Class A Common Stock,$16.38,-0.39,-2.326%,"5,959,830,060",/market-activity/stocks/pl,US_NASDAQ_PL
SWX,"Southwest Gas Holdings, Inc. Common Stock (DE)",$82.24,0.37,0.452%,"5,957,946,951",/market-activity/stocks/swx,US_NASDAQ_SWX
LOAR,Loar Holdings Inc. Common Stock,$63.55,-0.02,-0.031%,"5,953,902,332",/market-activity/stocks/loar,US_NASDAQ_LOAR
JOBY,"Joby Aviation, Inc. Common Stock",$5.99,-0.12,-1.964%,"5,953,307,926",/market-activity/stocks/joby,US_NASDAQ_JOBY
LW,"Lamb Weston Holdings, Inc. Common Stock ",$43.27,0.09,0.208%,"5,948,803,346",/market-activity/stocks/lw,US_NASDAQ_LW
GGAL,Grupo Financiero Galicia S.A. American Depositary Shares,$37.02,0.04,0.108%,"5,946,351,308",/market-activity/stocks/ggal,US_NASDAQ_GGAL
VIPS,"Vipshop Holdings Limited American Depositary Shares, each representing two ordinary shares",$12.38,-0.09,-0.722%,"5,945,749,285",/market-activity/stocks/vips,US_NASDAQ_VIPS
PJT,PJT Partners Inc. Class A Common Stock,$144.84,-4.30,-2.883%,"5,940,121,448",/market-activity/stocks/pjt,US_NASDAQ_PJT
KNSA,"Kiniksa Pharmaceuticals International, plc Class A Ordinary Shares",$75.73,-0.37,-0.486%,"5,908,758,504",/market-activity/stocks/knsa,US_NASDAQ_KNSA
POOL,Pool Corporation Common Stock,$162.52,-0.79,-0.484%,"5,906,098,202",/market-activity/stocks/pool,US_NASDAQ_POOL
SGHC,Super Group (SGHC) Limited Ordinary Shares,$11.60,-0.12,-1.024%,"5,893,690,741",/market-activity/stocks/sghc,US_NASDAQ_SGHC
LEA,Lear Corporation Common Stock,$119.32,-0.92,-0.765%,"5,885,430,840",/market-activity/stocks/lea,US_NASDAQ_LEA
CROX,"Crocs, Inc. Common Stock",$122.63,0.27,0.221%,"5,879,504,547",/market-activity/stocks/crox,US_NASDAQ_CROX
CIG,Comp En De Mn Cemig ADS American Depositary Shares,$2.05,0.02,0.985%,"5,866,652,885",/market-activity/stocks/cig,US_NASDAQ_CIG
ENIC,Enel Chile S.A. American Depositary Shares (Each representing 50 shares of Common Stock),$4.24,-0.02,-0.469%,"5,865,324,051",/market-activity/stocks/enic,US_NASDAQ_ENIC
LKQ,LKQ Corporation Common Stock,$23.11,-0.11,-0.474%,"5,846,878,207",/market-activity/stocks/lkq,US_NASDAQ_LKQ
WEX,WEX Inc. common stock,$171.46,-5.60,-3.163%,"5,843,633,022",/market-activity/stocks/wex,US_NASDAQ_WEX
RIG,Transocean Ltd (Switzerland) Common Stock,$5.21,-0.07,-1.326%,"5,818,945,243",/market-activity/stocks/rig,US_NASDAQ_RIG
SRRK,Scholar Rock Holding Corporation Common Stock,$47.75,-1.38,-2.809%,"5,815,247,216",/market-activity/stocks/srrk,US_NASDAQ_SRRK
XE,"X-Energy, Inc. Class A Common Stock",$14.29,-0.14,-0.97%,"5,806,971,683",/market-activity/stocks/xe,US_NASDAQ_XE
LGN,Legence Corp. Class A Common stock,$53.70,0.29,0.543%,"5,803,653,276",/market-activity/stocks/lgn,US_NASDAQ_LGN
MTG,MGIC Investment Corporation Common Stock,$28.25,-0.10,-0.353%,"5,794,776,730",/market-activity/stocks/mtg,US_NASDAQ_MTG
HWC,Hancock Whitney Corporation Common Stock,$72.20,-0.63,-0.865%,"5,792,104,788",/market-activity/stocks/hwc,US_NASDAQ_HWC
STVN,Stevanato Group S.p.A. Ordinary Shares,$21.20,-0.21,-0.981%,"5,787,678,313",/market-activity/stocks/stvn,US_NASDAQ_STVN
AVAL,Grupo Aval Acciones y Valores S.A. ADR (Each representing 20 preferred shares),$4.87,0.08,1.67%,"5,781,536,348",/market-activity/stocks/aval,US_NASDAQ_AVAL
MKTX,"MarketAxess Holdings, Inc. Common Stock",$163.96,0.02,0.012%,"5,770,226,408",/market-activity/stocks/mktx,US_NASDAQ_MKTX
WFRD,Weatherford International plc Ordinary Shares,$80.41,-2.39,-2.886%,"5,750,288,283",/market-activity/stocks/wfrd,US_NASDAQ_WFRD
KOD,Kodiak Sciences Inc Common Stock,$91.12,1.20,1.335%,"5,726,842,522",/market-activity/stocks/kod,US_NASDAQ_KOD
JBTM,JBT Marel Corporation Common Stock,$110.32,-0.83,-0.747%,"5,723,050,451",/market-activity/stocks/jbtm,US_NASDAQ_JBTM
LSTR,"Landstar System, Inc. Common Stock",$168.42,3.01,1.82%,"5,715,656,909",/market-activity/stocks/lstr,US_NASDAQ_LSTR
LUMN,"Lumen Technologies, Inc. Common Stock",$5.54,0.01,0.181%,"5,714,207,538",/market-activity/stocks/lumn,US_NASDAQ_LUMN
LYFT,"Lyft, Inc. Class A Common Stock",$15.07,0.19,1.277%,"5,704,601,552",/market-activity/stocks/lyft,US_NASDAQ_LYFT
VFC,V.F. Corporation Common Stock,$14.50,0.08,0.555%,"5,700,451,265",/market-activity/stocks/vfc,US_NASDAQ_VFC
KOF,"Coca Cola Femsa S.A.B. de C.V.  American Depositary Shares, each representing 10 Units (each Unit consists of 3 Series B Shares and 5 Series L Shares)",$108.49,-0.28,-0.257%,"5,697,982,351",/market-activity/stocks/kof,US_NASDAQ_KOF
TTD,"The Trade Desk, Inc. Class A Common Stock",$12.05,-0.29,-2.35%,"5,697,181,003",/market-activity/stocks/ttd,US_NASDAQ_TTD
BLSH,Bullish Ordinary Shares,$35.68,-0.31,-0.861%,"5,695,998,801",/market-activity/stocks/blsh,US_NASDAQ_BLSH
GBCI,"Glacier Bancorp, Inc. Common Stock",$43.67,-0.39,-0.885%,"5,686,355,988",/market-activity/stocks/gbci,US_NASDAQ_GBCI
MIRM,"Mirum Pharmaceuticals, Inc. Common Stock",$87.54,-0.42,-0.477%,"5,684,165,051",/market-activity/stocks/mirm,US_NASDAQ_MIRM
ESNT,Essent Group Ltd. Common Shares,$63.24,-0.20,-0.315%,"5,683,789,417",/market-activity/stocks/esnt,US_NASDAQ_ESNT
HOMB,"Home BancShares, Inc. Common Stock",$28.41,-0.45,-1.559%,"5,683,409,988",/market-activity/stocks/homb,US_NASDAQ_HOMB
EPRT,"Essential Properties Realty Trust, Inc. Common Stock",$26.27,-0.13,-0.492%,"5,681,491,815",/market-activity/stocks/eprt,US_NASDAQ_EPRT
ANF,Abercrombie & Fitch Company Common Stock,$133.59,-0.59,-0.44%,"5,668,808,423",/market-activity/stocks/anf,US_NASDAQ_ANF
CMSA,CMS Energy Corporation 5.625% Junior Subordinated Notes due 2078,$18.93,-0.225,-1.175%,"5,666,420,277",/market-activity/stocks/cmsa,US_NASDAQ_CMSA
TVTX,"Travere Therapeutics, Inc. Common Stock",$59.99,-1.58,-2.566%,"5,654,722,309",/market-activity/stocks/tvtx,US_NASDAQ_TVTX
ACI,"Albertsons Companies, Inc. Class A Common Stock",$11.64,UNCH,--,"5,649,190,950",/market-activity/stocks/aci,US_NASDAQ_ACI
FSV,FirstService Corporation Common Shares,$129.20,0.18,0.14%,"5,642,134,284",/market-activity/stocks/fsv,US_NASDAQ_FSV
MMED,"MiniMed Group, Inc. Common Stock",$20.04,-0.45,-2.196%,"5,638,252,617",/market-activity/stocks/mmed,US_NASDAQ_MMED
ORA,"Ormat Technologies, Inc. Common Stock",$91.27,0.91,1.007%,"5,612,825,805",/market-activity/stocks/ora,US_NASDAQ_ORA
SNDR,"Schneider National, Inc. Common Stock",$31.98,0.40,1.267%,"5,606,122,750",/market-activity/stocks/sndr,US_NASDAQ_SNDR
MTRN,Materion Corporation,$268.56,6.57,2.508%,"5,595,105,186",/market-activity/stocks/mtrn,US_NASDAQ_MTRN
OTEX,Open Text Corporation Common Shares,$22.31,0.09,0.405%,"5,590,947,955",/market-activity/stocks/otex,US_NASDAQ_OTEX
YOU,"Clear Secure, Inc. Class A Common Stock",$41.22,0.86,2.131%,"5,576,574,740",/market-activity/stocks/you,US_NASDAQ_YOU
BLLN,"BillionToOne, Inc. Class A Common Stock",$118.18,-3.54,-2.908%,"5,576,564,151",/market-activity/stocks/blln,US_NASDAQ_BLLN
CACC,Credit Acceptance Corporation Common Stock,$537.10,-12.90,-2.345%,"5,575,409,518",/market-activity/stocks/cacc,US_NASDAQ_CACC
RDNT,"RadNet, Inc. Common Stock",$70.65,-1.16,-1.615%,"5,559,961,207",/market-activity/stocks/rdnt,US_NASDAQ_RDNT
WFG,West Fraser Timber Co. Ltd Common stock,$70.79,-0.68,-0.951%,"5,543,127,559",/market-activity/stocks/wfg,US_NASDAQ_WFG
MCY,Mercury General Corporation Common Stock,$99.87,1.02,1.032%,"5,531,662,178",/market-activity/stocks/mcy,US_NASDAQ_MCY
RYN,Rayonier Inc. REIT Common Stock,$18.58,-0.21,-1.118%,"5,528,800,267",/market-activity/stocks/ryn,US_NASDAQ_RYN
EPAM,"EPAM Systems, Inc. Common Stock",$107.14,-0.41,-0.381%,"5,527,029,144",/market-activity/stocks/epam,US_NASDAQ_EPAM
CGABL,The Carlyle Group Inc. 4.625% Subordinated Notes due 2061,$15.25,-0.07,-0.457%,"5,515,999,832",/market-activity/stocks/cgabl,US_NASDAQ_CGABL
COGT,"Cogent Biosciences, Inc. Common Stock",$31.66,-0.20,-0.628%,"5,493,800,930",/market-activity/stocks/cogt,US_NASDAQ_COGT
SXT,Sensient Technologies Corporation Common Stock,$128.72,-0.16,-0.124%,"5,478,685,032",/market-activity/stocks/sxt,US_NASDAQ_SXT
CPA,"Copa Holdings, S.A. Class A Common Stock",$133.05,1.98,1.511%,"5,473,484,477",/market-activity/stocks/cpa,US_NASDAQ_CPA
INSW,"International Seaways, Inc. Common Stock ",$110.24,1.93,1.782%,"5,460,331,725",/market-activity/stocks/insw,US_NASDAQ_INSW
BIRK,Birkenstock Holding plc Ordinary Shares,$33.04,0.07,0.212%,"5,455,769,780",/market-activity/stocks/birk,US_NASDAQ_BIRK
WPP,WPP plc American Depositary Shares,$25.26,-0.31,-1.212%,"5,450,109,523",/market-activity/stocks/wpp,US_NASDAQ_WPP
VAL,Valaris Limited Common Shares,$78.45,-1.17,-1.469%,"5,447,239,059",/market-activity/stocks/val,US_NASDAQ_VAL
BGC,"BGC Group, Inc. Class A Common Stock",$11.45,-0.32,-2.719%,"5,444,091,677",/market-activity/stocks/bgc,US_NASDAQ_BGC
ORKA,"Oruka Therapeutics, Inc. Common Stock",$82.15,-2.04,-2.423%,"5,439,126,773",/market-activity/stocks/orka,US_NASDAQ_ORKA
AUB,Atlantic Union Bankshares Corporation Common Stock,$38.00,-0.55,-1.427%,"5,426,966,048",/market-activity/stocks/aub,US_NASDAQ_AUB
DLB,Dolby Laboratories Common Stock,$57.93,-0.26,-0.447%,"5,426,233,294",/market-activity/stocks/dlb,US_NASDAQ_DLB
PTCT,"PTC Therapeutics, Inc. Common Stock",$64.96,-0.99,-1.501%,"5,421,613,698",/market-activity/stocks/ptct,US_NASDAQ_PTCT
PEGA,Pegasystems Inc. Common Stock,$32.97,-0.26,-0.782%,"5,420,431,037",/market-activity/stocks/pega,US_NASDAQ_PEGA
G,Genpact Limited Common Stock,$32.24,-0.36,-1.104%,"5,417,429,282",/market-activity/stocks/g,US_NASDAQ_G
ASB,Associated Banc-Corp Common Stock,$28.68,-0.28,-0.967%,"5,416,208,220",/market-activity/stocks/asb,US_NASDAQ_ASB
CRSP,CRISPR Therapeutics AG Common Shares,$56.00,1.91,3.531%,"5,414,788,568",/market-activity/stocks/crsp,US_NASDAQ_CRSP
VRNS,"Varonis Systems, Inc. Common Stock",$47.11,-0.815,-1.701%,"5,411,077,448",/market-activity/stocks/vrns,US_NASDAQ_VRNS
RUSHA,"Rush Enterprises, Inc. Common Stock Cl A",$46.285,-1.245,-2.619%,"5,402,864,574",/market-activity/stocks/rusha,US_NASDAQ_RUSHA
ABCB,Ameris Bancorp Common Stock,$80.46,-0.98,-1.203%,"5,399,448,450",/market-activity/stocks/abcb,US_NASDAQ_ABCB
PFH,"Prudential Financial, Inc. 4.125% Junior Subordinated Notes due 2060",$15.11,0.23,1.546%,"5,394,270,000",/market-activity/stocks/pfh,US_NASDAQ_PFH
PI,"Impinj, Inc. Common Stock",$176.45,-0.43,-0.243%,"5,391,326,174",/market-activity/stocks/pi,US_NASDAQ_PI
NAVN,"Navan, Inc. Class A Common Stock",$20.69,0.71,3.554%,"5,387,893,100",/market-activity/stocks/navn,US_NASDAQ_NAVN
WH,"Wyndham Hotels & Resorts, Inc. Common Stock ",$72.44,1.61,2.273%,"5,375,853,678",/market-activity/stocks/wh,US_NASDAQ_WH
JMKE,Jersey Mike's Subs Inc. Class A Common Stock,$16.92,0.25,1.50%,"5,374,450,188",/market-activity/stocks/jmke,US_NASDAQ_JMKE
SAIC,Science Applications International Corporation Common Stock,$128.21,-2.72,-2.077%,"5,371,695,783",/market-activity/stocks/saic,US_NASDAQ_SAIC
BKH,Black Hills Corporation Common Stock,$70.27,0.54,0.774%,"5,358,308,218",/market-activity/stocks/bkh,US_NASDAQ_BKH
TFX,Teleflex Incorporated Common Stock,$126.32,-1.06,-0.832%,"5,352,481,189",/market-activity/stocks/tfx,US_NASDAQ_TFX
MRX,Marex Group Limited Ordinary Shares,$72.13,0.84,1.178%,"5,347,201,533",/market-activity/stocks/mrx,US_NASDAQ_MRX
CAKE,Cheesecake Factory Incorporated (The) Common Stock,$107.35,2.19,2.083%,"5,341,804,060",/market-activity/stocks/cake,US_NASDAQ_CAKE
NOVT,Novanta Inc. Common Stock,$141.22,-0.86,-0.605%,"5,340,625,479",/market-activity/stocks/novt,US_NASDAQ_NOVT
OBDC,Blue Owl Capital Corporation Common Stock,$10.81,0.04,0.371%,"5,330,871,171",/market-activity/stocks/obdc,US_NASDAQ_OBDC
BCPC,Balchem Corporation Common Stock,$167.15,-1.53,-0.907%,"5,328,411,210",/market-activity/stocks/bcpc,US_NASDAQ_BCPC
EXP,Eagle Materials Inc Common Stock,$173.58,-2.29,-1.302%,"5,324,622,914",/market-activity/stocks/exp,US_NASDAQ_EXP
STWD,"STARWOOD PROPERTY TRUST, INC. Starwood Property Trust Inc.",$14.36,0.04,0.279%,"5,315,626,122",/market-activity/stocks/stwd,US_NASDAQ_STWD
AGX,"Argan, Inc. Common Stock",$378.39,23.18,6.526%,"5,308,751,914",/market-activity/stocks/agx,US_NASDAQ_AGX
CHDN,"Churchill Downs, Incorporated Common Stock",$76.16,0.44,0.581%,"5,308,370,507",/market-activity/stocks/chdn,US_NASDAQ_CHDN
SHC,Sotera Health Company Common Stock,$18.60,0.15,0.813%,"5,307,971,187",/market-activity/stocks/shc,US_NASDAQ_SHC
LAUR,"Laureate Education, Inc. Common Stock",$38.38,0.76,2.02%,"5,286,820,437",/market-activity/stocks/laur,US_NASDAQ_LAUR
USAR,"USA Rare Earth, Inc. Class A Common Stock",$14.075,-0.34,-2.359%,"5,279,202,681",/market-activity/stocks/usar,US_NASDAQ_USAR
ROAD,"Construction Partners, Inc. Class A Common Stock",$91.90,0.43,0.47%,"5,272,721,605",/market-activity/stocks/road,US_NASDAQ_ROAD
ACMR,"ACM Research, Inc. Class A Common Stock",$75.61,-0.34,-0.448%,"5,266,175,710",/market-activity/stocks/acmr,US_NASDAQ_ACMR
AROC,"Archrock, Inc. Common Stock",$29.99,-0.56,-1.833%,"5,258,392,168",/market-activity/stocks/aroc,US_NASDAQ_AROC
PSMT,"PriceSmart, Inc. Common Stock",$170.38,-2.59,-1.497%,"5,258,016,079",/market-activity/stocks/psmt,US_NASDAQ_PSMT
RGTI,"Rigetti Computing, Inc. Common Stock",$15.74,-0.21,-1.317%,"5,253,520,078",/market-activity/stocks/rgti,US_NASDAQ_RGTI
BBUC,Brookfield Business Corporation Class A Subordinate Voting Shares,$25.26,-0.07,-0.276%,"5,251,554,000",/market-activity/stocks/bbuc,US_NASDAQ_BBUC
BETA,"Beta Technologies, Inc. Class A Common Stock",$22.44,-0.44,-1.923%,"5,249,637,386",/market-activity/stocks/beta,US_NASDAQ_BETA
MBGL,Mobility Global Inc. Common Stock,$17.80,0.04,0.225%,"5,247,819,496",/market-activity/stocks/mbgl,US_NASDAQ_MBGL
MMSI,"Merit Medical Systems, Inc. Common Stock",$87.87,0.87,1.00%,"5,246,754,605",/market-activity/stocks/mmsi,US_NASDAQ_MMSI
KGS,"Kodiak Gas Services, Inc. Common Stock",$51.75,-0.97,-1.84%,"5,246,284,331",/market-activity/stocks/kgs,US_NASDAQ_KGS
EXLS,"ExlService Holdings, Inc. Common Stock",$34.58,-0.02,-0.058%,"5,242,760,215",/market-activity/stocks/exls,US_NASDAQ_EXLS
CORZ,"Core Scientific, Inc. Common Stock",$16.31,-0.21,-1.271%,"5,241,062,593",/market-activity/stocks/corz,US_NASDAQ_CORZ
TEO,Telecom Argentina SA,$12.15,0.07,0.579%,"5,233,461,864",/market-activity/stocks/teo,US_NASDAQ_TEO
SEI,"Solaris Energy Infrastructure, Inc. Class A Common Stock",$68.34,-0.81,-1.171%,"5,232,547,229",/market-activity/stocks/sei,US_NASDAQ_SEI
POR,Portland General Electric Co Common Stock,$44.49,0.31,0.702%,"5,232,368,353",/market-activity/stocks/por,US_NASDAQ_POR
MAIN,Main Street Capital Corporation Common Stock,$55.94,0.87,1.58%,"5,230,863,308",/market-activity/stocks/main,US_NASDAQ_MAIN
OZK,Bank OZK Common Stock,$46.20,-0.41,-0.88%,"5,226,889,298",/market-activity/stocks/ozk,US_NASDAQ_OZK
CORZZ,"Core Scientific, Inc. Tranche 2 Warrants",$16.25,-0.42,-2.519%,"5,221,782,166",/market-activity/stocks/corzz,US_NASDAQ_CORZZ
STEP,StepStone Group Inc. Class A Common Stock,$43.15,0.04,0.093%,"5,207,198,224",/market-activity/stocks/step,US_NASDAQ_STEP
AN,"AutoNation, Inc. Common Stock",$156.80,-4.56,-2.826%,"5,183,934,381",/market-activity/stocks/an,US_NASDAQ_AN
RLI,RLI Corp. Common Stock (DE),$56.48,0.50,0.893%,"5,183,337,346",/market-activity/stocks/rli,US_NASDAQ_RLI
PAGP,"Plains GP Holdings, L.P. Class A Units representing Limited Partner Interests",$26.13,-0.47,-1.767%,"5,171,234,760",/market-activity/stocks/pagp,US_NASDAQ_PAGP
NJR,NewJersey Resources Corporation Common Stock,$50.83,0.43,0.853%,"5,157,615,695",/market-activity/stocks/njr,US_NASDAQ_NJR
OLLI,"Ollie's Bargain Outlet Holdings, Inc. Common Stock",$86.78,1.25,1.461%,"5,154,940,532",/market-activity/stocks/olli,US_NASDAQ_OLLI
IBP,"Installed Building Products, Inc. Common Stock",$193.94,-2.15,-1.096%,"5,154,765,587",/market-activity/stocks/ibp,US_NASDAQ_IBP
MUR,Murphy Oil Corporation Common Stock,$35.95,-0.70,-1.91%,"5,154,551,444",/market-activity/stocks/mur,US_NASDAQ_MUR
ACGLN,"Arch Capital Group Ltd. Depositary Shares, each Representing a 1/1,000th Interest in a 4.550% Non-Cumulative Preferred Share, Series G",$15.07,-0.21,-1.374%,"5,142,322,929",/market-activity/stocks/acgln,US_NASDAQ_ACGLN
DFTX,"Definium Therapeutics, Inc. Common Shares",$38.21,-0.20,-0.521%,"5,134,161,160",/market-activity/stocks/dftx,US_NASDAQ_DFTX
GXO,"GXO Logistics, Inc. Common Stock ",$44.76,-0.01,-0.022%,"5,133,281,756",/market-activity/stocks/gxo,US_NASDAQ_GXO
NIQ,NIQ Global Intelligence plc Ordinary Shares,$17.40,-0.18,-1.024%,"5,132,232,034",/market-activity/stocks/niq,US_NASDAQ_NIQ
RRR,"Red Rock Resorts, Inc. Class A Common Stock",$48.85,-1.60,-3.171%,"5,130,040,833",/market-activity/stocks/rrr,US_NASDAQ_RRR
AXTI,AXT Inc Common Stock,$78.18,4.51,6.122%,"5,126,513,714",/market-activity/stocks/axti,US_NASDAQ_AXTI
BB,BlackBerry Limited Common Stock,$8.72,-0.08,-0.909%,"5,118,921,473",/market-activity/stocks/bb,US_NASDAQ_BB
WHD,"Cactus, Inc. Class A Common Stock",$63.72,-0.52,-0.809%,"5,109,032,451",/market-activity/stocks/whd,US_NASDAQ_WHD
CWST,"Casella Waste Systems, Inc. Class A Common Stock",$80.20,-1.40,-1.716%,"5,103,931,689",/market-activity/stocks/cwst,US_NASDAQ_CWST
VEON,VEON Ltd. ADS,$73.97,4.56,6.57%,"5,093,662,594",/market-activity/stocks/veon,US_NASDAQ_VEON
RITM,Rithm Capital Corp. Common Stock,$9.12,0.04,0.441%,"5,092,672,123",/market-activity/stocks/ritm,US_NASDAQ_RITM
GVA,Granite Construction Incorporated Common Stock,$116.27,0.50,0.432%,"5,088,499,578",/market-activity/stocks/gva,US_NASDAQ_GVA
CVI,CVR Energy Inc. Common Stock,$50.57,-0.18,-0.355%,"5,083,832,391",/market-activity/stocks/cvi,US_NASDAQ_CVI
IRDM,Iridium Communications Inc Common Stock,$47.94,-0.39,-0.807%,"5,079,740,761",/market-activity/stocks/irdm,US_NASDAQ_IRDM
FTDR,"Frontdoor, Inc. Common Stock",$73.38,0.46,0.631%,"5,055,391,528",/market-activity/stocks/ftdr,US_NASDAQ_FTDR
SBRA,"Sabra Health Care REIT, Inc. Common Stock",$19.78,-0.04,-0.202%,"5,053,053,314",/market-activity/stocks/sbra,US_NASDAQ_SBRA
SIGI,"Selective Insurance Group, Inc. Common Stock",$84.63,-0.45,-0.529%,"5,041,334,541",/market-activity/stocks/sigi,US_NASDAQ_SIGI
MTN,"Vail Resorts, Inc. Common Stock",$141.29,3.20,2.317%,"5,034,911,254",/market-activity/stocks/mtn,US_NASDAQ_MTN
MRCY,Mercury Systems Inc Common Stock,$82.64,2.52,3.145%,"5,029,766,747",/market-activity/stocks/mrcy,US_NASDAQ_MRCY
GRFS,"Grifols, S.A. American Depositary Shares",$7.295,-0.115,-1.552%,"5,015,713,054",/market-activity/stocks/grfs,US_NASDAQ_GRFS
FND,"Floor & Decor Holdings, Inc. Common Stock",$47.07,0.71,1.531%,"5,012,482,653",/market-activity/stocks/fnd,US_NASDAQ_FND
HRB,"H&R Block, Inc. Common Stock",$40.58,0.24,0.595%,"5,002,131,115",/market-activity/stocks/hrb,US_NASDAQ_HRB
OCTV,Octave Intelligence plc Class B Ordinary Shares,$18.63,0.05,0.269%,"5,000,995,990",/market-activity/stocks/octv,US_NASDAQ_OCTV
VSH,"Vishay Intertechnology, Inc. Common Stock",$32.46,0.23,0.714%,"4,978,687,761",/market-activity/stocks/vsh,US_NASDAQ_VSH
NXST,"Nexstar Media Group, Inc. Common Stock",$161.48,-0.30,-0.185%,"4,974,924,445",/market-activity/stocks/nxst,US_NASDAQ_NXST
ERAS,"Erasca, Inc. Common Stock",$14.21,0.08,0.566%,"4,970,118,517",/market-activity/stocks/eras,US_NASDAQ_ERAS
KRG,Kite Realty Group Trust Common Stock,$24.70,-0.10,-0.403%,"4,948,569,245",/market-activity/stocks/krg,US_NASDAQ_KRG
CNO,"CNO Financial Group, Inc. Common Stock",$53.29,-0.35,-0.652%,"4,930,463,861",/market-activity/stocks/cno,US_NASDAQ_CNO
OUT,OUTFRONT Media Inc. Common Stock,$27.99,0.08,0.287%,"4,930,025,675",/market-activity/stocks/out,US_NASDAQ_OUT
MANE,"Veradermics, Incorporated Common Stock",$117.82,2.82,2.452%,"4,922,535,624",/market-activity/stocks/mane,US_NASDAQ_MANE
CE,Celanese Corporation Common Stock,$44.84,-1.08,-2.352%,"4,921,141,842",/market-activity/stocks/ce,US_NASDAQ_CE
FLG,"Flagstar Bank, N.A. Common Stock",$11.84,-0.20,-1.661%,"4,914,699,178",/market-activity/stocks/flg,US_NASDAQ_FLG
AX,"Axos Financial, Inc. Common Stock",$86.29,-1.43,-1.63%,"4,906,277,079",/market-activity/stocks/ax,US_NASDAQ_AX
ACIW,"ACI Worldwide, Inc. Common Stock",$48.59,-0.41,-0.837%,"4,905,415,160",/market-activity/stocks/aciw,US_NASDAQ_ACIW
SON,Sonoco Products Company Common Stock,$49.61,-0.36,-0.72%,"4,905,188,899",/market-activity/stocks/son,US_NASDAQ_SON
KLIC,"Kulicke and Soffa Industries, Inc. Common Stock",$93.72,2.04,2.225%,"4,904,284,658",/market-activity/stocks/klic,US_NASDAQ_KLIC
MWH,"SOLV Energy, Inc. Class A Common Stock",$24.23,0.42,1.764%,"4,903,830,274",/market-activity/stocks/mwh,US_NASDAQ_MWH
GLNG,Golar Lng Ltd,$48.23,-0.56,-1.148%,"4,899,650,396",/market-activity/stocks/glng,US_NASDAQ_GLNG
GTX,Garrett Motion Inc. Common Stock,$26.24,0.38,1.469%,"4,893,587,183",/market-activity/stocks/gtx,US_NASDAQ_GTX
IEP,"Icahn Enterprises, L.P. Common Stock",$6.86,-0.005,-0.073%,"4,876,877,538",/market-activity/stocks/iep,US_NASDAQ_IEP
DNTH,"Dianthus Therapeutics, Inc. Common Stock",$87.16,-0.67,-0.763%,"4,875,240,386",/market-activity/stocks/dnth,US_NASDAQ_DNTH
BYD,Boyd Gaming Corporation Common Stock,$67.08,-2.11,-3.05%,"4,873,725,171",/market-activity/stocks/byd,US_NASDAQ_BYD
PECO,"Phillips Edison & Company, Inc. Common Stock",$37.65,0.06,0.16%,"4,845,555,000",/market-activity/stocks/peco,US_NASDAQ_PECO
HAFN,Hafnia Limited Common Shares,$9.67,0.54,5.915%,"4,833,474,838",/market-activity/stocks/hafn,US_NASDAQ_HAFN
ATHS,Athene Holding Ltd. 7.250% Fixed-Rate Reset Junior Subordinated Debentures due 2064,$23.70,-0.21,-0.878%,"4,830,178,500",/market-activity/stocks/aths,US_NASDAQ_ATHS
HESM,Hess Midstream LP Class A Representing Limited Partner Interests,$37.63,-0.85,-2.209%,"4,829,843,652",/market-activity/stocks/hesm,US_NASDAQ_HESM
WTM,"White Mountains Insurance Group, Ltd. Common Stock","$2,021.51",6.54,0.325%,"4,824,780,369",/market-activity/stocks/wtm,US_NASDAQ_WTM
SPHR,Sphere Entertainment Co. Class A Common Stock,$134.30,-4.42,-3.186%,"4,823,197,420",/market-activity/stocks/sphr,US_NASDAQ_SPHR
VSEC,VSE Corporation Common Stock,$171.59,-3.06,-1.752%,"4,815,668,545",/market-activity/stocks/vsec,US_NASDAQ_VSEC
GOLF,Acushnet Holdings Corp. Common Stock,$82.42,-1.37,-1.635%,"4,813,743,726",/market-activity/stocks/golf,US_NASDAQ_GOLF
HAE,Haemonetics Corporation Common Stock,$105.80,0.01,0.009%,"4,813,587,996",/market-activity/stocks/hae,US_NASDAQ_HAE
WAY,Waystar Holding Corp. Common Stock,$25.07,-0.67,-2.603%,"4,807,132,789",/market-activity/stocks/way,US_NASDAQ_WAY
MDA,MDA Space Ltd. Common Shares,$29.64,-1.41,-4.541%,"4,805,556,823",/market-activity/stocks/mda,US_NASDAQ_MDA
CWEN,"Clearway Energy, Inc. Class C Common Stock",$29.29,0.08,0.274%,"4,801,032,566",/market-activity/stocks/cwen,US_NASDAQ_CWEN
ABCL,AbCellera Biologics Inc. Common Shares,$14.82,0.90,6.466%,"4,800,279,940",/market-activity/stocks/abcl,US_NASDAQ_ABCL
EBC,"Eastern Bankshares, Inc. Common Stock",$20.98,-0.15,-0.71%,"4,794,172,361",/market-activity/stocks/ebc,US_NASDAQ_EBC
CSW,"CSW Industrials, Inc. Common Stock",$293.77,-1.64,-0.555%,"4,786,537,676",/market-activity/stocks/csw,US_NASDAQ_CSW
SIM,"Grupo Simec, S.A.B. de C.V. American Depositary Shares",$28.85,-0.14,-0.483%,"4,786,303,598",/market-activity/stocks/sim,US_NASDAQ_SIM
GHC,Graham Holdings Company Common Stock,"$1,127.83",-12.18,-1.068%,"4,776,278,846",/market-activity/stocks/ghc,US_NASDAQ_GHC
MIDD,Middleby Corporation (The) Common Stock,$105.56,-1.12,-1.05%,"4,773,671,160",/market-activity/stocks/midd,US_NASDAQ_MIDD
OMAB,Grupo Aeroportuario del Centro Norte S.A.B. de C.V. ADS,$98.82,-3.05,-2.994%,"4,770,157,810",/market-activity/stocks/omab,US_NASDAQ_OMAB
HLNE,Hamilton Lane Incorporated Class A Common Stock,$85.87,0.91,1.071%,"4,732,350,485",/market-activity/stocks/hlne,US_NASDAQ_HLNE
DOCS,"Doximity, Inc. Class A Common Stock",$26.52,0.32,1.221%,"4,727,083,390",/market-activity/stocks/docs,US_NASDAQ_DOCS
CHH,"Choice Hotels International, Inc. Common Stock",$104.25,1.25,1.214%,"4,709,956,620",/market-activity/stocks/chh,US_NASDAQ_CHH
OTF,Blue Owl Technology Finance Corp. Common Stock,$10.27,0.05,0.489%,"4,705,563,945",/market-activity/stocks/otf,US_NASDAQ_OTF
SKY,"Champion Homes, Inc. Common Stock",$86.69,-0.13,-0.15%,"4,705,544,816",/market-activity/stocks/sky,US_NASDAQ_SKY
EQPT,EquipmentShare.com Inc Class A Common Stock,$18.50,0.29,1.593%,"4,687,455,316",/market-activity/stocks/eqpt,US_NASDAQ_EQPT
CLMT,"Calumet, Inc. Common Stock",$53.23,0.62,1.178%,"4,678,822,996",/market-activity/stocks/clmt,US_NASDAQ_CLMT
GNTX,Gentex Corporation Common Stock,$22.13,-0.21,-0.94%,"4,662,422,115",/market-activity/stocks/gntx,US_NASDAQ_GNTX
HGTY,"Hagerty, Inc. Class A Common Stock",$13.55,0.02,0.148%,"4,656,087,300",/market-activity/stocks/hgty,US_NASDAQ_HGTY
REYN,Reynolds Consumer Products Inc. Common Stock,$22.07,-0.01,-0.045%,"4,652,156,973",/market-activity/stocks/reyn,US_NASDAQ_REYN
HCC,"Warrior Met Coal, Inc. Common Stock",$88.03,-3.72,-4.054%,"4,648,167,719",/market-activity/stocks/hcc,US_NASDAQ_HCC
MARA,"MARA Holdings, Inc. Common Stock",$11.99,-0.12,-0.991%,"4,631,728,571",/market-activity/stocks/mara,US_NASDAQ_MARA
BEPI,Brookfield BRP Holdings (Canada) Inc. 4.875% Perpetual Subordinated Notes,$16.12,0.01,0.062%,"4,629,089,161",/market-activity/stocks/bepi,US_NASDAQ_BEPI
CNX,CNX Resources Corporation Common Stock,$31.21,-0.49,-1.546%,"4,617,320,911",/market-activity/stocks/cnx,US_NASDAQ_CNX
UNF,Unifirst Corporation Common Stock,$254.54,-4.90,-1.889%,"4,603,145,395",/market-activity/stocks/unf,US_NASDAQ_UNF
CIGI,Colliers International Group Inc. Subordinate Voting Shares,$90.04,0.13,0.145%,"4,601,388,043",/market-activity/stocks/cigi,US_NASDAQ_CIGI
MEOH,Methanex Corporation Common Stock,$59.45,-0.33,-0.552%,"4,599,305,435",/market-activity/stocks/meoh,US_NASDAQ_MEOH
LPX,Louisiana-Pacific Corporation Common Stock,$65.76,-0.30,-0.454%,"4,598,163,442",/market-activity/stocks/lpx,US_NASDAQ_LPX
UEC,Uranium Energy Corp. Common Stock,$9.29,0.08,0.869%,"4,597,364,280",/market-activity/stocks/uec,US_NASDAQ_UEC
ADPT,Adaptive Biotechnologies Corporation Common Stock,$28.77,0.26,0.912%,"4,591,572,374",/market-activity/stocks/adpt,US_NASDAQ_ADPT
FBIN,"Fortune Brands Innovations, Inc. Common Stock",$38.41,-0.02,-0.052%,"4,585,058,432",/market-activity/stocks/fbin,US_NASDAQ_FBIN
PIPR,Piper Sandler Companies Common Stock,$64.72,-6.97,-9.722%,"4,573,781,234",/market-activity/stocks/pipr,US_NASDAQ_PIPR
TFSL,TFS Financial Corporation Common Stock,$16.30,-0.15,-0.912%,"4,571,216,907",/market-activity/stocks/tfsl,US_NASDAQ_TFSL
GMAB,Genmab A/S ADS,$35.57,0.21,0.594%,"4,569,920,345",/market-activity/stocks/gmab,US_NASDAQ_GMAB
HASI,"HA Sustainable Infrastructure Capital, Inc. Common Stock",$35.56,-0.69,-1.903%,"4,569,310,292",/market-activity/stocks/hasi,US_NASDAQ_HASI
NSIT,"Insight Enterprises, Inc. Common Stock",$155.64,-0.32,-0.205%,"4,567,855,014",/market-activity/stocks/nsit,US_NASDAQ_NSIT
RSI,"Rush Street Interactive, Inc. Class A Common Stock",$19.66,0.11,0.563%,"4,556,664,218",/market-activity/stocks/rsi,US_NASDAQ_RSI
HCXY,"Hercules Capital, Inc. 6.25% Notes due 2033",$25.0803,0.1003,0.402%,"4,556,480,632",/market-activity/stocks/hcxy,US_NASDAQ_HCXY
CHEF,"The Chefs' Warehouse, Inc. Common Stock",$111.50,-0.26,-0.233%,"4,548,763,255",/market-activity/stocks/chef,US_NASDAQ_CHEF
FFIN,"First Financial Bankshares, Inc. Common Stock",$31.73,-0.32,-0.998%,"4,547,781,797",/market-activity/stocks/ffin,US_NASDAQ_FFIN
RELY,"Remitly Global, Inc. Common Stock",$21.47,-0.42,-1.919%,"4,544,856,639",/market-activity/stocks/rely,US_NASDAQ_RELY
CUZ,Cousins Properties Incorporated Common Stock,$27.61,-0.45,-1.604%,"4,544,662,821",/market-activity/stocks/cuz,US_NASDAQ_CUZ
LFST,"LifeStance Health Group, Inc. Common Stock",$11.89,0.05,0.422%,"4,543,812,808",/market-activity/stocks/lfst,US_NASDAQ_LFST
MC,Moelis & Company Class A Common Stock,$58.00,-0.10,-0.172%,"4,539,605,944",/market-activity/stocks/mc,US_NASDAQ_MC
OGS,"ONE Gas, Inc. Common Stock",$72.20,0.54,0.754%,"4,538,222,694",/market-activity/stocks/ogs,US_NASDAQ_OGS
SR,Spire Inc. Common Stock,$76.77,-0.07,-0.091%,"4,538,090,193",/market-activity/stocks/sr,US_NASDAQ_SR
CRC,California Resources Corporation Common Stock,$51.09,-0.75,-1.447%,"4,537,808,333",/market-activity/stocks/crc,US_NASDAQ_CRC
CON,"Concentra Group Holdings Parent, Inc. Common Stock",$35.34,-0.02,-0.057%,"4,506,476,790",/market-activity/stocks/con,US_NASDAQ_CON
BOX,"Box, Inc. Class A Common Stock",$32.75,1.41,4.499%,"4,493,325,316",/market-activity/stocks/box,US_NASDAQ_BOX
MYRG,"MYR Group, Inc. Common Stock",$288.31,2.38,0.832%,"4,488,770,468",/market-activity/stocks/myrg,US_NASDAQ_MYRG
TREX,"Trex Company, Inc. Common Stock",$44.06,-0.38,-0.855%,"4,488,180,271",/market-activity/stocks/trex,US_NASDAQ_TREX
ADT,ADT Inc. Common Stock,$6.14,-0.05,-0.808%,"4,485,633,783",/market-activity/stocks/adt,US_NASDAQ_ADT
DIOD,Diodes Incorporated Common Stock,$97.18,0.81,0.841%,"4,475,304,692",/market-activity/stocks/diod,US_NASDAQ_DIOD
HHH,Howard Hughes Holdings Inc. Common Stock,$74.88,0.93,1.258%,"4,471,911,176",/market-activity/stocks/hhh,US_NASDAQ_HHH
TKC,Turkcell Iletisim Hizmetleri AS Common Stock,$5.08,-0.02,-0.392%,"4,470,400,000",/market-activity/stocks/tkc,US_NASDAQ_TKC
ATAT,Atour Lifestyle Holdings Limited American Depositary Shares,$32.85,0.08,0.244%,"4,469,018,989",/market-activity/stocks/atat,US_NASDAQ_ATAT
VSNT,"Versant Media Group, Inc. Class A Common Stock ",$32.17,-0.29,-0.893%,"4,464,948,388",/market-activity/stocks/vsnt,US_NASDAQ_VSNT
ALK,"Alaska Air Group, Inc. Common Stock",$39.93,0.23,0.579%,"4,456,312,582",/market-activity/stocks/alk,US_NASDAQ_ALK
AMTM,"Amentum Holdings, Inc. Common Stock",$18.15,-0.34,-1.839%,"4,437,791,396",/market-activity/stocks/amtm,US_NASDAQ_AMTM
PSN,Parsons Corporation Common Stock,$41.55,-0.05,-0.12%,"4,437,764,121",/market-activity/stocks/psn,US_NASDAQ_PSN
NNI,"Nelnet, Inc. Common Stock",$124.03,-0.02,-0.016%,"4,437,723,695",/market-activity/stocks/nni,US_NASDAQ_NNI
TPC,Tutor Perini Corporation Common Stock,$84.40,0.42,0.50%,"4,436,833,475",/market-activity/stocks/tpc,US_NASDAQ_TPC
BWIN,"The Baldwin Insurance Group, Inc. Class A Common Stock",$31.78,-0.04,-0.126%,"4,433,257,055",/market-activity/stocks/bwin,US_NASDAQ_BWIN
CNK,"Cinemark Holdings Inc Cinemark Holdings, Inc. Common Stock",$38.24,-0.14,-0.365%,"4,432,469,335",/market-activity/stocks/cnk,US_NASDAQ_CNK
MMYT,MakeMyTrip Limited Ordinary Shares,$47.12,-0.27,-0.57%,"4,432,044,153",/market-activity/stocks/mmyt,US_NASDAQ_MMYT
KBR,"KBR, Inc. Common Stock",$35.13,0.29,0.832%,"4,428,760,233",/market-activity/stocks/kbr,US_NASDAQ_KBR
PRM,"Perimeter Solutions, SA Common Stock",$26.92,-0.96,-3.443%,"4,406,451,967",/market-activity/stocks/prm,US_NASDAQ_PRM
MRP,"Millrose Properties, Inc. Class A Common Stock",$26.51,0.17,0.645%,"4,401,930,545",/market-activity/stocks/mrp,US_NASDAQ_MRP
OII,"Oceaneering International, Inc. Common Stock",$44.22,-1.62,-3.534%,"4,401,200,902",/market-activity/stocks/oii,US_NASDAQ_OII
CGAU,Centerra Gold Inc. Common Shares,$22.02,0.26,1.195%,"4,397,621,268",/market-activity/stocks/cgau,US_NASDAQ_CGAU
BIPC,Brookfield Infrastructure Corporation Brookfield Infrastructure Corporation,$35.69,0.70,2.001%,"4,390,426,657",/market-activity/stocks/bipc,US_NASDAQ_BIPC
SFBS,"ServisFirst Bancshares, Inc. Common Stock",$40.08,-0.94,-2.292%,"4,382,548,402",/market-activity/stocks/sfbs,US_NASDAQ_SFBS
EPR,EPR Properties Common Stock,$57.19,0.21,0.369%,"4,381,264,249",/market-activity/stocks/epr,US_NASDAQ_EPR
ONDS,Ondas Inc. Common Stock,$7.48,-0.20,-2.604%,"4,355,624,189",/market-activity/stocks/onds,US_NASDAQ_ONDS
KRMN,Karman Holdings Inc. Common Stock,$32.86,-0.82,-2.435%,"4,355,057,645",/market-activity/stocks/krmn,US_NASDAQ_KRMN
DHCNL,Diversified Healthcare Trust 6.25% Senior Notes Due 2046,$18.03,-0.76,-4.045%,"4,352,700,857",/market-activity/stocks/dhcnl,US_NASDAQ_DHCNL
UFPI,"UFP Industries, Inc. Common Stock",$78.77,-0.65,-0.818%,"4,345,070,646",/market-activity/stocks/ufpi,US_NASDAQ_UFPI
KVYO,"Klaviyo, Inc. Series A Common Stock",$15.25,-0.15,-0.974%,"4,342,093,414",/market-activity/stocks/kvyo,US_NASDAQ_KVYO
OXLCM,"Oxford Lane Capital Corp. Preferred Stock Shares, 8.25% Series 2031",$25.00,-0.05,-0.20%,"4,340,000,000",/market-activity/stocks/oxlcm,US_NASDAQ_OXLCM
HTFL,"Heartflow, Inc. Common Stock",$49.83,-0.09,-0.18%,"4,332,899,233",/market-activity/stocks/htfl,US_NASDAQ_HTFL
RDN,Radian Group Inc. Common Stock,$32.75,-0.25,-0.758%,"4,332,868,165",/market-activity/stocks/rdn,US_NASDAQ_RDN
STNG,Scorpio Tankers Inc. Common Shares,$83.57,0.38,0.457%,"4,325,816,360",/market-activity/stocks/stng,US_NASDAQ_STNG
OXLCZ,Oxford Lane Capital Corp. 5.00% Notes due 2027,$24.91,0.01,0.04%,"4,324,376,000",/market-activity/stocks/oxlcz,US_NASDAQ_OXLCZ
FULT,Fulton Financial Corporation Common Stock,$22.65,-0.32,-1.393%,"4,324,214,852",/market-activity/stocks/fult,US_NASDAQ_FULT
ENO,"Entergy New Orleans, LLC First Mortgage Bonds, 5.50% Series due April 1, 2066",$20.21,-0.01,-0.049%,"4,321,521,398",/market-activity/stocks/eno,US_NASDAQ_ENO
ALH,Alliance Laundry Holdings Inc. Common Stock,$21.73,-0.14,-0.64%,"4,319,687,056",/market-activity/stocks/alh,US_NASDAQ_ALH
INDV,"Indivior Pharmaceuticals, Inc. Common Stock",$36.59,-0.29,-0.786%,"4,318,788,465",/market-activity/stocks/indv,US_NASDAQ_INDV
SLM,SLM Corporation Common Stock,$22.89,-0.01,-0.044%,"4,302,105,869",/market-activity/stocks/slm,US_NASDAQ_SLM
AIR,AAR Corp. Common Stock,$106.75,-8.34,-7.247%,"4,297,631,170",/market-activity/stocks/air,US_NASDAQ_AIR
CAAP,Corporacion America Airports SA Common Shares,$26.00,-0.05,-0.192%,"4,295,697,796",/market-activity/stocks/caap,US_NASDAQ_CAAP
FHI,"Federated Hermes, Inc. Common Stock",$57.52,-0.04,-0.069%,"4,294,459,363",/market-activity/stocks/fhi,US_NASDAQ_FHI
ITGR,Integer Holdings Corporation Common Stock,$126.33,-0.05,-0.04%,"4,294,215,424",/market-activity/stocks/itgr,US_NASDAQ_ITGR
CNR,"Core Natural Resources, Inc. Common Stock",$86.50,-1.90,-2.149%,"4,293,536,231",/market-activity/stocks/cnr,US_NASDAQ_CNR
IBOC,International Bancshares Corporation Common Stock,$68.94,-0.59,-0.849%,"4,287,482,975",/market-activity/stocks/iboc,US_NASDAQ_IBOC
ARX,Accelerant Holdings Class A Common Shares,$19.73,-0.01,-0.051%,"4,285,130,131",/market-activity/stocks/arx,US_NASDAQ_ARX
LBTYB,Liberty Global Ltd. Class B Common Shares,$12.54,0.49,4.066%,"4,277,238,078",/market-activity/stocks/lbtyb,US_NASDAQ_LBTYB
CVCO,"Cavco Industries, Inc. Common Stock When Issued",$556.12,-1.41,-0.253%,"4,276,230,240",/market-activity/stocks/cvco,US_NASDAQ_CVCO
GFF,Griffon Corporation Common Stock,$94.31,-1.77,-1.842%,"4,271,744,666",/market-activity/stocks/gff,US_NASDAQ_GFF
FELE,"Franklin Electric Co., Inc. Common Stock",$96.62,-0.96,-0.984%,"4,271,711,652",/market-activity/stocks/fele,US_NASDAQ_FELE
BDC,Belden Inc Common Stock,$109.25,-0.57,-0.519%,"4,269,292,367",/market-activity/stocks/bdc,US_NASDAQ_BDC
VNT,Vontier Corporation Common Stock ,$31.57,0.61,1.97%,"4,268,264,000",/market-activity/stocks/vnt,US_NASDAQ_VNT
CRGY,Crescent Energy Company Class A Common Stock,$12.89,-0.09,-0.693%,"4,258,903,641",/market-activity/stocks/crgy,US_NASDAQ_CRGY
EWTX,"Edgewise Therapeutics, Inc. Common Stock",$39.19,-0.60,-1.508%,"4,256,195,816",/market-activity/stocks/ewtx,US_NASDAQ_EWTX
HRI,Herc Holdings Inc. Common Stock ,$127.24,-6.66,-4.974%,"4,253,816,935",/market-activity/stocks/hri,US_NASDAQ_HRI
BCO,Brinks Company (The) Common Stock,$103.12,-1.63,-1.556%,"4,247,475,058",/market-activity/stocks/bco,US_NASDAQ_BCO
OXLCN,Oxford Lane Capital Corp. 7.125% Series 2029 Term Preferred Stock,$24.465,-0.035,-0.143%,"4,247,124,000",/market-activity/stocks/oxlcn,US_NASDAQ_OXLCN
LIVN,LivaNova PLC Ordinary Shares,$76.99,-0.22,-0.285%,"4,241,649,104",/market-activity/stocks/livn,US_NASDAQ_LIVN
NWE,"NorthWestern Energy Group, Inc. Common Stock",$68.69,0.63,0.926%,"4,225,661,117",/market-activity/stocks/nwe,US_NASDAQ_NWE
OPLN,"OPENLANE, Inc. Common Stock",$34.61,-0.07,-0.202%,"4,224,838,028",/market-activity/stocks/opln,US_NASDAQ_OPLN
BMA,Banco Macro S.A.  ADR (representing Ten Class B Common Shares),$66.05,0.01,0.015%,"4,223,172,932",/market-activity/stocks/bma,US_NASDAQ_BMA
BC,Brunswick Corporation Common Stock,$65.03,-1.10,-1.663%,"4,213,776,743",/market-activity/stocks/bc,US_NASDAQ_BC
DK,"Delek US Holdings, Inc. Common Stock",$68.73,1.26,1.867%,"4,208,487,319",/market-activity/stocks/dk,US_NASDAQ_DK
ENPH,"Enphase Energy, Inc. Common Stock",$31.83,0.92,2.976%,"4,206,164,146",/market-activity/stocks/enph,US_NASDAQ_ENPH
ESAB,ESAB Corporation Common Stock,$67.60,0.35,0.52%,"4,202,543,956",/market-activity/stocks/esab,US_NASDAQ_ESAB
PAM,Pampa Energia S.A.,$76.84,0.29,0.379%,"4,190,916,225",/market-activity/stocks/pam,US_NASDAQ_PAM
BEPH,Brookfield BRP Holdings (Canada) Inc. 4.625% Perpetual Subordinated Notes,$14.56,-0.2399,-1.621%,"4,181,112,790",/market-activity/stocks/beph,US_NASDAQ_BEPH
ENVA,"Enova International, Inc. Common Stock",$167.92,-2.10,-1.235%,"4,180,934,458",/market-activity/stocks/enva,US_NASDAQ_ENVA
JOYY,JOYY Inc. American Depositary Shares,$80.60,0.01,0.012%,"4,168,792,555",/market-activity/stocks/joyy,US_NASDAQ_JOYY
MTH,Meritage Homes Corporation Common Stock,$63.90,-1.10,-1.692%,"4,164,624,543",/market-activity/stocks/mth,US_NASDAQ_MTH
DAVE,Dave Inc. Class A Common Stock,$326.44,5.74,1.79%,"4,163,907,705",/market-activity/stocks/dave,US_NASDAQ_DAVE
OXLCL,Oxford Lane Capital Corp. 6.75% Notes due 2031,$23.9199,0.0349,0.146%,"4,152,494,640",/market-activity/stocks/oxlcl,US_NASDAQ_OXLCL
COLD,"Americold Realty Trust, Inc. Common Stock",$14.54,-0.02,-0.137%,"4,150,887,212",/market-activity/stocks/cold,US_NASDAQ_COLD
CECO,CECO Environmental Corp. Common Stock,$70.60,-1.66,-2.297%,"4,135,029,998",/market-activity/stocks/ceco,US_NASDAQ_CECO
TNGX,"Tango Therapeutics, Inc.",$24.42,0.12,0.494%,"4,117,465,162",/market-activity/stocks/tngx,US_NASDAQ_TNGX
OXLCO,"Oxford Lane Capital Corp. Preferred Stock Shares, 6.00% Series 2029",$23.67,0.065,0.275%,"4,109,112,000",/market-activity/stocks/oxlco,US_NASDAQ_OXLCO
DHCNI,Diversified Healthcare Trust 5.625% Senior Notes due 2042,$17.02,-0.38,-2.184%,"4,108,872,356",/market-activity/stocks/dhcni,US_NASDAQ_DHCNI
ICUI,"ICU Medical, Inc. Common Stock",$163.44,-0.59,-0.36%,"4,087,150,291",/market-activity/stocks/icui,US_NASDAQ_ICUI
DOO,BRP Inc. Common Subordinate Voting Shares,$57.36,0.867,1.535%,"4,081,181,323",/market-activity/stocks/doo,US_NASDAQ_DOO
GEO,Geo Group Inc (The) REIT,$30.96,0.74,2.449%,"4,074,942,321",/market-activity/stocks/geo,US_NASDAQ_GEO
CVSA,Covista Inc. Common Shares,$119.45,1.94,1.651%,"4,065,937,049",/market-activity/stocks/cvsa,US_NASDAQ_CVSA
AZZ,AZZ Inc.,$135.29,0.16,0.118%,"4,065,667,570",/market-activity/stocks/azz,US_NASDAQ_AZZ
FSLY,"Fastly, Inc. Class A Common Stock",$25.48,0.56,2.247%,"4,058,964,000",/market-activity/stocks/fsly,US_NASDAQ_FSLY
TCBI,"Texas Capital Bancshares, Inc. Common Stock",$93.31,-1.39,-1.468%,"4,056,593,371",/market-activity/stocks/tcbi,US_NASDAQ_TCBI
FRVO,Fervo Energy Company Class A common stock,$13.75,-0.355,-2.517%,"4,052,993,986",/market-activity/stocks/frvo,US_NASDAQ_FRVO
UCB,"United Community Banks, Inc. Common Stock",$33.60,-0.39,-1.147%,"4,051,336,901",/market-activity/stocks/ucb,US_NASDAQ_UCB
DLO,DLocal Limited Class A Common Shares,$13.69,-0.13,-0.941%,"4,037,618,478",/market-activity/stocks/dlo,US_NASDAQ_DLO
TDW,Tidewater Inc. Common Stock,$81.14,-2.13,-2.558%,"4,037,220,583",/market-activity/stocks/tdw,US_NASDAQ_TDW
PTEN,"Patterson-UTI Energy, Inc. Common Stock",$10.55,-0.30,-2.765%,"4,023,610,421",/market-activity/stocks/pten,US_NASDAQ_PTEN
RLAY,"Relay Therapeutics, Inc. Common Stock",$18.36,0.67,3.787%,"4,023,440,345",/market-activity/stocks/rlay,US_NASDAQ_RLAY
FBP,First BanCorp. New Common Stock,$26.35,-0.41,-1.532%,"4,022,808,862",/market-activity/stocks/fbp,US_NASDAQ_FBP
LILAP,Liberty Latin America Ltd. 9.0% Fixed Rate Cumulative Perpetual Redeemable Series A Preference Shares,$20.52,0.12,0.588%,"4,019,868,000",/market-activity/stocks/lilap,US_NASDAQ_LILAP
CBT,Cabot Corporation Common Stock,$77.76,-0.69,-0.88%,"4,014,827,104",/market-activity/stocks/cbt,US_NASDAQ_CBT
SKT,Tanger Inc. Common Stock,$34.86,0.09,0.259%,"4,004,681,557",/market-activity/stocks/skt,US_NASDAQ_SKT
SYNA,Synaptics Incorporated Common Stock $0.001 Par Value,$100.79,0.43,0.428%,"4,000,598,306",/market-activity/stocks/syna,US_NASDAQ_SYNA
PRIM,Primoris Services Corporation Common Stock,$74.28,3.16,4.443%,"3,998,665,250",/market-activity/stocks/prim,US_NASDAQ_PRIM
ELC,"Entergy Louisiana, Inc. Collateral Trust Mortgage Bonds, 4.875 % Series due September 1, 2066",$18.75,0.04,0.214%,"3,998,204,100",/market-activity/stocks/elc,US_NASDAQ_ELC
VKTX,"Viking Therapeutics, Inc. Common Stock",$31.81,-1.22,-3.694%,"3,998,155,988",/market-activity/stocks/vktx,US_NASDAQ_VKTX
SIG,Signet Jewelers Limited Common Shares,$104.32,1.02,0.987%,"3,997,254,790",/market-activity/stocks/sig,US_NASDAQ_SIG
CATY,Cathay General Bancorp Common Stock,$59.86,-0.88,-1.449%,"3,993,489,265",/market-activity/stocks/caty,US_NASDAQ_CATY
BRC,Brady Corporation Common Stock,$84.78,0.68,0.809%,"3,976,115,363",/market-activity/stocks/brc,US_NASDAQ_BRC
ACLS,"Axcelis Technologies, Inc. Common Stock",$128.69,4.68,3.774%,"3,974,138,819",/market-activity/stocks/acls,US_NASDAQ_ACLS
REGCP,Regency Centers Corporation 6.25% Series A Cumulative Redeemable Preferred Stock,$21.655,-0.155,-0.711%,"3,965,475,445",/market-activity/stocks/regcp,US_NASDAQ_REGCP
ACHR,Archer Aviation Inc. Class A Common Stock,$5.06,-0.14,-2.692%,"3,938,122,469",/market-activity/stocks/achr,US_NASDAQ_ACHR
KRC,Kilroy Realty Corporation Common Stock,$33.84,-0.08,-0.236%,"3,935,896,154",/market-activity/stocks/krc,US_NASDAQ_KRC
TDS,"Telephone and Data Systems, Inc. Common Shares",$34.16,-0.59,-1.698%,"3,931,816,000",/market-activity/stocks/tds,US_NASDAQ_TDS
BWLP,BW LPG Limited Common Shares,$24.68,0.02,0.081%,"3,931,079,760",/market-activity/stocks/bwlp,US_NASDAQ_BWLP
MDU,"MDU Resources Group, Inc. Common Stock (Holding Company)",$18.68,0.15,0.809%,"3,929,327,838",/market-activity/stocks/mdu,US_NASDAQ_MDU
KFY,Korn Ferry Common Stock,$71.98,0.67,0.94%,"3,927,146,095",/market-activity/stocks/kfy,US_NASDAQ_KFY
SITE,"SiteOne Landscape Supply, Inc. Common Stock",$89.93,-1.00,-1.10%,"3,925,929,223",/market-activity/stocks/site,US_NASDAQ_SITE
PARR,"Par Pacific Holdings, Inc.  Common Stock",$78.31,0.34,0.436%,"3,923,301,790",/market-activity/stocks/parr,US_NASDAQ_PARR
TNL,Travel   Leisure Co. Common  Stock,$63.98,0.11,0.172%,"3,915,846,763",/market-activity/stocks/tnl,US_NASDAQ_TNL
AYA,Aya Gold & Silver Inc. Common Shares,$27.14,0.61,2.299%,"3,909,141,600",/market-activity/stocks/aya,US_NASDAQ_AYA
PBLS,"Parabilis Medicines, Inc. Common Stock",$31.91,-0.66,-2.026%,"3,891,489,277",/market-activity/stocks/pbls,US_NASDAQ_PBLS
CDP,COPT Defense Properties Common Shares of Beneficial Interest,$34.28,0.52,1.54%,"3,887,710,500",/market-activity/stocks/cdp,US_NASDAQ_CDP
AQN,Algonquin Power & Utilities Corp. Common Shares,$5.05,0.04,0.798%,"3,887,225,804",/market-activity/stocks/aqn,US_NASDAQ_AQN
SEB,Seaboard Corporation Common Stock,"$4,055.45",-55.31,-1.345%,"3,884,285,677",/market-activity/stocks/seb,US_NASDAQ_SEB
CCC,CCC Intelligent Solutions Holdings Inc. Common Stock,$6.58,-0.04,-0.604%,"3,875,585,152",/market-activity/stocks/ccc,US_NASDAQ_CCC
BULL,Webull Corporation Class A Ordinary Shares,$7.17,0.12,1.702%,"3,875,276,625",/market-activity/stocks/bull,US_NASDAQ_BULL
WSFS,WSFS Financial Corporation Common Stock,$75.84,-0.60,-0.785%,"3,874,711,483",/market-activity/stocks/wsfs,US_NASDAQ_WSFS
TGS,Transportadora de Gas del Sur SA TGS Common Stock,$25.73,-0.13,-0.503%,"3,873,708,415",/market-activity/stocks/tgs,US_NASDAQ_TGS
ERO,Ero Copper Corp. Common Shares,$37.14,-0.27,-0.722%,"3,872,883,732",/market-activity/stocks/ero,US_NASDAQ_ERO
MSGE,Madison Square Garden Entertainment Corp. Class A Common Stock,$81.65,-0.12,-0.147%,"3,862,472,356",/market-activity/stocks/msge,US_NASDAQ_MSGE
CVBF,CVB Financial Corporation Common Stock,$21.94,-0.25,-1.127%,"3,861,383,724",/market-activity/stocks/cvbf,US_NASDAQ_CVBF
TENB,"Tenable Holdings, Inc. Common Stock",$34.99,0.52,1.509%,"3,853,798,005",/market-activity/stocks/tenb,US_NASDAQ_TENB
LOPE,"Grand Canyon Education, Inc. Common Stock",$147.59,1.19,0.813%,"3,846,938,811",/market-activity/stocks/lope,US_NASDAQ_LOPE
BFH,"Bread Financial Holdings, Inc. Common Stock",$100.07,-1.18,-1.165%,"3,844,616,149",/market-activity/stocks/bfh,US_NASDAQ_BFH
TLX,Telix Pharmaceuticals Limited American Depositary Shares,$11.34,-0.28,-2.41%,"3,841,731,736",/market-activity/stocks/tlx,US_NASDAQ_TLX
APLE,"Apple Hospitality REIT, Inc. Common Shares",$16.27,-0.08,-0.489%,"3,841,065,496",/market-activity/stocks/aple,US_NASDAQ_APLE
SKYW,"SkyWest, Inc. Common Stock",$98.90,-1.82,-1.807%,"3,840,121,343",/market-activity/stocks/skyw,US_NASDAQ_SKYW
RUM,RUM Group Inc. Class A Common Stock,$7.72,-0.21,-2.648%,"3,827,654,698",/market-activity/stocks/rum,US_NASDAQ_RUM
FLY,Firefly Aerospace Inc. Common Stock,$22.86,-1.25,-5.185%,"3,826,870,185",/market-activity/stocks/fly,US_NASDAQ_FLY
ITRI,"Itron, Inc. Common Stock",$87.39,-1.10,-1.243%,"3,826,524,345",/market-activity/stocks/itri,US_NASDAQ_ITRI
BATRA,"Atlanta Braves Holdings, Inc. Series A Common Stock",$59.41,-0.20,-0.336%,"3,812,214,761",/market-activity/stocks/batra,US_NASDAQ_BATRA
ALM,Almonty Industries Inc. Common Shares,$13.19,-0.02,-0.151%,"3,805,061,093",/market-activity/stocks/alm,US_NASDAQ_ALM
NP,Neptune Insurance Holdings Inc. Class A Common Stock,$27.71,-0.09,-0.324%,"3,802,728,924",/market-activity/stocks/np,US_NASDAQ_NP
DTW,DTE Energy Company 2017 Series E 5.25% Junior Subordinated Debentures due 2077,$18.22,-0.27,-1.46%,"3,791,364,617",/market-activity/stocks/dtw,US_NASDAQ_DTW
SKE,Skeena Resources Limited Common Shares,$30.18,0.31,1.038%,"3,786,464,437",/market-activity/stocks/ske,US_NASDAQ_SKE
CELC,Celcuity Inc. Common Stock,$77.38,-2.26,-2.838%,"3,786,351,041",/market-activity/stocks/celc,US_NASDAQ_CELC
VVV,Valvoline Inc. Common Stock,$29.65,1.17,4.108%,"3,782,937,294",/market-activity/stocks/vvv,US_NASDAQ_VVV
PAY,"Paymentus Holdings, Inc. Class A Common Stock",$30.00,0.08,0.267%,"3,778,189,410",/market-activity/stocks/pay,US_NASDAQ_PAY
MAT,"Mattel, Inc. Common Stock",$13.22,-0.12,-0.90%,"3,776,954,000",/market-activity/stocks/mat,US_NASDAQ_MAT
RHI,Robert Half Inc. Common Stock,$36.88,0.12,0.326%,"3,775,104,217",/market-activity/stocks/rhi,US_NASDAQ_RHI
CAR,"Avis Budget Group, Inc. Common Stock",$106.79,1.86,1.773%,"3,772,437,270",/market-activity/stocks/car,US_NASDAQ_CAR
IRTC,"iRhythm Holdings, Inc. Common Stock",$114.22,1.62,1.439%,"3,765,034,203",/market-activity/stocks/irtc,US_NASDAQ_IRTC
ASBA,Associated Banc-Corp 6.625% Fixed-Rate Reset Subordinated Notes due 2033,$24.95,0.01,0.04%,"3,764,975,334",/market-activity/stocks/asba,US_NASDAQ_ASBA
SUNC,"SunocoCorp LLC Common Units, representing limited liability company interests",$73.08,-2.23,-2.961%,"3,764,876,830",/market-activity/stocks/sunc,US_NASDAQ_SUNC
CRVL,CorVel Corp. Common Stock,$74.47,0.63,0.853%,"3,761,969,042",/market-activity/stocks/crvl,US_NASDAQ_CRVL
JOE,St. Joe Company (The) Common Stock,$66.01,0.02,0.03%,"3,757,979,071",/market-activity/stocks/joe,US_NASDAQ_JOE
CNS,Cohen & Steers Inc Common Stock,$72.95,-0.82,-1.112%,"3,751,200,832",/market-activity/stocks/cns,US_NASDAQ_CNS
NVST,Envista Holdings Corporation Common Stock,$23.33,-0.40,-1.686%,"3,747,211,151",/market-activity/stocks/nvst,US_NASDAQ_NVST
OTTR,Otter Tail Corporation Common Stock,$89.15,0.64,0.723%,"3,743,014,457",/market-activity/stocks/ottr,US_NASDAQ_OTTR
AVNT,Avient Corporation Common Stock,$40.78,-0.41,-0.995%,"3,740,323,249",/market-activity/stocks/avnt,US_NASDAQ_AVNT
TAC,TransAlta Corporation Ordinary Shares,$11.79,-0.02,-0.169%,"3,725,640,000",/market-activity/stocks/tac,US_NASDAQ_TAC
GEF,Greif Inc. Class A Common Stock,$80.46,-1.16,-1.421%,"3,714,703,108",/market-activity/stocks/gef,US_NASDAQ_GEF
TRMD,TORM plc Class A Common Stock,$36.15,0.73,2.061%,"3,710,825,589",/market-activity/stocks/trmd,US_NASDAQ_TRMD
SLGN,Silgan Holdings Inc. Common Stock,$35.09,-0.86,-2.392%,"3,708,382,082",/market-activity/stocks/slgn,US_NASDAQ_SLGN
VCYT,"Veracyte, Inc. Common Stock",$46.08,0.85,1.879%,"3,704,404,884",/market-activity/stocks/vcyt,US_NASDAQ_VCYT
INDB,Independent Bank Corp. Common Stock,$78.16,-1.38,-1.735%,"3,702,368,778",/market-activity/stocks/indb,US_NASDAQ_INDB
BOOT,"Boot Barn Holdings, Inc. Common Stock",$121.89,-4.27,-3.385%,"3,691,419,635",/market-activity/stocks/boot,US_NASDAQ_BOOT
REGCO,Regency Centers Corporation 5.875% Series B Cumulative Redeemable Preferred Stock,$20.15,-0.55,-2.657%,"3,689,879,022",/market-activity/stocks/regco,US_NASDAQ_REGCO
IPAR,"Interparfums, Inc. Common Stock",$115.09,-2.85,-2.416%,"3,685,847,135",/market-activity/stocks/ipar,US_NASDAQ_IPAR
MGNI,"Magnite, Inc. Common Stock",$25.67,2.27,9.701%,"3,681,698,110",/market-activity/stocks/mgni,US_NASDAQ_MGNI
WT,"WisdomTree, Inc. Common Stock",$24.27,0.21,0.873%,"3,677,198,934",/market-activity/stocks/wt,US_NASDAQ_WT
DORM,"Dorman Products, Inc. Common Stock",$123.89,0.18,0.146%,"3,676,512,314",/market-activity/stocks/dorm,US_NASDAQ_DORM
AMLX,"Amylyx Pharmaceuticals, Inc. Common Stock",$29.28,-0.57,-1.91%,"3,673,418,526",/market-activity/stocks/amlx,US_NASDAQ_AMLX
CRK,"Comstock Resources, Inc. Common Stock",$12.51,-0.18,-1.418%,"3,673,193,055",/market-activity/stocks/crk,US_NASDAQ_CRK
XXI,"Twenty One Capital, Inc. Class A Common Stock",$6.53,-0.21,-3.116%,"3,672,290,610",/market-activity/stocks/xxi,US_NASDAQ_XXI
ARIS,Aris Mining Corporation Common Shares,$17.75,0.25,1.429%,"3,663,600,000",/market-activity/stocks/aris,US_NASDAQ_ARIS
IOND,Ionic Digital Inc. Class A Common Stock,$81.40,-0.42,-0.513%,"3,662,688,645",/market-activity/stocks/iond,US_NASDAQ_IOND
PHI,PLDT Inc. Sponsored ADR,$16.95,-0.16,-0.935%,"3,662,145,386",/market-activity/stocks/phi,US_NASDAQ_PHI
LEGN,Legend Biotech Corporation American Depositary Shares,$18.82,0.20,1.074%,"3,660,271,933",/market-activity/stocks/legn,US_NASDAQ_LEGN
HP,"Helmerich & Payne, Inc. Common Stock",$36.61,-0.86,-2.295%,"3,658,764,776",/market-activity/stocks/hp,US_NASDAQ_HP
NWCL,newcleo plc Ordinary Shares,$7.18,-0.42,-5.526%,"3,657,340,717",/market-activity/stocks/nwcl,US_NASDAQ_NWCL
UNMA,Unum Group 6.250% Junior Subordinated Notes due 2058,$21.46,-0.01,-0.047%,"3,654,922,130",/market-activity/stocks/unma,US_NASDAQ_UNMA
IDYA,"IDEAYA Biosciences, Inc. Common Stock",$37.86,-0.36,-0.942%,"3,653,091,864",/market-activity/stocks/idya,US_NASDAQ_IDYA
BMI,"Badger Meter, Inc. Common Stock",$125.99,-0.54,-0.427%,"3,652,052,854",/market-activity/stocks/bmi,US_NASDAQ_BMI
EE,"Excelerate Energy, Inc. Class A Common Stock",$32.19,-0.65,-1.979%,"3,650,413,760",/market-activity/stocks/ee,US_NASDAQ_EE
FCN,"FTI Consulting, Inc. Common Stock",$132.09,-0.19,-0.144%,"3,647,212,942",/market-activity/stocks/fcn,US_NASDAQ_FCN
UCTT,"Ultra Clean Holdings, Inc. Common Stock",$80.46,2.39,3.061%,"3,642,989,753",/market-activity/stocks/uctt,US_NASDAQ_UCTT
SEZL,Sezzle Inc. Common Stock,$107.97,-0.33,-0.305%,"3,635,891,262",/market-activity/stocks/sezl,US_NASDAQ_SEZL
PLSE,"Pulse Biosciences, Inc Common Stock (DE)",$50.89,-1.43,-2.733%,"3,629,607,470",/market-activity/stocks/plse,US_NASDAQ_PLSE
USAC,"USA Compression Partners, LP Common Units Representing Limited Partner Interests",$25.01,-0.32,-1.263%,"3,625,033,058",/market-activity/stocks/usac,US_NASDAQ_USAC
BNL,"Broadstone Net Lease, Inc. Common Stock",$18.88,0.04,0.212%,"3,622,939,292",/market-activity/stocks/bnl,US_NASDAQ_BNL
THO,"Thor Industries, Inc. Common Stock",$70.16,-1.22,-1.709%,"3,621,263,568",/market-activity/stocks/tho,US_NASDAQ_THO
WSBC,"WesBanco, Inc. Common Stock",$37.73,-0.52,-1.359%,"3,618,529,192",/market-activity/stocks/wsbc,US_NASDAQ_WSBC
DHT,"DHT Holdings, Inc.",$22.42,0.52,2.374%,"3,610,553,502",/market-activity/stocks/dht,US_NASDAQ_DHT
OGN,Organon & Co. Common Stock ,$13.74,0.01,0.073%,"3,608,253,609",/market-activity/stocks/ogn,US_NASDAQ_OGN
XENE,Xenon Pharmaceuticals Inc. Common Shares,$37.25,0.53,1.443%,"3,607,306,092",/market-activity/stocks/xene,US_NASDAQ_XENE
SRAD,Sportradar Group AG Class A Ordinary Shares,$11.56,-0.92,-7.372%,"3,603,915,128",/market-activity/stocks/srad,US_NASDAQ_SRAD
VAC,Marriott Vacations Worldwide Corporation Common Stock,$104.68,0.12,0.115%,"3,600,502,098",/market-activity/stocks/vac,US_NASDAQ_VAC
RNST,Renasant Corporation Common Stock,$39.34,-0.52,-1.305%,"3,595,851,653",/market-activity/stocks/rnst,US_NASDAQ_RNST
LXP,LXP Industrial Trust Common Stock (Maryland REIT),$60.89,-0.02,-0.033%,"3,589,907,805",/market-activity/stocks/lxp,US_NASDAQ_LXP
MANU,Manchester United Ltd. Class A Ordinary Shares,$20.81,0.35,1.711%,"3,589,545,888",/market-activity/stocks/manu,US_NASDAQ_MANU
TARS,"Tarsus Pharmaceuticals, Inc. Common Stock",$76.69,-0.12,-0.156%,"3,588,454,553",/market-activity/stocks/tars,US_NASDAQ_TARS
ATMU,Atmus Filtration Technologies Inc. Common Stock,$43.94,-0.10,-0.227%,"3,585,307,456",/market-activity/stocks/atmu,US_NASDAQ_ATMU
CENX,Century Aluminum Company Common Stock,$36.20,-1.20,-3.209%,"3,583,557,279",/market-activity/stocks/cenx,US_NASDAQ_CENX
CII,"BlackRock Enhanced Large Cap Core Fund, Inc. Common Stock",$24.04,0.17,0.712%,"3,576,249,803",/market-activity/stocks/cii,US_NASDAQ_CII
BILL,"BILL Holdings, Inc. Common Stock",$41.92,0.32,0.769%,"3,574,802,701",/market-activity/stocks/bill,US_NASDAQ_BILL
BANF,BancFirst Corporation Common Stock,$106.35,-0.94,-0.876%,"3,573,226,531",/market-activity/stocks/banf,US_NASDAQ_BANF
MIR,"Mirion Technologies, Inc. Class A Common Stock",$14.34,-0.01,-0.07%,"3,571,199,858",/market-activity/stocks/mir,US_NASDAQ_MIR
WK,Workiva Inc. Class A Common Stock,$65.15,-3.04,-4.458%,"3,545,234,193",/market-activity/stocks/wk,US_NASDAQ_WK
BELFB,Bel Fuse Inc. Class B Common Stock,$245.48,-2.59,-1.044%,"3,544,596,186",/market-activity/stocks/belfb,US_NASDAQ_BELFB
KTB,"Kontoor Brands, Inc. Common Stock ",$64.29,-0.64,-0.986%,"3,513,681,230",/market-activity/stocks/ktb,US_NASDAQ_KTB
WBI,WaterBridge Infrastructure LLC Class A Shares Representing Limited Liability Company Interests,$28.46,-0.49,-1.693%,"3,513,563,708",/market-activity/stocks/wbi,US_NASDAQ_WBI
NHC,National HealthCare Corporation Common Stock,$224.16,-1.81,-0.801%,"3,510,658,303",/market-activity/stocks/nhc,US_NASDAQ_NHC
OLED,Universal Display Corporation Common Stock,$76.16,0.69,0.914%,"3,500,834,154",/market-activity/stocks/oled,US_NASDAQ_OLED
IRT,"Independence Realty Trust, Inc. Common Stock",$14.83,0.13,0.884%,"3,496,091,929",/market-activity/stocks/irt,US_NASDAQ_IRT
PVH,PVH Corp. Common Stock,$75.74,0.01,0.013%,"3,494,479,471",/market-activity/stocks/pvh,US_NASDAQ_PVH
LAZ,"Lazard, Inc. Common Stock",$35.80,0.01,0.028%,"3,488,730,478",/market-activity/stocks/laz,US_NASDAQ_LAZ
GNW,Genworth Financial Inc Common Stock,$9.23,-0.15,-1.599%,"3,487,565,072",/market-activity/stocks/gnw,US_NASDAQ_GNW
ACAD,ACADIA Pharmaceuticals Inc. Common Stock,$20.22,-0.31,-1.51%,"3,484,017,574",/market-activity/stocks/acad,US_NASDAQ_ACAD
SLG,SL Green Realty Corp Common Stock,$49.02,-0.30,-0.608%,"3,473,062,441",/market-activity/stocks/slg,US_NASDAQ_SLG
BATRK,"Atlanta Braves Holdings, Inc. Series C Common Stock",$53.98,-0.31,-0.571%,"3,463,783,080",/market-activity/stocks/batrk,US_NASDAQ_BATRK
ZIM,ZIM Integrated Shipping Services Ltd. Ordinary Shares,$28.75,0.36,1.268%,"3,463,394,855",/market-activity/stocks/zim,US_NASDAQ_ZIM
FSM,Fortuna Mining Corp. Common Shares,$11.35,0.14,1.249%,"3,456,726,342",/market-activity/stocks/fsm,US_NASDAQ_FSM
LMND,"Lemonade, Inc. Common Stock",$44.60,0.69,1.571%,"3,451,889,029",/market-activity/stocks/lmnd,US_NASDAQ_LMND
QTWO,"Q2 Holdings, Inc. Common Stock",$55.12,0.02,0.036%,"3,436,990,788",/market-activity/stocks/qtwo,US_NASDAQ_QTWO
MHO,"M/I Homes, Inc. Common Stock",$135.79,-1.61,-1.172%,"3,433,182,779",/market-activity/stocks/mho,US_NASDAQ_MHO
FIBK,"First Interstate BancSystem, Inc. Common Stock (DE)",$36.00,-0.33,-0.908%,"3,430,965,852",/market-activity/stocks/fibk,US_NASDAQ_FIBK
NIC,Nicolet Bankshares Inc. Common Stock,$163.57,-3.18,-1.907%,"3,428,020,401",/market-activity/stocks/nic,US_NASDAQ_NIC
CLSK,"CleanSpark, Inc. Common Stock",$13.31,-0.03,-0.225%,"3,418,235,242",/market-activity/stocks/clsk,US_NASDAQ_CLSK
OPCH,"Option Care Health, Inc. Common Stock",$22.81,-0.09,-0.393%,"3,416,601,393",/market-activity/stocks/opch,US_NASDAQ_OPCH
RXO,"RXO, Inc. Common Stock",$20.71,0.56,2.779%,"3,415,620,111",/market-activity/stocks/rxo,US_NASDAQ_RXO
PDI,PIMCO Dynamic Income Fund Common Stock,$14.05,0.15,1.079%,"3,415,414,500",/market-activity/stocks/pdi,US_NASDAQ_PDI
GPGI,"GPGI, Inc. Class A Common Stock",$11.77,0.14,1.204%,"3,412,006,265",/market-activity/stocks/gpgi,US_NASDAQ_GPGI
ELVN,"Enliven Therapeutics, Inc. Common Stock",$46.51,0.50,1.087%,"3,407,823,094",/market-activity/stocks/elvn,US_NASDAQ_ELVN
KEN,Kenon Holdings Ltd. Ordinary Shares,$65.17,1.07,1.669%,"3,395,904,232",/market-activity/stocks/ken,US_NASDAQ_KEN
WRBY,Warby Parker Inc. Class A Common Stock,$27.47,2.81,11.395%,"3,395,513,243",/market-activity/stocks/wrby,US_NASDAQ_WRBY
ZGN,Ermenegildo Zegna N.V. Ordinary Shares,$12.62,-0.02,-0.158%,"3,386,098,071",/market-activity/stocks/zgn,US_NASDAQ_ZGN
HNI,HNI Corporation Common Stock,$46.65,-0.21,-0.448%,"3,367,280,970",/market-activity/stocks/hni,US_NASDAQ_HNI
ARQT,"Arcutis Biotherapeutics, Inc. Common Stock",$26.75,-0.58,-2.122%,"3,362,259,957",/market-activity/stocks/arqt,US_NASDAQ_ARQT
MIAX,"Miami International Holdings, Inc. Common Stock",$33.87,-0.04,-0.118%,"3,360,950,515",/market-activity/stocks/miax,US_NASDAQ_MIAX
NATL,NCR Atleos Corporation Common Stock,$45.44,-0.31,-0.678%,"3,357,876,681",/market-activity/stocks/natl,US_NASDAQ_NATL
SXI,Standex International Corporation Common Stock,$273.35,-5.12,-1.839%,"3,357,138,458",/market-activity/stocks/sxi,US_NASDAQ_SXI
TNK,Teekay Tankers Ltd.,$96.81,1.10,1.149%,"3,353,871,893",/market-activity/stocks/tnk,US_NASDAQ_TNK
MWA,MUELLER WATER PRODUCTS Common Stock,$21.47,-0.17,-0.786%,"3,352,018,328",/market-activity/stocks/mwa,US_NASDAQ_MWA
IPGP,IPG Photonics Corporation Common Stock,$78.52,1.29,1.67%,"3,339,812,002",/market-activity/stocks/ipgp,US_NASDAQ_IPGP
SMR,NuScale Power Corporation Class A Common Stock,$7.76,-0.15,-1.896%,"3,334,652,591",/market-activity/stocks/smr,US_NASDAQ_SMR
CSTM,Constellium SE Ordinary Shares (France),$24.59,-0.04,-0.162%,"3,332,626,832",/market-activity/stocks/cstm,US_NASDAQ_CSTM
LUNR,"Intuitive Machines, Inc. Class A Common Stock",$14.55,-0.65,-4.276%,"3,330,845,189",/market-activity/stocks/lunr,US_NASDAQ_LUNR
LION,Lionsgate Studios Corp Common Shares,$11.19,0.22,2.005%,"3,329,692,819",/market-activity/stocks/lion,US_NASDAQ_LION
DNLI,Denali Therapeutics Inc. Common Stock,$20.81,-0.17,-0.81%,"3,326,424,456",/market-activity/stocks/dnli,US_NASDAQ_DNLI
NTRSO,"Northern Trust Corporation Depositary Shares Each Representing a 1/1,000th Interest in a Share of Series E Non-Cumulative Perpetual Preferred Stock",$18.15,-0.06,-0.329%,"3,320,645,102",/market-activity/stocks/ntrso,US_NASDAQ_NTRSO
COCO,"The Vita Coco Company, Inc. Common Stock",$56.55,-1.11,-1.925%,"3,319,156,897",/market-activity/stocks/coco,US_NASDAQ_COCO
FULTP,"Fulton Financial Corporation Depositary Shares, Each Representing a 1/40th Interest in a Share of Fixed Rate Non-Cumulative Perpetual Preferred Stock, Series A",$17.37,0.02,0.115%,"3,316,185,959",/market-activity/stocks/fultp,US_NASDAQ_FULTP
CDNA,"CareDx, Inc. Common Stock",$64.02,-0.58,-0.898%,"3,312,024,956",/market-activity/stocks/cdna,US_NASDAQ_CDNA
FFBC,First Financial Bancorp. Common Stock,$31.45,-0.47,-1.472%,"3,307,499,823",/market-activity/stocks/ffbc,US_NASDAQ_FFBC
AB,AllianceBernstein Holding L.P.  Units,$35.51,0.38,1.082%,"3,305,101,027",/market-activity/stocks/ab,US_NASDAQ_AB
PFSI,"PennyMac Financial Services, Inc. Common Stock",$63.61,-0.05,-0.079%,"3,304,639,495",/market-activity/stocks/pfsi,US_NASDAQ_PFSI
SHOO,"Steven Madden, Ltd. Common Stock",$45.14,0.24,0.535%,"3,303,214,068",/market-activity/stocks/shoo,US_NASDAQ_SHOO
AEHR,Aehr Test Systems Common Stock,$100.78,2.29,2.325%,"3,291,429,046",/market-activity/stocks/aehr,US_NASDAQ_AEHR
GBDC,"Golub Capital BDC, Inc. Common Stock",$12.65,0.16,1.281%,"3,284,592,601",/market-activity/stocks/gbdc,US_NASDAQ_GBDC
FRSH,Freshworks Inc. Class A Common Stock,$12.58,0.05,0.399%,"3,282,383,312",/market-activity/stocks/frsh,US_NASDAQ_FRSH
AAMI,Acadian Asset Management Inc. Common Stock,$92.48,-1.31,-1.397%,"3,282,127,037",/market-activity/stocks/aami,US_NASDAQ_AAMI
MCHB,Mechanics Bancorp Class A Common Stock,$14.86,-0.06,-0.402%,"3,273,837,226",/market-activity/stocks/mchb,US_NASDAQ_MCHB
NHI,"National Health Investors, Inc. Common Stock",$66.66,-0.18,-0.269%,"3,273,701,530",/market-activity/stocks/nhi,US_NASDAQ_NHI
RCUS,"Arcus Biosciences, Inc. Common Stock",$25.65,0.64,2.559%,"3,266,101,094",/market-activity/stocks/rcus,US_NASDAQ_RCUS
MNDY,monday.com Ltd. Ordinary Shares,$76.05,-3.00,-3.795%,"3,263,073,091",/market-activity/stocks/mndy,US_NASDAQ_MNDY
LIF,"Life360, Inc. Common Stock",$40.04,0.06,0.15%,"3,262,473,975",/market-activity/stocks/lif,US_NASDAQ_LIF
SBLK,Star Bulk Carriers Corp. Common Shares,$29.20,-0.10,-0.341%,"3,256,680,380",/market-activity/stocks/sblk,US_NASDAQ_SBLK
SFNC,Simmons First National Corporation Class A Common Stock,$22.52,-0.31,-1.358%,"3,254,450,528",/market-activity/stocks/sfnc,US_NASDAQ_SFNC
TGB,Trekor Metals Limited Common Shares,$8.88,0.08,0.909%,"3,250,287,064",/market-activity/stocks/tgb,US_NASDAQ_TGB
PRK,Park National Corporation Common Stock,$179.90,-1.60,-0.882%,"3,249,742,564",/market-activity/stocks/prk,US_NASDAQ_PRK
AWR,American States Water Company Common Stock,$81.94,0.59,0.725%,"3,247,743,194",/market-activity/stocks/awr,US_NASDAQ_AWR
CSQ,Calamos Strategic Total Return Common Stock,$20.40,-0.04,-0.196%,"3,241,307,489",/market-activity/stocks/csq,US_NASDAQ_CSQ
PLMR,"Palomar Holdings, Inc. Common stock",$123.14,0.10,0.081%,"3,240,759,485",/market-activity/stocks/plmr,US_NASDAQ_PLMR
VGNT,Versigent PLC Ordinary Shares,$45.66,0.26,0.573%,"3,234,338,200",/market-activity/stocks/vgnt,US_NASDAQ_VGNT
CXW,"CoreCivic, Inc. Common Stock",$32.67,0.98,3.092%,"3,230,850,286",/market-activity/stocks/cxw,US_NASDAQ_CXW
POST,"Post Holdings, Inc. Common Stock",$73.43,-1.44,-1.923%,"3,227,748,191",/market-activity/stocks/post,US_NASDAQ_POST
BBWI,"Bath & Body Works, Inc.",$15.99,-0.20,-1.235%,"3,224,308,555",/market-activity/stocks/bbwi,US_NASDAQ_BBWI
CALM,"Cal-Maine Foods, Inc. Common Stock",$68.55,1.195,1.774%,"3,216,084,602",/market-activity/stocks/calm,US_NASDAQ_CALM
CURB,Curbline Properties Corp. Common Stock,$27.92,-0.43,-1.517%,"3,211,861,658",/market-activity/stocks/curb,US_NASDAQ_CURB
ATKR,Atkore Inc. Common Stock,$94.73,0.13,0.137%,"3,199,273,662",/market-activity/stocks/atkr,US_NASDAQ_ATKR
KN,Knowles Corporation Common Stock,$37.32,0.08,0.215%,"3,187,513,366",/market-activity/stocks/kn,US_NASDAQ_KN
HTGC,"Hercules Capital, Inc. Common Stock",$16.97,0.06,0.355%,"3,176,173,080",/market-activity/stocks/htgc,US_NASDAQ_HTGC
USLM,"United States Lime & Minerals, Inc. Common Stock",$110.50,-0.82,-0.737%,"3,170,064,112",/market-activity/stocks/uslm,US_NASDAQ_USLM
BTE,Baytex Energy Corp Common Shares,$4.47,-0.06,-1.325%,"3,168,729,360",/market-activity/stocks/bte,US_NASDAQ_BTE
SLNHP,"Soluna Holdings, Inc 9.0% Series A Cumulative Perpetual Preferred Stock ",$12.82,UNCH,--,"3,162,720,243",/market-activity/stocks/slnhp,US_NASDAQ_SLNHP
WSC,WillScot Holdings Corporation Class A Common Stock,$17.45,-0.42,-2.35%,"3,161,782,217",/market-activity/stocks/wsc,US_NASDAQ_WSC
HIW,"Highwoods Properties, Inc. Common Stock",$28.64,-0.77,-2.618%,"3,159,169,883",/market-activity/stocks/hiw,US_NASDAQ_HIW
LBTYA,Liberty Global Ltd. Class A Common Shares,$9.26,-0.17,-1.803%,"3,158,470,861",/market-activity/stocks/lbtya,US_NASDAQ_LBTYA
KAI,Kadant Inc Common Stock,$267.13,-2.71,-1.004%,"3,154,569,424",/market-activity/stocks/kai,US_NASDAQ_KAI
CBU,"Community Financial System, Inc. Common Stock",$59.83,-0.66,-1.091%,"3,148,009,596",/market-activity/stocks/cbu,US_NASDAQ_CBU
LRN,"Stride, Inc. Common Stock",$75.59,-1.07,-1.396%,"3,141,508,684",/market-activity/stocks/lrn,US_NASDAQ_LRN
VECO,Veeco Instruments Inc. Common Stock,$51.37,2.30,4.687%,"3,140,229,607",/market-activity/stocks/veco,US_NASDAQ_VECO
ARLP,"Alliance Resource Partners, L.P. Common Units representing Limited Partners Interests",$24.38,-0.45,-1.812%,"3,136,701,568",/market-activity/stocks/arlp,US_NASDAQ_ARLP
DTG,DTE Energy Company 2021 Series E 4.375% Junior Subordinated Debentures,$15.07,-0.2357,-1.54%,"3,135,887,200",/market-activity/stocks/dtg,US_NASDAQ_DTG
PK,Park Hotels & Resorts Inc. Common Stock ,$15.57,-0.15,-0.954%,"3,134,837,798",/market-activity/stocks/pk,US_NASDAQ_PK
SBCF,Seacoast Banking Corporation of Florida Common Stock,$32.37,-0.18,-0.553%,"3,134,154,004",/market-activity/stocks/sbcf,US_NASDAQ_SBCF
ASH,Ashland Inc. Common Stock,$68.44,0.37,0.544%,"3,134,098,243",/market-activity/stocks/ash,US_NASDAQ_ASH
ECO,Okeanis Eco Tankers Corp. Common Stock,$80.25,1.08,1.364%,"3,133,333,564",/market-activity/stocks/eco,US_NASDAQ_ECO
COHU,"Cohu, Inc. Common Stock",$65.97,-0.10,-0.151%,"3,122,916,425",/market-activity/stocks/cohu,US_NASDAQ_COHU
ABG,Asbury Automotive Group Inc Common Stock,$173.95,-5.73,-3.189%,"3,122,735,962",/market-activity/stocks/abg,US_NASDAQ_ABG
DTB,DTE Energy Company 2020 Series G 4.375% Junior Subordinated Debentures due 2080,$14.99,-0.12,-0.794%,"3,119,240,154",/market-activity/stocks/dtb,US_NASDAQ_DTB
INFQ,"Infleqtion, Inc. Common Stock",$13.84,-0.29,-2.052%,"3,118,941,600",/market-activity/stocks/infq,US_NASDAQ_INFQ
YETI,"YETI Holdings, Inc. Common Stock",$42.55,-0.78,-1.80%,"3,105,673,270",/market-activity/stocks/yeti,US_NASDAQ_YETI
SII,Sprott Inc. Common Shares,$120.25,-0.10,-0.083%,"3,102,450,000",/market-activity/stocks/sii,US_NASDAQ_SII
BFAM,Bright Horizons Family Solutions Inc. Common Stock,$63.79,0.06,0.094%,"3,102,446,170",/market-activity/stocks/bfam,US_NASDAQ_BFAM
SA,"Seabridge Gold, Inc. Common Shares New",$28.73,0.24,0.842%,"3,099,140,036",/market-activity/stocks/sa,US_NASDAQ_SA
CORZW,"Core Scientific, Inc. Tranche 1 Warrants",$9.62,-0.15,-1.535%,"3,091,295,042",/market-activity/stocks/corzw,US_NASDAQ_CORZW
RWTN,"Redwood Trust, Inc. 9.125% Senior Notes Due 2029",$23.91,0.13,0.547%,"3,089,733,024",/market-activity/stocks/rwtn,US_NASDAQ_RWTN
IMAX,Imax Corporation Common Stock,$56.33,0.20,0.356%,"3,089,256,282",/market-activity/stocks/imax,US_NASDAQ_IMAX
CPK,Chesapeake Utilities Corporation Common Stock,$128.15,0.85,0.668%,"3,089,242,208",/market-activity/stocks/cpk,US_NASDAQ_CPK
LBTYK,Liberty Global Ltd. Class C Common Shares,$9.01,-0.12,-1.314%,"3,073,198,970",/market-activity/stocks/lbtyk,US_NASDAQ_LBTYK
FSK,FS KKR Capital Corp. Common Stock,$11.11,-0.05,-0.448%,"3,070,140,511",/market-activity/stocks/fsk,US_NASDAQ_FSK
EXPO,"Exponent, Inc. Common Stock",$64.53,0.18,0.28%,"3,068,148,801",/market-activity/stocks/expo,US_NASDAQ_EXPO
RGC,Regencell Bioscience Holdings Limited Ordinary Shares,$6.20,UNCH,--,"3,065,831,230",/market-activity/stocks/rgc,US_NASDAQ_RGC
OSIS,"OSI Systems, Inc. Common Stock (DE)",$192.30,-0.74,-0.383%,"3,065,640,446",/market-activity/stocks/osis,US_NASDAQ_OSIS
PLNT,"Planet Fitness, Inc. Common Stock",$40.74,0.24,0.593%,"3,064,339,154",/market-activity/stocks/plnt,US_NASDAQ_PLNT
NMIH,NMI Holdings Inc. Common Stock,$40.73,-0.24,-0.586%,"3,063,623,071",/market-activity/stocks/nmih,US_NASDAQ_NMIH
NVTS,Navitas Semiconductor Corporation Common Stock,$11.73,UNCH,--,"3,062,626,614",/market-activity/stocks/nvts,US_NASDAQ_NVTS
BSM,"Black Stone Minerals, L.P. Common units representing limited partner interests",$14.31,-0.15,-1.037%,"3,043,888,271",/market-activity/stocks/bsm,US_NASDAQ_BSM
AEO,"American Eagle Outfitters, Inc. Common Stock",$18.14,0.83,4.795%,"3,039,780,261",/market-activity/stocks/aeo,US_NASDAQ_AEO
AMBA,"Ambarella, Inc. Ordinary Shares",$68.73,0.05,0.073%,"3,033,808,937",/market-activity/stocks/amba,US_NASDAQ_AMBA
PPLI,People Incorporated Common Stock,$40.74,1.10,2.775%,"3,033,660,305",/market-activity/stocks/ppli,US_NASDAQ_PPLI
AGO,Assured Guaranty Ltd. Common Stock,$68.97,-0.42,-0.605%,"3,033,245,976",/market-activity/stocks/ago,US_NASDAQ_AGO
FA,First Advantage Corporation Common Stock,$17.65,-0.96,-5.159%,"3,031,452,646",/market-activity/stocks/fa,US_NASDAQ_FA
BKU,"BankUnited, Inc. Common Stock",$42.55,-0.52,-1.207%,"3,030,932,195",/market-activity/stocks/bku,US_NASDAQ_BKU
DYN,"Dyne Therapeutics, Inc. Common Stock",$16.21,-0.13,-0.796%,"3,027,159,647",/market-activity/stocks/dyn,US_NASDAQ_DYN
FHB,"First Hawaiian, Inc. Common Stock",$24.82,-0.14,-0.561%,"3,020,131,157",/market-activity/stocks/fhb,US_NASDAQ_FHB
LBRT,Liberty Energy Inc. Class A common stock,$18.44,-0.51,-2.691%,"3,009,249,711",/market-activity/stocks/lbrt,US_NASDAQ_LBRT
FGN,"F&G Annuities & Life, Inc. 7.950% Senior Notes due 2053",$23.85,-0.06,-0.251%,"3,007,450,370",/market-activity/stocks/fgn,US_NASDAQ_FGN
BHE,"Benchmark Electronics, Inc. Common Stock",$83.53,0.74,0.894%,"3,000,392,003",/market-activity/stocks/bhe,US_NASDAQ_BHE
PTRN,Pattern Group Inc. Series A Common Stock,$16.89,0.12,0.716%,"2,996,270,613",/market-activity/stocks/ptrn,US_NASDAQ_PTRN
BHF,"Brighthouse Financial, Inc. Common Stock",$52.00,-0.04,-0.077%,"2,990,601,276",/market-activity/stocks/bhf,US_NASDAQ_BHF
KNF,Knife Riv Holding Co. Common Stock,$52.68,-0.69,-1.293%,"2,990,296,966",/market-activity/stocks/knf,US_NASDAQ_KNF
PII,Polaris Inc. Common Stock,$52.54,0.24,0.459%,"2,989,711,151",/market-activity/stocks/pii,US_NASDAQ_PII
COLM,Columbia Sportswear Company Common Stock,$58.34,-0.35,-0.596%,"2,986,610,938",/market-activity/stocks/colm,US_NASDAQ_COLM
LPL,"LG Display Co, Ltd AMERICAN DEPOSITORY SHARES",$2.98,-0.02,-0.667%,"2,980,000,000",/market-activity/stocks/lpl,US_NASDAQ_LPL
AAUC,Allied Gold Corporation Common Shares,$21.32,0.30,1.427%,"2,970,897,079",/market-activity/stocks/aauc,US_NASDAQ_AAUC
BTU,Peabody Energy Corporation Common Stock ,$24.37,-0.78,-3.101%,"2,970,703,000",/market-activity/stocks/btu,US_NASDAQ_BTU
CBZ,"CBIZ, Inc. Common Stock",$54.69,-0.02,-0.037%,"2,967,691,543",/market-activity/stocks/cbz,US_NASDAQ_CBZ
WIX,Wix.com Ltd. Ordinary Shares,$70.90,1.30,1.868%,"2,967,130,330",/market-activity/stocks/wix,US_NASDAQ_WIX
BTDR,Bitdeer Technologies Group Class A Ordinary Shares,$10.90,-0.13,-1.179%,"2,962,426,471",/market-activity/stocks/btdr,US_NASDAQ_BTDR
KYIV,Kyivstar Group Ltd. Common Shares,$12.77,0.01,0.078%,"2,960,898,478",/market-activity/stocks/kyiv,US_NASDAQ_KYIV
WING,Wingstop Inc. Common Stock,$108.62,6.82,6.699%,"2,959,085,347",/market-activity/stocks/wing,US_NASDAQ_WING
SPSC,"SPS Commerce, Inc. Common Stock",$82.15,1.14,1.407%,"2,957,414,294",/market-activity/stocks/spsc,US_NASDAQ_SPSC
ATRC,"AtriCure, Inc. Common Stock",$58.05,-0.36,-0.616%,"2,952,788,367",/market-activity/stocks/atrc,US_NASDAQ_ATRC
APAM,Artisan Partners Asset Management Inc. Class A Common Stock,$36.42,0.59,1.647%,"2,952,666,605",/market-activity/stocks/apam,US_NASDAQ_APAM
ASO,"Academy Sports and Outdoors, Inc. Common Stock",$47.89,-0.72,-1.481%,"2,949,013,090",/market-activity/stocks/aso,US_NASDAQ_ASO
DAN,Dana Incorporated Common Stock ,$27.37,0.25,0.922%,"2,944,373,704",/market-activity/stocks/dan,US_NASDAQ_DAN
AVA,Avista Corporation Common Stock,$35.11,0.32,0.92%,"2,940,561,861",/market-activity/stocks/ava,US_NASDAQ_AVA
WOR,"Worthington Enterprises, Inc. Common Shares",$59.94,-0.93,-1.528%,"2,932,671,433",/market-activity/stocks/wor,US_NASDAQ_WOR
FOUR,"Shift4 Payments, Inc. Class A Common Stock",$37.08,0.05,0.135%,"2,927,841,250",/market-activity/stocks/four,US_NASDAQ_FOUR
AD,"Array Digital Infrastructure, Inc. Common Shares",$33.81,0.36,1.076%,"2,924,565,000",/market-activity/stocks/ad,US_NASDAQ_AD
RWTO,"Redwood Trust, Inc. 9.00% Senior Notes Due 2029",$22.60,0.15,0.668%,"2,920,450,286",/market-activity/stocks/rwto,US_NASDAQ_RWTO
TMDX,"TransMedics Group, Inc. Common Stock",$84.07,1.34,1.62%,"2,915,139,440",/market-activity/stocks/tmdx,US_NASDAQ_TMDX
ZLAB,Zai Lab Limited American Depositary Shares,$25.93,0.24,0.934%,"2,911,063,292",/market-activity/stocks/zlab,US_NASDAQ_ZLAB
KBH,KB Home Common Stock,$47.42,-0.46,-0.961%,"2,907,307,302",/market-activity/stocks/kbh,US_NASDAQ_KBH
DGII,Digi International Inc. Common Stock,$76.50,-1.72,-2.199%,"2,903,031,410",/market-activity/stocks/dgii,US_NASDAQ_DGII
ATRO,Astronics Corporation Common Stock,$67.46,-0.19,-0.281%,"2,901,391,457",/market-activity/stocks/atro,US_NASDAQ_ATRO
NAN,Nuveen New York Quality Municipal Income Fund Common Stock,$9.59,-0.19,-1.943%,"2,899,208,522",/market-activity/stocks/nan,US_NASDAQ_NAN
GRBK,"Green Brick Partners, Inc. Common Stock",$67.40,-0.88,-1.289%,"2,898,920,910",/market-activity/stocks/grbk,US_NASDAQ_GRBK
PFS,"Provident Financial Services, Inc Common Stock",$22.22,-0.31,-1.376%,"2,897,990,572",/market-activity/stocks/pfs,US_NASDAQ_PFS
SPNT,SiriusPoint Ltd. Common Shares,$24.84,0.01,0.04%,"2,885,538,997",/market-activity/stocks/spnt,US_NASDAQ_SPNT
OUST,"Ouster, Inc. Common Stock",$40.00,-0.90,-2.20%,"2,884,493,320",/market-activity/stocks/oust,US_NASDAQ_OUST
NG,Novagold Resources Inc.,$6.57,-0.08,-1.203%,"2,882,788,634",/market-activity/stocks/ng,US_NASDAQ_NG
PGEN,"Precigen, Inc. Common Stock",$8.05,0.24,3.073%,"2,882,183,738",/market-activity/stocks/pgen,US_NASDAQ_PGEN
SMG,Scotts Miracle-Gro Company (The) Common Stock,$49.50,1.06,2.188%,"2,881,903,563",/market-activity/stocks/smg,US_NASDAQ_SMG
ARCB,ArcBest Corporation Common Stock,$128.87,1.80,1.417%,"2,880,418,990",/market-activity/stocks/arcb,US_NASDAQ_ARCB
TNET,"TriNet Group, Inc. Common Stock",$62.71,-0.68,-1.073%,"2,878,686,120",/market-activity/stocks/tnet,US_NASDAQ_TNET
CHRN,ChronoScale Holdings Corporation Common Stock,$19.75,-0.065,-0.328%,"2,876,339,677",/market-activity/stocks/chrn,US_NASDAQ_CHRN
GPI,"Group 1 Automotive, Inc. Common Stock",$240.93,-1.30,-0.537%,"2,872,421,669",/market-activity/stocks/gpi,US_NASDAQ_GPI
AVPT,"AvePoint, Inc. Class A Common Stock",$13.57,-0.10,-0.732%,"2,870,942,831",/market-activity/stocks/avpt,US_NASDAQ_AVPT
FG,"F&G Annuities & Life, Inc. Common Stock",$21.88,0.27,1.249%,"2,864,862,373",/market-activity/stocks/fg,US_NASDAQ_FG
VTMX,"Corporacion Inmobiliaria Vesta, S.A.B de C.V. American Depositary Shares, each representing ten (10) Common Shares",$32.39,-0.34,-1.039%,"2,864,851,579",/market-activity/stocks/vtmx,US_NASDAQ_VTMX
BELFA,Bel Fuse Inc. Class A Common Stock,$198.34,-2.16,-1.077%,"2,863,920,513",/market-activity/stocks/belfa,US_NASDAQ_BELFA
PENG,"Penguin Solutions, Inc. Common Stock",$55.79,0.81,1.473%,"2,858,830,177",/market-activity/stocks/peng,US_NASDAQ_PENG
POWI,"Power Integrations, Inc. Common Stock",$51.08,-0.76,-1.466%,"2,854,008,062",/market-activity/stocks/powi,US_NASDAQ_POWI
TR,"Tootsie Roll Industries, Inc. Common Stock",$38.01,0.23,0.609%,"2,853,473,340",/market-activity/stocks/tr,US_NASDAQ_TR
MNSO,"MINISO Group Holding Limited American Depositary Shares, each representing four Ordinary Shares",$9.22,0.31,3.479%,"2,852,585,426",/market-activity/stocks/mnso,US_NASDAQ_MNSO
ABM,ABM Industries Incorporated Common Stock,$48.62,-0.40,-0.816%,"2,849,841,463",/market-activity/stocks/abm,US_NASDAQ_ABM
NAMS,NewAmsterdam Pharma Company N.V. Ordinary Shares,$23.81,0.23,0.975%,"2,846,179,994",/market-activity/stocks/nams,US_NASDAQ_NAMS
ASST,"Strive, Inc. Class A Common Stock",$29.31,0.31,1.069%,"2,843,147,642",/market-activity/stocks/asst,US_NASDAQ_ASST
QS,QuantumScape Corporation Class A Common Stock,$4.59,0.03,0.658%,"2,841,730,997",/market-activity/stocks/qs,US_NASDAQ_QS
DNOW,DNOW Inc. Common Stock,$15.71,-0.43,-2.664%,"2,840,146,348",/market-activity/stocks/dnow,US_NASDAQ_DNOW
PURR,Hyperliquid Strategies Inc Common Stock,$11.92,-0.16,-1.325%,"2,835,997,913",/market-activity/stocks/purr,US_NASDAQ_PURR
NTCT,"NetScout Systems, Inc. Common Stock",$39.00,-0.41,-1.04%,"2,835,585,168",/market-activity/stocks/ntct,US_NASDAQ_NTCT
PONY,Pony AI Inc. American Depositary Shares ,$6.54,-0.40,-5.764%,"2,835,361,757",/market-activity/stocks/pony,US_NASDAQ_PONY
CWT,California Water Service Group Common Stock,$45.84,0.18,0.394%,"2,834,704,390",/market-activity/stocks/cwt,US_NASDAQ_CWT
DXPE,"DXP Enterprises, Inc. Common Stock",$182.56,-8.87,-4.634%,"2,832,810,539",/market-activity/stocks/dxpe,US_NASDAQ_DXPE
DKL,"Delek Logistics Partners, L.P. Common Units representing Limited Partner Interests",$53.20,-0.43,-0.802%,"2,830,096,413",/market-activity/stocks/dkl,US_NASDAQ_DKL
DX,"Dynex Capital, Inc. Common Stock",$11.39,0.06,0.53%,"2,826,621,185",/market-activity/stocks/dx,US_NASDAQ_DX
DAC,Danaos Corporation Common Stock,$154.48,1.20,0.783%,"2,812,072,818",/market-activity/stocks/dac,US_NASDAQ_DAC
IHS,IHS Holding Limited Ordinary Shares,$8.38,UNCH,--,"2,811,667,840",/market-activity/stocks/ihs,US_NASDAQ_IHS
SOUN,"SoundHound AI, Inc Class A Common Stock",$5.84,0.01,0.172%,"2,809,067,349",/market-activity/stocks/soun,US_NASDAQ_SOUN
GRND,Grindr Inc. Common Stock,$16.12,0.51,3.267%,"2,801,988,507",/market-activity/stocks/grnd,US_NASDAQ_GRND
MGRC,McGrath RentCorp Common Stock,$114.23,-0.63,-0.548%,"2,790,143,484",/market-activity/stocks/mgrc,US_NASDAQ_MGRC
AVAH,Aveanna Healthcare Holdings Inc. Common Stock,$12.78,0.09,0.709%,"2,788,847,715",/market-activity/stocks/avah,US_NASDAQ_AVAH
SDRL,Seadrill Limited Common Shares,$44.57,-1.01,-2.216%,"2,787,472,115",/market-activity/stocks/sdrl,US_NASDAQ_SDRL
EXTR,"Extreme Networks, Inc. Common Stock",$21.07,0.07,0.333%,"2,784,836,544",/market-activity/stocks/extr,US_NASDAQ_EXTR
POWWP,Outdoor Holding Company 8.75% Series A Cumulative Redeemable Perpetual Preferred Stock,$23.9901,-0.1099,-0.456%,"2,784,313,341",/market-activity/stocks/powwp,US_NASDAQ_POWWP
MBX,"MBX Biosciences, Inc. Common Stock",$57.75,0.21,0.365%,"2,781,245,544",/market-activity/stocks/mbx,US_NASDAQ_MBX
HGV,Hilton Grand Vacations Inc. Common Stock ,$35.78,-0.16,-0.445%,"2,780,969,908",/market-activity/stocks/hgv,US_NASDAQ_HGV
FTAIM,FTAI Aviation Ltd. 9.500% Fixed-Rate Reset Series D Cumulative Perpetual Redeemable Preferred Shares,$27.07,-0.0419,-0.155%,"2,780,280,953",/market-activity/stocks/ftaim,US_NASDAQ_FTAIM
MMS,"Maximus, Inc. Common Stock",$53.07,0.97,1.862%,"2,778,626,482",/market-activity/stocks/mms,US_NASDAQ_MMS
NEOG,Neogen Corporation Common Stock,$12.73,-0.99,-7.216%,"2,776,489,444",/market-activity/stocks/neog,US_NASDAQ_NEOG
CARG,"CarGurus, Inc. Class A Common Stock ",$31.16,0.35,1.136%,"2,775,529,574",/market-activity/stocks/carg,US_NASDAQ_CARG
HG,"Hamilton Insurance Group, Ltd. Class B Common Shares",$33.35,0.12,0.361%,"2,775,078,079",/market-activity/stocks/hg,US_NASDAQ_HG
FIZZ,National Beverage Corp. Common Stock,$29.61,0.04,0.135%,"2,771,949,092",/market-activity/stocks/fizz,US_NASDAQ_FIZZ
EFXT,Enerflex Ltd Common Shares,$22.68,-0.95,-4.02%,"2,769,293,386",/market-activity/stocks/efxt,US_NASDAQ_EFXT
CWK,Cushman & Wakefield Ltd. Common Shares,$11.75,-0.11,-0.927%,"2,757,886,069",/market-activity/stocks/cwk,US_NASDAQ_CWK
REZI,"Resideo Technologies, Inc. Common Stock ",$18.12,-0.10,-0.549%,"2,751,474,489",/market-activity/stocks/rezi,US_NASDAQ_REZI
AMC,"AMC Entertainment Holdings, Inc. Class A Common Stock",$3.08,-0.21,-6.383%,"2,749,222,285",/market-activity/stocks/amc,US_NASDAQ_AMC
CLBT,Cellebrite DI Ltd. Ordinary Shares,$10.93,-0.14,-1.265%,"2,747,157,786",/market-activity/stocks/clbt,US_NASDAQ_CLBT
FRPT,"Freshpet, Inc. Common Stock",$57.15,-0.02,-0.035%,"2,746,518,929",/market-activity/stocks/frpt,US_NASDAQ_FRPT
UUUU,Energy Fuels Inc Ordinary Shares (Canada),$10.99,-0.04,-0.363%,"2,746,038,330",/market-activity/stocks/uuuu,US_NASDAQ_UUUU
UNFI,"United Natural Foods, Inc. Common Stock",$45.47,-0.28,-0.612%,"2,742,617,809",/market-activity/stocks/unfi,US_NASDAQ_UNFI
FRMI,Fermi Inc. Common Stock,$4.28,0.02,0.469%,"2,741,200,249",/market-activity/stocks/frmi,US_NASDAQ_FRMI
BANC,"Banc of California, Inc. Common Stock",$17.30,-0.36,-2.039%,"2,732,544,152",/market-activity/stocks/banc,US_NASDAQ_BANC
BOH,Bank of Hawaii Corporation Common Stock,$69.17,-1.26,-1.789%,"2,728,783,891",/market-activity/stocks/boh,US_NASDAQ_BOH
LEU,Centrus Energy Corp. Class A Common Stock,$138.18,-2.19,-1.56%,"2,726,831,407",/market-activity/stocks/leu,US_NASDAQ_LEU
GPK,Graphic Packaging Holding Company,$9.21,-0.04,-0.432%,"2,726,819,187",/market-activity/stocks/gpk,US_NASDAQ_GPK
MZTI,The Marzetti Company Common Stock,$99.90,-1.20,-1.187%,"2,726,370,900",/market-activity/stocks/mzti,US_NASDAQ_MZTI
ADEA,Adeia Inc. Common Stock,$24.72,-0.20,-0.803%,"2,726,125,308",/market-activity/stocks/adea,US_NASDAQ_ADEA
WDFC,WD-40 Company Common Stock,$202.99,-0.91,-0.446%,"2,724,348,277",/market-activity/stocks/wdfc,US_NASDAQ_WDFC
KC,Kingsoft Cloud Holdings Limited American Depositary Shares,$9.09,-0.06,-0.656%,"2,721,270,246",/market-activity/stocks/kc,US_NASDAQ_KC
KWR,Quaker Houghton Common Stock,$158.02,-2.36,-1.472%,"2,719,161,070",/market-activity/stocks/kwr,US_NASDAQ_KWR
AGYS,"Agilysys, Inc. Common Stock (DE)",$96.34,-0.76,-0.783%,"2,717,345,616",/market-activity/stocks/agys,US_NASDAQ_AGYS
TALO,"Talos Energy, Inc. Common Stock",$16.21,-0.25,-1.519%,"2,706,510,236",/market-activity/stocks/talo,US_NASDAQ_TALO
CXT,"Crane NXT, Co. Common Stock",$47.00,-0.50,-1.053%,"2,705,381,288",/market-activity/stocks/cxt,US_NASDAQ_CXT
PPTA,Perpetua Resources Corp. Common Shares,$21.53,-0.29,-1.329%,"2,693,312,639",/market-activity/stocks/ppta,US_NASDAQ_PPTA
INTA,"Intapp, Inc. Common Stock",$35.20,-0.19,-0.537%,"2,693,192,410",/market-activity/stocks/inta,US_NASDAQ_INTA
GPOR,Gulfport Energy Corporation Common Shares,$152.17,0.08,0.053%,"2,690,953,889",/market-activity/stocks/gpor,US_NASDAQ_GPOR
NMFCZ,New Mountain Finance Corporation 8.250% Notes due 2028,$25.25,-0.06,-0.237%,"2,685,614,265",/market-activity/stocks/nmfcz,US_NASDAQ_NMFCZ
RDW,Redwire Corporation Common Stock,$10.73,-0.47,-4.196%,"2,682,420,695",/market-activity/stocks/rdw,US_NASDAQ_RDW
LFTO,"Liftoff Mobile, Inc. Common Stock",$15.83,0.17,1.086%,"2,680,518,072",/market-activity/stocks/lfto,US_NASDAQ_LFTO
VCRE,Vicore Pharma Holding AB American Depositary Shares,$9.52,-0.07,-0.73%,"2,680,123,645",/market-activity/stocks/vcre,US_NASDAQ_VCRE
WTTR,"Select Water Solutions, Inc. Class A common stock",$19.34,-0.84,-4.163%,"2,678,219,310",/market-activity/stocks/wttr,US_NASDAQ_WTTR
TOWN,TowneBank Common Stock,$35.82,-0.27,-0.748%,"2,672,792,761",/market-activity/stocks/town,US_NASDAQ_TOWN
NESR,National Energy Services Reunited Corp Ordinary Shares,$26.49,-3.32,-11.137%,"2,671,562,963",/market-activity/stocks/nesr,US_NASDAQ_NESR
FUL,H. B. Fuller Company Common Stock,$49.60,0.23,0.466%,"2,669,924,302",/market-activity/stocks/ful,US_NASDAQ_FUL
PLUG,"Plug Power, Inc. Common Stock",$1.91,0.05,2.688%,"2,668,642,981",/market-activity/stocks/plug,US_NASDAQ_PLUG
TDC,Teradata Corporation Common Stock,$28.69,0.14,0.49%,"2,668,170,000",/market-activity/stocks/tdc,US_NASDAQ_TDC
EROK,"EagleRock Land, LLC Class A shares representing limited liability company interests",$20.27,-1.12,-5.236%,"2,665,901,684",/market-activity/stocks/erok,US_NASDAQ_EROK
EROC,"ERock, Inc. Class A Common Stock",$12.14,0.26,2.189%,"2,663,516,971",/market-activity/stocks/eroc,US_NASDAQ_EROC
NMM,Navios Maritime Partners LP Common Units Representing Limited Partner Interests,$90.99,0.66,0.731%,"2,654,024,254",/market-activity/stocks/nmm,US_NASDAQ_NMM
BCC,"Boise Cascade, L.L.C. Common Stock",$75.97,-0.62,-0.81%,"2,650,695,935",/market-activity/stocks/bcc,US_NASDAQ_BCC
CSQR,"Csquare, Inc. Common Stock",$15.88,-0.26,-1.611%,"2,646,147,666",/market-activity/stocks/csqr,US_NASDAQ_CSQR
ALRM,"Alarm.com Holdings, Inc. Common Stock",$53.84,0.07,0.13%,"2,643,017,876",/market-activity/stocks/alrm,US_NASDAQ_ALRM
AKR,Acadia Realty Trust Common Stock,$19.20,-0.06,-0.312%,"2,636,788,262",/market-activity/stocks/akr,US_NASDAQ_AKR
HWKN,"Hawkins, Inc. Common Stock",$126.15,-1.68,-1.314%,"2,633,396,010",/market-activity/stocks/hwkn,US_NASDAQ_HWKN
MAN,ManpowerGroup Common Stock,$56.56,-0.46,-0.807%,"2,630,355,039",/market-activity/stocks/man,US_NASDAQ_MAN
BRZE,"Braze, Inc. Class A Common Stock",$23.15,-0.02,-0.086%,"2,629,479,485",/market-activity/stocks/brze,US_NASDAQ_BRZE
SLDE,"Slide Insurance Holdings, Inc. Common Stock",$22.50,-0.36,-1.575%,"2,628,263,678",/market-activity/stocks/slde,US_NASDAQ_SLDE
TRMK,Trustmark Corporation Common Stock,$45.24,-0.38,-0.833%,"2,627,112,903",/market-activity/stocks/trmk,US_NASDAQ_TRMK
BKD,Brookdale Senior Living Inc. Common Stock,$10.98,-0.06,-0.543%,"2,622,213,427",/market-activity/stocks/bkd,US_NASDAQ_BKD
HAYW,"Hayward Holdings, Inc. Common Stock",$12.34,-0.18,-1.438%,"2,617,555,642",/market-activity/stocks/hayw,US_NASDAQ_HAYW
MGEE,"MGE Energy, Inc",$69.24,0.31,0.45%,"2,616,164,991",/market-activity/stocks/mgee,US_NASDAQ_MGEE
ACHC,"Acadia Healthcare Company, Inc. Common Stock",$28.04,0.13,0.466%,"2,610,531,711",/market-activity/stocks/achc,US_NASDAQ_ACHC
NBTB,NBT Bancorp Inc. Common Stock,$50.22,-0.60,-1.181%,"2,609,434,263",/market-activity/stocks/nbtb,US_NASDAQ_NBTB
AMBP,Ardagh Metal Packaging S.A. Ordinary Shares,$4.35,-0.05,-1.136%,"2,599,993,199",/market-activity/stocks/ambp,US_NASDAQ_AMBP
GCMG,GCM Grosvenor Inc. Class A Common Stock,$12.80,-0.12,-0.929%,"2,595,738,880",/market-activity/stocks/gcmg,US_NASDAQ_GCMG
ZIONP,"Zions Bancorporation, N.A. Depositary Shares (Each representing 1/40th Interest in a Share of Series A Floating-Rate Non-Cumulative Perpetual Preferred Stock)",$17.78,-0.29,-1.605%,"2,595,050,652",/market-activity/stocks/zionp,US_NASDAQ_ZIONP
FBK,FB Financial Corporation Common Stock,$51.89,-0.38,-0.727%,"2,593,365,581",/market-activity/stocks/fbk,US_NASDAQ_FBK
MFAO,"MFA Financial, Inc. 9.000% Senior Notes due 2029",$25.2296,0.0295,0.117%,"2,590,290,284",/market-activity/stocks/mfao,US_NASDAQ_MFAO
EXK,Endeavour Silver Corporation Ordinary Shares (Canada),$8.74,-0.22,-2.455%,"2,587,641,329",/market-activity/stocks/exk,US_NASDAQ_EXK
SECZ,Securitize Corp. Common Stock,$15.84,-0.79,-4.75%,"2,586,128,450",/market-activity/stocks/secz,US_NASDAQ_SECZ
DCO,Ducommun Incorporated Common Stock,$171.17,2.13,1.26%,"2,584,629,171",/market-activity/stocks/dco,US_NASDAQ_DCO
HOG,"Harley-Davidson, Inc. Common Stock",$24.82,0.15,0.608%,"2,583,079,624",/market-activity/stocks/hog,US_NASDAQ_HOG
MFAN,"MFA Financial, Inc. 8.875% Senior Notes due 2029",$25.15,0.02,0.08%,"2,582,117,855",/market-activity/stocks/mfan,US_NASDAQ_MFAN
HTO,H2O America Common Stock,$61.65,0.28,0.456%,"2,580,471,967",/market-activity/stocks/hto,US_NASDAQ_HTO
FBNC,First Bancorp Common Stock,$62.31,-0.76,-1.205%,"2,579,560,661",/market-activity/stocks/fbnc,US_NASDAQ_FBNC
GRDN,"Guardian Pharmacy Services, Inc. Class A Common Stock",$40.68,-0.06,-0.147%,"2,576,764,927",/market-activity/stocks/grdn,US_NASDAQ_GRDN
GDV,Gabelli Dividend & Income Trust Common Shares of Beneficial Interest,$28.46,-0.13,-0.455%,"2,566,764,454",/market-activity/stocks/gdv,US_NASDAQ_GDV
BBAR,Banco BBVA Argentina S.A. ADS,$12.54,-0.01,-0.08%,"2,561,128,130",/market-activity/stocks/bbar,US_NASDAQ_BBAR
PAGS,PagSeguro Digital Ltd. Class A Common Shares,$8.80,-0.10,-1.124%,"2,557,963,839",/market-activity/stocks/pags,US_NASDAQ_PAGS
SUPN,"Supernus Pharmaceuticals, Inc. Common Stock",$43.97,-0.63,-1.413%,"2,555,844,762",/market-activity/stocks/supn,US_NASDAQ_SUPN
DRH,Diamondrock Hospitality Company Common Stock,$12.47,-0.17,-1.345%,"2,551,432,842",/market-activity/stocks/drh,US_NASDAQ_DRH
CHTRP,"Charter Communications, Inc. Series A Cumulative Redeemable Preferred Stock",$22.26,-0.34,-1.504%,"2,550,494,972",/market-activity/stocks/chtrp,US_NASDAQ_CHTRP
FIVN,"Five9, Inc. Common Stock",$34.01,-0.65,-1.875%,"2,541,347,289",/market-activity/stocks/fivn,US_NASDAQ_FIVN
TTAM,Titan America SA Common Shares,$13.76,UNCH,--,"2,536,827,518",/market-activity/stocks/ttam,US_NASDAQ_TTAM
BEAM,Beam Therapeutics Inc. Common Stock,$24.52,0.29,1.197%,"2,532,613,546",/market-activity/stocks/beam,US_NASDAQ_BEAM
APPN,Appian Corporation Class A Common Stock,$35.33,0.31,0.885%,"2,530,603,002",/market-activity/stocks/appn,US_NASDAQ_APPN
DJT,Trump Media & Technology Group Corp. Common Stock,$9.10,-0.02,-0.219%,"2,529,265,593",/market-activity/stocks/djt,US_NASDAQ_DJT
IRON,"Disc Medicine, Inc. Common Stock",$65.87,0.95,1.463%,"2,528,936,634",/market-activity/stocks/iron,US_NASDAQ_IRON
CALY,Callaway Golf Company Common Stock,$14.16,-0.15,-1.048%,"2,527,708,977",/market-activity/stocks/caly,US_NASDAQ_CALY
CUBI,"Customers Bancorp, Inc Common Stock",$74.52,-1.27,-1.676%,"2,517,568,701",/market-activity/stocks/cubi,US_NASDAQ_CUBI
FRME,First Merchants Corporation Common Stock,$40.075,-0.295,-0.731%,"2,516,767,027",/market-activity/stocks/frme,US_NASDAQ_FRME
PRVA,"Privia Health Group, Inc. Common Stock",$19.62,-0.25,-1.258%,"2,506,145,141",/market-activity/stocks/prva,US_NASDAQ_PRVA
UE,Urban Edge Properties Common Shares of Beneficial Interest,$19.78,-0.13,-0.653%,"2,497,115,537",/market-activity/stocks/ue,US_NASDAQ_UE
RNW,ReNew Energy Global plc Class A Ordinary Shares,$6.85,0.01,0.146%,"2,496,158,413",/market-activity/stocks/rnw,US_NASDAQ_RNW
AXGN,"Axogen, Inc. Common Stock",$42.44,-0.92,-2.122%,"2,490,019,012",/market-activity/stocks/axgn,US_NASDAQ_AXGN
HURN,Huron Consulting Group Inc. Common Stock,$156.36,-1.26,-0.799%,"2,487,698,858",/market-activity/stocks/hurn,US_NASDAQ_HURN
IMNM,"Immunome, Inc. Common Stock",$21.89,0.21,0.969%,"2,486,214,299",/market-activity/stocks/imnm,US_NASDAQ_IMNM
CLDX,"Celldex Therapeutics, Inc.",$31.64,0.15,0.476%,"2,484,674,392",/market-activity/stocks/cldx,US_NASDAQ_CLDX
SHAK,"Shake Shack, Inc. Class A Common Stock",$57.88,0.36,0.626%,"2,477,202,531",/market-activity/stocks/shak,US_NASDAQ_SHAK
BANR,Banner Corporation Common Stock,$67.47,-0.70,-1.027%,"2,472,065,176",/market-activity/stocks/banr,US_NASDAQ_BANR
KALU,Kaiser Aluminum Corporation Common Stock,$151.17,-0.40,-0.264%,"2,471,492,238",/market-activity/stocks/kalu,US_NASDAQ_KALU
ROG,Rogers Corporation Common Stock,$138.17,1.53,1.12%,"2,468,867,847",/market-activity/stocks/rog,US_NASDAQ_ROG
HCM,HUTCHMED (China) Limited American Depositary Shares,$14.15,0.02,0.142%,"2,468,687,165",/market-activity/stocks/hcm,US_NASDAQ_HCM
HIMX,"Himax Technologies, Inc. American Depositary Shares",$14.10,0.14,1.003%,"2,459,405,387",/market-activity/stocks/himx,US_NASDAQ_HIMX
KD,"Kyndryl Holdings, Inc. Common Stock",$11.29,0.06,0.534%,"2,459,168,189",/market-activity/stocks/kd,US_NASDAQ_KD
CENT,Central Garden & Pet Company Common Stock,$39.26,-0.42,-1.058%,"2,457,385,397",/market-activity/stocks/cent,US_NASDAQ_CENT
NRIX,"Nurix Therapeutics, Inc. Common stock",$23.675,0.005,0.021%,"2,457,031,345",/market-activity/stocks/nrix,US_NASDAQ_NRIX
BUSE,First Busey Corporation Class A Common Stock,$29.38,-0.38,-1.277%,"2,444,107,539",/market-activity/stocks/buse,US_NASDAQ_BUSE
NGVT,Ingevity Corporation Common Stock ,$71.06,-1.68,-2.31%,"2,442,895,137",/market-activity/stocks/ngvt,US_NASDAQ_NGVT
ATHM,"Autohome Inc. American Depositary Shares, each representing four class A ordinary shares.",$21.20,-0.01,-0.047%,"2,441,623,313",/market-activity/stocks/athm,US_NASDAQ_ATHM
HSAI,Hesai Group American Depositary Share,$15.52,-0.07,-0.449%,"2,438,847,115",/market-activity/stocks/hsai,US_NASDAQ_HSAI
NVA,Nova Minerals Corp Common Stock,$5.40,0.06,1.124%,"2,435,552,296",/market-activity/stocks/nva,US_NASDAQ_NVA
BFLY,"Butterfly Network, Inc. Class A Common Stock",$9.10,-0.05,-0.546%,"2,423,195,165",/market-activity/stocks/bfly,US_NASDAQ_BFLY
NOG,"Northern Oil and Gas, Inc. Common Stock",$22.74,-0.47,-2.025%,"2,422,927,171",/market-activity/stocks/nog,US_NASDAQ_NOG
WLY,"John Wiley & Sons, Inc. Common Stock",$47.74,0.13,0.273%,"2,419,650,818",/market-activity/stocks/wly,US_NASDAQ_WLY
PAYO,Payoneer Global Inc. Common Stock,$7.14,UNCH,--,"2,419,394,969",/market-activity/stocks/payo,US_NASDAQ_PAYO
FCPT,"Four Corners Property Trust, Inc. Common Stock",$22.03,UNCH,--,"2,417,933,624",/market-activity/stocks/fcpt,US_NASDAQ_FCPT
LCLN,"Lincoln International, Inc. Class A Common Stock",$23.32,0.32,1.391%,"2,416,546,403",/market-activity/stocks/lcln,US_NASDAQ_LCLN
WLYB,"John Wiley & Sons, Inc. Common Stock",$47.60,-0.17,-0.356%,"2,412,555,068",/market-activity/stocks/wlyb,US_NASDAQ_WLYB
RVMDW,"Revolution Medicines, Inc. Warrant",$11.25,0.03,0.267%,"2,411,284,703",/market-activity/stocks/rvmdw,US_NASDAQ_RVMDW
NEO,"NeoGenomics, Inc. Common Stock",$18.74,-0.55,-2.851%,"2,407,629,746",/market-activity/stocks/neo,US_NASDAQ_NEO
MH,"McGraw Hill, Inc. Common Stock",$12.58,0.08,0.64%,"2,406,664,880",/market-activity/stocks/mh,US_NASDAQ_MH
WSBCO,"WesBanco, Inc. Depositary Shares each representing 1/40th interest in a share of 7.375% Fixed-Rate Reset Non-Cumulative Perpetual Preferred Stock, Series B",$25.03,-0.13,-0.517%,"2,400,524,402",/market-activity/stocks/wsbco,US_NASDAQ_WSBCO
SYBT,"Stock Yards Bancorp, Inc. Common Stock",$77.25,-0.77,-0.987%,"2,399,898,172",/market-activity/stocks/sybt,US_NASDAQ_SYBT
AAP,Advance Auto Parts Inc.,$39.73,-0.04,-0.101%,"2,399,692,000",/market-activity/stocks/aap,US_NASDAQ_AAP
SVM,Silvercorp Metals Inc. Common Shares,$10.83,0.07,0.651%,"2,395,754,573",/market-activity/stocks/svm,US_NASDAQ_SVM
TRLV,Trulieve Cannabis Corp. Subordinate Voting Shares,$12.41,0.07,0.567%,"2,389,735,398",/market-activity/stocks/trlv,US_NASDAQ_TRLV
EEFT,"Euronet Worldwide, Inc. Common Stock",$63.76,-1.17,-1.802%,"2,384,853,217",/market-activity/stocks/eeft,US_NASDAQ_EEFT
VIA,"Via Transportation, Inc. Class A Common Stock",$29.25,0.15,0.515%,"2,384,039,180",/market-activity/stocks/via,US_NASDAQ_VIA
IOSP,Innospec Inc. Common Stock,$96.72,-1.16,-1.185%,"2,382,314,866",/market-activity/stocks/iosp,US_NASDAQ_IOSP
IVT,InvenTrust Properties Corp. Common Stock,$30.53,-0.19,-0.618%,"2,380,681,498",/market-activity/stocks/ivt,US_NASDAQ_IVT
SKWD,"Skyward Specialty Insurance Group, Inc. Common Stock",$53.48,-0.11,-0.205%,"2,374,324,446",/market-activity/stocks/skwd,US_NASDAQ_SKWD
IMOS,ChipMOS TECHNOLOGIES INC. American Depositary Shares,$67.76,-3.82,-5.337%,"2,371,542,811",/market-activity/stocks/imos,US_NASDAQ_IMOS
COTY,Coty Inc. Class A Common Stock,$2.69,0.01,0.373%,"2,369,046,588",/market-activity/stocks/coty,US_NASDAQ_COTY
KMT,Kennametal Inc. Common Stock,$31.01,-0.79,-2.484%,"2,368,854,861",/market-activity/stocks/kmt,US_NASDAQ_KMT
BKV,BKV Corporation Common Stock,$21.64,-0.26,-1.187%,"2,368,234,641",/market-activity/stocks/bkv,US_NASDAQ_BKV
OSW,OneSpaWorld Holdings Limited Common Shares,$23.15,0.37,1.624%,"2,349,695,183",/market-activity/stocks/osw,US_NASDAQ_OSW
MFICL,MidCap Financial Investment Corporation 8.00% Notes due 2028,$25.18,0.02,0.079%,"2,349,385,202",/market-activity/stocks/mficl,US_NASDAQ_MFICL
NN,NextNav Inc. Common Stock,$13.89,-0.35,-2.458%,"2,344,769,650",/market-activity/stocks/nn,US_NASDAQ_NN
DNN,Denison Mines Corp Ordinary Shares (Canada),$2.59,0.01,0.388%,"2,344,509,769",/market-activity/stocks/dnn,US_NASDAQ_DNN
PLUS,ePlus inc. Common Stock,$89.82,0.41,0.459%,"2,343,441,345",/market-activity/stocks/plus,US_NASDAQ_PLUS
ARR,"ARMOUR Residential REIT, Inc.",$14.01,0.03,0.215%,"2,341,034,546",/market-activity/stocks/arr,US_NASDAQ_ARR
NTB,Bank of N.T. Butterfield & Son Limited (The) Voting Ordinary Shares,$58.43,-0.37,-0.629%,"2,337,200,000",/market-activity/stocks/ntb,US_NASDAQ_NTB
FIGS,"FIGS, Inc. Class A Common Stock",$14.06,0.44,3.231%,"2,335,931,803",/market-activity/stocks/figs,US_NASDAQ_FIGS
VERA,"Vera Therapeutics, Inc. Class A Common Stock",$32.375,-0.125,-0.385%,"2,333,050,471",/market-activity/stocks/vera,US_NASDAQ_VERA
GPCR,Structure Therapeutics Inc. American Depositary Shares,$32.69,-2.375,-6.773%,"2,331,119,225",/market-activity/stocks/gpcr,US_NASDAQ_GPCR
BBT,Beacon Financial Corporation Common stock,$27.74,-0.07,-0.252%,"2,325,058,226",/market-activity/stocks/bbt,US_NASDAQ_BBT
SLS,"SELLAS Life Sciences Group, Inc. Common Stock",$11.51,-0.08,-0.69%,"2,324,395,111",/market-activity/stocks/sls,US_NASDAQ_SLS
VC,Visteon Corporation Common Stock,$87.06,0.11,0.127%,"2,324,104,049",/market-activity/stocks/vc,US_NASDAQ_VC
LTC,"LTC Properties, Inc. Common Stock",$43.10,0.01,0.023%,"2,323,329,765",/market-activity/stocks/ltc,US_NASDAQ_LTC
LPG,Dorian LPG Ltd. Common Stock,$54.23,-0.13,-0.239%,"2,320,104,791",/market-activity/stocks/lpg,US_NASDAQ_LPG
RH,RH Common Stock,$122.21,0.13,0.106%,"2,313,821,361",/market-activity/stocks/rh,US_NASDAQ_RH
ALVO,Alvotech Ordinary Shares,$5.92,-0.23,-3.74%,"2,311,354,362",/market-activity/stocks/alvo,US_NASDAQ_ALVO
AERO,"Grupo Aeromexico, S.A.B. de C.V. American Depositary Shares (each representing ten (10) Common Shares)",$15.84,0.13,0.827%,"2,311,109,999",/market-activity/stocks/aero,US_NASDAQ_AERO
BGR,BlackRock Energy and Resources Trust,$17.01,-0.11,-0.643%,"2,306,321,160",/market-activity/stocks/bgr,US_NASDAQ_BGR
AGM,Federal Agricultural Mortgage Corporation Common Stock,$212.22,-3.49,-1.618%,"2,303,268,226",/market-activity/stocks/agm,US_NASDAQ_AGM
INOD,Innodata Inc. Common Stock,$66.94,0.15,0.225%,"2,301,574,658",/market-activity/stocks/inod,US_NASDAQ_INOD
OPEN,Opendoor Technologies Inc Common Stock,$2.37,-0.06,-2.469%,"2,301,485,789",/market-activity/stocks/open,US_NASDAQ_OPEN
UFPT,"UFP Technologies, Inc. Common Stock",$296.92,-2.30,-0.769%,"2,299,879,967",/market-activity/stocks/ufpt,US_NASDAQ_UFPT
CLOV,"Clover Health Investments, Corp. Class A Common Stock",$4.325,-0.005,-0.115%,"2,297,250,837",/market-activity/stocks/clov,US_NASDAQ_CLOV
STNE,StoneCo Ltd. Class A Common Shares,$9.28,0.01,0.108%,"2,289,512,110",/market-activity/stocks/stne,US_NASDAQ_STNE
ADAMM,"Adamas Trust, Inc. 7.875% Series E Fixed-to-Floating Rate Cumulative Redeemable Preferred Stock",$25.35,-0.05,-0.197%,"2,289,225,311",/market-activity/stocks/adamm,US_NASDAQ_ADAMM
RAMP,"LiveRamp Holdings, Inc. Common Stock",$37.65,0.02,0.053%,"2,288,931,072",/market-activity/stocks/ramp,US_NASDAQ_RAMP
HRMY,"Harmony Biosciences Holdings, Inc. Common Stock",$39.29,-0.72,-1.80%,"2,288,107,881",/market-activity/stocks/hrmy,US_NASDAQ_HRMY
PRLB,"Proto Labs, Inc. Common stock",$95.46,-1.44,-1.486%,"2,283,584,288",/market-activity/stocks/prlb,US_NASDAQ_PRLB
VVX,"V2X, Inc. Common Stock",$72.80,-0.91,-1.235%,"2,281,942,062",/market-activity/stocks/vvx,US_NASDAQ_VVX
MBIN,Merchants Bancorp Common Stock,$49.61,-1.94,-3.763%,"2,278,987,901",/market-activity/stocks/mbin,US_NASDAQ_MBIN
SDGR,"Schrodinger, Inc. Common Stock",$30.33,0.83,2.814%,"2,268,854,697",/market-activity/stocks/sdgr,US_NASDAQ_SDGR
NWL,Newell Brands Inc. Common Stock,$5.32,-0.12,-2.206%,"2,265,788,000",/market-activity/stocks/nwl,US_NASDAQ_NWL
ALMR,"Alamar Biosciences, Inc. Common Stock",$32.65,0.04,0.123%,"2,265,673,810",/market-activity/stocks/almr,US_NASDAQ_ALMR
VRDN,"Viridian Therapeutics, Inc. Common Stock",$19.995,-0.575,-2.795%,"2,265,278,919",/market-activity/stocks/vrdn,US_NASDAQ_VRDN
NOVTU,Novanta Inc. Tangible Equity Units,$59.87,-0.62,-1.025%,"2,264,149,890",/market-activity/stocks/novtu,US_NASDAQ_NOVTU
INTR,Inter & Co. Inc. Class A Common Shares,$5.13,0.09,1.786%,"2,263,980,131",/market-activity/stocks/intr,US_NASDAQ_INTR
WGS,GeneDx Holdings Corp. Class A Common Stock,$75.79,-10.14,-11.80%,"2,260,250,382",/market-activity/stocks/wgs,US_NASDAQ_WGS
ADAMI,"Adamas Trust, Inc. 9.125% Senior Notes Due 2029",$24.9512,-0.0288,-0.115%,"2,260,065,948",/market-activity/stocks/adami,US_NASDAQ_ADAMI
NMRK,"Newmark Group, Inc. Class A Common Stock",$12.47,-0.02,-0.16%,"2,259,920,979",/market-activity/stocks/nmrk,US_NASDAQ_NMRK
HLIO,"Helios Technologies, Inc. Common Stock",$68.55,-0.36,-0.522%,"2,258,762,053",/market-activity/stocks/hlio,US_NASDAQ_HLIO
CNXN,"PC Connection, Inc. Common Stock",$89.49,-0.21,-0.234%,"2,258,557,480",/market-activity/stocks/cnxn,US_NASDAQ_CNXN
UPST,"Upstart Holdings, Inc. Common stock",$23.14,0.11,0.478%,"2,251,823,884",/market-activity/stocks/upst,US_NASDAQ_UPST
LASR,"nLIGHT, Inc. Common Stock",$39.01,-0.54,-1.365%,"2,250,494,585",/market-activity/stocks/lasr,US_NASDAQ_LASR
ANDE,"Andersons, Inc. (The) Common Stock",$66.21,-0.24,-0.361%,"2,249,522,490",/market-activity/stocks/ande,US_NASDAQ_ANDE
ADAML,"Adamas Trust, Inc. 6.875% Series F Fixed-to-Floating Rate Cumulative Redeemable Preferred Stock, $0.01 par value per share",$24.91,-0.15,-0.599%,"2,249,491,223",/market-activity/stocks/adaml,US_NASDAQ_ADAML
WAFD,"WaFd, Inc. Common Stock",$30.29,-0.56,-1.815%,"2,241,315,759",/market-activity/stocks/wafd,US_NASDAQ_WAFD
ICHR,Ichor Holdings Ordinary Shares,$59.76,0.34,0.572%,"2,238,264,725",/market-activity/stocks/ichr,US_NASDAQ_ICHR
PBI,Pitney Bowes Inc. Common Stock,$16.29,-0.09,-0.549%,"2,233,199,553",/market-activity/stocks/pbi,US_NASDAQ_PBI
ADMA,ADMA Biologics Inc Common Stock,$9.96,-0.16,-1.581%,"2,230,887,413",/market-activity/stocks/adma,US_NASDAQ_ADMA
BKE,"Buckle, Inc. (The) Common Stock",$43.23,0.16,0.371%,"2,226,882,522",/market-activity/stocks/bke,US_NASDAQ_BKE
PATK,"Patrick Industries, Inc. Common Stock",$69.12,0.12,0.174%,"2,220,014,408",/market-activity/stocks/patk,US_NASDAQ_PATK
PBH,Prestige Consumer Healthcare Inc. Common Stock,$46.74,-0.19,-0.405%,"2,214,285,158",/market-activity/stocks/pbh,US_NASDAQ_PBH
PHIN,PHINIA Inc. Common Stock,$60.42,-0.32,-0.527%,"2,213,673,277",/market-activity/stocks/phin,US_NASDAQ_PHIN
PTON,"Peloton Interactive, Inc. Class A Common Stock",$5.04,0.24,5.00%,"2,211,913,877",/market-activity/stocks/pton,US_NASDAQ_PTON
KEEL,Keel Infrastructure Corp. Common Stock,$3.58,-0.02,-0.556%,"2,210,912,099",/market-activity/stocks/keel,US_NASDAQ_KEEL
PHVS,Pharvaris N.V. Ordinary Shares,$31.73,-0.18,-0.564%,"2,210,516,554",/market-activity/stocks/phvs,US_NASDAQ_PHVS
ADRX,"ADARx Pharmaceuticals, Inc. Common Stock",$20.635,0.545,2.713%,"2,203,845,341",/market-activity/stocks/adrx,US_NASDAQ_ADRX
PMTU,PennyMac Mortgage Investment Trust 8.50% Senior Notes due 2028,$25.26,0.11,0.437%,"2,202,731,664",/market-activity/stocks/pmtu,US_NASDAQ_PMTU
BGSI,Boyd Group Services Inc. Common Shares,$78.97,0.50,0.637%,"2,198,243,272",/market-activity/stocks/bgsi,US_NASDAQ_BGSI
HCI,"HCI Group, Inc. Common Stock",$176.49,1.20,0.685%,"2,195,335,637",/market-activity/stocks/hci,US_NASDAQ_HCI
SIND,Sinda Ltd. Common Stock,$13.82,0.09,0.655%,"2,194,490,031",/market-activity/stocks/sind,US_NASDAQ_SIND
ADAMN,"Adamas Trust, Inc. 8.00% Series D Fixed-to-Floating Rate Cumulative Redeemable Preferred Stock",$24.2591,-0.1009,-0.414%,"2,190,711,864",/market-activity/stocks/adamn,US_NASDAQ_ADAMN
NWBI,"Northwest Bancshares, Inc. Common Stock",$14.92,-0.20,-1.323%,"2,185,170,100",/market-activity/stocks/nwbi,US_NASDAQ_NWBI
AUPH,Aurinia Pharmaceuticals Inc Ordinary Shares,$16.42,-0.10,-0.605%,"2,184,700,179",/market-activity/stocks/auph,US_NASDAQ_AUPH
PRCH,"Porch Group, Inc. Common Stock",$16.57,-0.26,-1.545%,"2,184,456,969",/market-activity/stocks/prch,US_NASDAQ_PRCH
CDLR,Cadeler A/S American Depositary Share (each representing four (4) Ordinary Shares),$22.59,-0.31,-1.354%,"2,179,728,008",/market-activity/stocks/cdlr,US_NASDAQ_CDLR
BHC,Bausch Health Companies Inc. Common Stock,$5.80,0.03,0.52%,"2,169,145,254",/market-activity/stocks/bhc,US_NASDAQ_BHC
CHA,Chagee Holdings Limited American Depositary Shares,$11.36,-0.09,-0.786%,"2,167,071,383",/market-activity/stocks/cha,US_NASDAQ_CHA
MLYS,"Mineralys Therapeutics, Inc. Common Stock",$24.48,-1.15,-4.487%,"2,164,200,545",/market-activity/stocks/mlys,US_NASDAQ_MLYS
LIFE,Ethos Technologies Inc. Class A Common Stock,$33.85,-0.39,-1.139%,"2,158,257,518",/market-activity/stocks/life,US_NASDAQ_LIFE
RXRX,"Recursion Pharmaceuticals, Inc. Class A Common Stock",$4.03,0.33,8.919%,"2,157,428,945",/market-activity/stocks/rxrx,US_NASDAQ_RXRX
HTH,Hilltop Holdings Inc.,$37.60,-0.52,-1.364%,"2,153,969,279",/market-activity/stocks/hth,US_NASDAQ_HTH
EFSC,Enterprise Financial Services Corporation Common Stock,$59.32,-0.83,-1.38%,"2,146,940,286",/market-activity/stocks/efsc,US_NASDAQ_EFSC
SSMR,Sunshine Silver Mining & Refining Company Common Stock,$14.91,0.02,0.134%,"2,142,963,651",/market-activity/stocks/ssmr,US_NASDAQ_SSMR
PLBL,Polibeli Group Ltd Class A Ordinary Shares,$5.83,0.22,3.922%,"2,136,038,950",/market-activity/stocks/plbl,US_NASDAQ_PLBL
OFG,OFG Bancorp Common Stock,$50.47,-0.73,-1.426%,"2,133,139,482",/market-activity/stocks/ofg,US_NASDAQ_OFG
TRN,"Trinity Industries, Inc. Common Stock",$26.71,-0.89,-3.225%,"2,127,971,971",/market-activity/stocks/trn,US_NASDAQ_TRN
CENTA,Central Garden & Pet Company Class A Common Stock Nonvoting,$33.95,-0.25,-0.731%,"2,125,018,702",/market-activity/stocks/centa,US_NASDAQ_CENTA
MD,"Pediatrix Medical Group, Inc. Common Stock",$26.06,0.13,0.501%,"2,117,460,242",/market-activity/stocks/md,US_NASDAQ_MD
DRD,DRDGOLD Limited American Depositary Shares,$24.49,0.15,0.616%,"2,117,377,751",/market-activity/stocks/drd,US_NASDAQ_DRD
INSP,"Inspire Medical Systems, Inc. Common Stock",$73.18,3.18,4.543%,"2,115,661,243",/market-activity/stocks/insp,US_NASDAQ_INSP
BCRX,"BioCryst Pharmaceuticals, Inc. Common Stock",$8.27,-0.20,-2.361%,"2,113,275,318",/market-activity/stocks/bcrx,US_NASDAQ_BCRX
SONO,"Sonos, Inc. Common Stock",$17.85,-0.12,-0.668%,"2,111,547,525",/market-activity/stocks/sono,US_NASDAQ_SONO
PEB,Pebblebrook Hotel Trust Common Shares of Beneficial Interest,$18.71,-0.02,-0.107%,"2,111,287,216",/market-activity/stocks/peb,US_NASDAQ_PEB
CALX,"Calix, Inc Common Stock",$33.53,0.34,1.024%,"2,111,182,551",/market-activity/stocks/calx,US_NASDAQ_CALX
BTX,BlackRock Technology and Private Equity Term Trust Common Shares of Beneficial Interest,$8.95,0.09,1.016%,"2,110,375,757",/market-activity/stocks/btx,US_NASDAQ_BTX
ADUS,Addus HomeCare Corporation Common Stock,$112.96,1.05,0.938%,"2,109,448,928",/market-activity/stocks/adus,US_NASDAQ_ADUS
FLYW,Flywire Corporation Voting Common Stock,$17.33,0.03,0.173%,"2,108,500,790",/market-activity/stocks/flyw,US_NASDAQ_FLYW
ALGT,Allegiant Travel Company Common Stock,$77.03,0.48,0.627%,"2,105,827,268",/market-activity/stocks/algt,US_NASDAQ_ALGT
AMR,"Alpha Metallurgical Resources, Inc. Common Stock",$166.00,-9.54,-5.435%,"2,104,721,470",/market-activity/stocks/amr,US_NASDAQ_AMR
PDFS,"PDF Solutions, Inc. Common Stock",$49.77,0.02,0.04%,"2,101,648,540",/market-activity/stocks/pdfs,US_NASDAQ_PDFS
SHO,"Sunstone Hotel Investors, Inc. Sunstone Hotel Investors, Inc. Common Shares",$11.30,UNCH,--,"2,101,166,533",/market-activity/stocks/sho,US_NASDAQ_SHO
CTOS,"Custom Truck One Source, Inc. Common Stock",$9.22,-0.09,-0.967%,"2,097,601,033",/market-activity/stocks/ctos,US_NASDAQ_CTOS
MPT,"Medical Properties Trust, Inc. common stock",$3.51,0.01,0.286%,"2,096,172,000",/market-activity/stocks/mpt,US_NASDAQ_MPT
CC,Chemours Company (The) Common Stock,$13.89,-0.24,-1.699%,"2,090,431,041",/market-activity/stocks/cc,US_NASDAQ_CC
BLX,"Bladex, Inc. Class E Common Stock",$55.51,0.54,0.982%,"2,087,115,994",/market-activity/stocks/blx,US_NASDAQ_BLX
BUSEP,"First Busey Corporation Depositary Shares, Each Representing a 1/40thInterest in a Share of 8.25% Fixed-Rate Series B Non-Cumulative Perpetual Preferred Stock, $0.001 par value",$25.045,-0.375,-1.475%,"2,083,481,053",/market-activity/stocks/busep,US_NASDAQ_BUSEP
PRGO,Perrigo Company plc Ordinary Shares,$15.00,-0.10,-0.662%,"2,081,538,675",/market-activity/stocks/prgo,US_NASDAQ_PRGO
MCRI,"Monarch Casino & Resort, Inc. Common Stock",$116.09,-1.17,-0.998%,"2,080,625,463",/market-activity/stocks/mcri,US_NASDAQ_MCRI
UNIT,Uniti Group Inc. Common Stock,$8.57,-0.08,-0.925%,"2,080,154,407",/market-activity/stocks/unit,US_NASDAQ_UNIT
VCEL,Vericel Corporation Common Stock,$40.61,0.37,0.919%,"2,079,500,595",/market-activity/stocks/vcel,US_NASDAQ_VCEL
RLX,"RLX Technology Inc. American Depositary Shares, each representing the right to receive one (1) Class A ordinary share",$1.70,UNCH,--,"2,077,832,759",/market-activity/stocks/rlx,US_NASDAQ_RLX
KSS,Kohl's Corporation Common Stock,$18.32,0.14,0.77%,"2,077,056,472",/market-activity/stocks/kss,US_NASDAQ_KSS
DV,"DoubleVerify Holdings, Inc. Common Stock",$13.40,UNCH,--,"2,076,823,750",/market-activity/stocks/dv,US_NASDAQ_DV
LCII,LCI Industries,$85.38,-0.14,-0.164%,"2,075,716,468",/market-activity/stocks/lcii,US_NASDAQ_LCII
BXMT,"Blackstone Mortgage Trust, Inc. Common Stock",$12.31,-0.10,-0.806%,"2,074,771,605",/market-activity/stocks/bxmt,US_NASDAQ_BXMT
AADX,"Applied Aerospace & Defense, Inc. Common Stock",$12.00,-0.05,-0.415%,"2,068,722,216",/market-activity/stocks/aadx,US_NASDAQ_AADX
ETOR,eToro Group Ltd. Class A Common Shares,$25.68,-0.14,-0.542%,"2,068,429,831",/market-activity/stocks/etor,US_NASDAQ_ETOR
PLGO,Pelagos Insurance Capital Limited Common Shares,$23.87,-0.05,-0.209%,"2,064,281,061",/market-activity/stocks/plgo,US_NASDAQ_PLGO
MTX,Minerals Technologies Inc. Common Stock,$66.11,-0.75,-1.122%,"2,057,922,456",/market-activity/stocks/mtx,US_NASDAQ_MTX
SBET,"Sharplink, Inc. Common Stock",$9.46,-0.04,-0.421%,"2,054,935,294",/market-activity/stocks/sbet,US_NASDAQ_SBET
TRVI,"Trevi Therapeutics, Inc. Common Stock",$14.42,0.02,0.139%,"2,054,501,627",/market-activity/stocks/trvi,US_NASDAQ_TRVI
FCF,First Commonwealth Financial Corporation Common Stock,$20.33,-0.24,-1.167%,"2,054,466,955",/market-activity/stocks/fcf,US_NASDAQ_FCF
CTRI,"Centuri Holdings, Inc. Common Stock",$20.34,0.42,2.108%,"2,053,588,498",/market-activity/stocks/ctri,US_NASDAQ_CTRI
LIND,Lindblad Expeditions Holdings Inc. Common Stock,$31.27,1.63,5.499%,"2,051,927,675",/market-activity/stocks/lind,US_NASDAQ_LIND
UTZ,Utz Brands Inc Class A Common Stock ,$14.25,UNCH,--,"2,051,461,535",/market-activity/stocks/utz,US_NASDAQ_UTZ
DBD,Diebold Nixdorf Incorporated Common stock,$60.25,-0.64,-1.051%,"2,045,281,927",/market-activity/stocks/dbd,US_NASDAQ_DBD
SRCE,1st Source Corporation Common Stock,$84.91,-0.62,-0.725%,"2,044,787,846",/market-activity/stocks/srce,US_NASDAQ_SRCE
WERN,"Werner Enterprises, Inc. Common Stock",$34.05,0.52,1.551%,"2,042,222,162",/market-activity/stocks/wern,US_NASDAQ_WERN
RGTIW,"Rigetti Computing, Inc. Warrants",$6.08,-0.14,-2.251%,"2,029,313,982",/market-activity/stocks/rgtiw,US_NASDAQ_RGTIW
STUB,"StubHub Holdings, Inc. Class A Common Stock",$5.31,0.01,0.189%,"2,028,897,719",/market-activity/stocks/stub,US_NASDAQ_STUB
NKTR,Nektar Therapeutics  Common Stock,$59.24,-1.16,-1.921%,"2,022,630,965",/market-activity/stocks/nktr,US_NASDAQ_NKTR
CIMN,Chimera Investment Corporation 9.000% Senior Notes due 2029,$25.10,0.09,0.36%,"2,021,320,470",/market-activity/stocks/cimn,US_NASDAQ_CIMN
ECPG,Encore Capital Group Inc Common Stock,$95.25,-1.24,-1.285%,"2,020,192,112",/market-activity/stocks/ecpg,US_NASDAQ_ECPG
TILE,"Interface, Inc. Common Stock",$34.94,-0.23,-0.654%,"2,019,548,072",/market-activity/stocks/tile,US_NASDAQ_TILE
PLPC,Preformed Line Products Company Common Stock,$412.76,-3.61,-0.867%,"2,017,860,225",/market-activity/stocks/plpc,US_NASDAQ_PLPC
BRVE,"Braveheart Bio, Inc. Common Stock",$22.34,1.27,6.028%,"2,011,470,567",/market-activity/stocks/brve,US_NASDAQ_BRVE
BHVN,Biohaven Ltd. Common Shares ,$13.29,0.02,0.151%,"2,007,371,849",/market-activity/stocks/bhvn,US_NASDAQ_BHVN
BAND,Bandwidth Inc. Class A Common Stock,$62.28,1.27,2.082%,"2,004,219,477",/market-activity/stocks/band,US_NASDAQ_BAND
PVLA,"Palvella Therapeutics, Inc. Common Stock",$139.00,-0.83,-0.594%,"2,002,768,573",/market-activity/stocks/pvla,US_NASDAQ_PVLA
STGW,Stagwell Inc. Class A Common Stock,$8.18,-0.04,-0.487%,"1,999,809,189",/market-activity/stocks/stgw,US_NASDAQ_STGW
WHR,Whirlpool Corporation Common Stock,$30.67,-0.73,-2.325%,"1,999,664,923",/market-activity/stocks/whr,US_NASDAQ_WHR
UWMC,UWM Holdings Corporation Class A Common Stock,$1.24,-0.01,-0.80%,"1,992,079,412",/market-activity/stocks/uwmc,US_NASDAQ_UWMC
AGIO,"Agios Pharmaceuticals, Inc. Common Stock",$33.30,-0.12,-0.359%,"1,988,072,671",/market-activity/stocks/agio,US_NASDAQ_AGIO
MRVI,"Maravai LifeSciences Holdings, Inc. Class A Common Stock",$7.65,0.02,0.262%,"1,986,503,231",/market-activity/stocks/mrvi,US_NASDAQ_MRVI
GRC,Gorman-Rupp Company (The) Common Stock,$75.07,-0.99,-1.302%,"1,982,616,942",/market-activity/stocks/grc,US_NASDAQ_GRC
CCU,"Compania Cervecerias Unidas, S.A. Common Stock",$10.73,-0.11,-1.015%,"1,982,382,908",/market-activity/stocks/ccu,US_NASDAQ_CCU
TBBK,The Bancorp Inc Common Stock,$48.56,-0.60,-1.221%,"1,980,607,445",/market-activity/stocks/tbbk,US_NASDAQ_TBBK
NWN,Northwest Natural Holding Company Common Stock,$47.02,0.22,0.47%,"1,979,238,157",/market-activity/stocks/nwn,US_NASDAQ_NWN
GENB,"Generate Biomedicines, Inc. Common Stock",$15.42,0.51,3.421%,"1,979,194,563",/market-activity/stocks/genb,US_NASDAQ_GENB
URGN,UroGen Pharma Ltd. Ordinary Shares,$40.45,-0.45,-1.10%,"1,977,218,814",/market-activity/stocks/urgn,US_NASDAQ_URGN
NUVB,Nuvation Bio Inc. Class A Common Stock,$5.62,0.02,0.357%,"1,973,312,569",/market-activity/stocks/nuvb,US_NASDAQ_NUVB
UMBFO,"UMB Financial Corporation Depositary Shares Each Representing a 1/400th Interest in a Share of 7.750% Fixed-Rate Reset Non-Cumulative Perpetual Preferred Stock, Series B",$25.93,0.02,0.077%,"1,969,384,278",/market-activity/stocks/umbfo,US_NASDAQ_UMBFO
SRPT,"Sarepta Therapeutics, Inc. Common Stock (DE)",$18.64,-0.16,-0.851%,"1,968,887,671",/market-activity/stocks/srpt,US_NASDAQ_SRPT
IQMX,IQM Quantum Computers Oyj American Depositary Shares,$10.37,0.12,1.171%,"1,965,075,781",/market-activity/stocks/iqmx,US_NASDAQ_IQMX
CHCO,City Holding Company Common Stock,$139.88,-0.09,-0.064%,"1,964,636,981",/market-activity/stocks/chco,US_NASDAQ_CHCO
PENN,"PENN Entertainment, Inc. Common Stock",$14.61,-0.63,-4.134%,"1,958,712,895",/market-activity/stocks/penn,US_NASDAQ_PENN
DRVN,Driven Brands Holdings Inc. Common Stock,$11.80,0.04,0.34%,"1,946,761,829",/market-activity/stocks/drvn,US_NASDAQ_DRVN
LKFT,Lakefront Biotherapeutics American Depositary Shares,$29.52,-0.32,-1.072%,"1,945,281,536",/market-activity/stocks/lkft,US_NASDAQ_LKFT
SHAZ,"SharonAI Holdings, Inc. Class A Common Stock",$54.17,1.26,2.381%,"1,939,475,866",/market-activity/stocks/shaz,US_NASDAQ_SHAZ
SEDG,"SolarEdge Technologies, Inc. Common Stock",$31.52,-0.01,-0.032%,"1,939,291,577",/market-activity/stocks/sedg,US_NASDAQ_SEDG
MESO,Mesoblast Limited American Depositary Shares,$14.87,0.37,2.552%,"1,934,361,140",/market-activity/stocks/meso,US_NASDAQ_MESO
ALG,"Alamo Group, Inc. Common Stock",$158.79,1.07,0.678%,"1,932,627,532",/market-activity/stocks/alg,US_NASDAQ_ALG
GNL,"Global Net Lease, Inc. Common Stock",$8.35,-0.14,-1.649%,"1,931,504,106",/market-activity/stocks/gnl,US_NASDAQ_GNL
ZD,"Ziff Davis, Inc. Common Stock",$56.33,0.65,1.167%,"1,931,398,427",/market-activity/stocks/zd,US_NASDAQ_ZD
ZYME,Zymeworks Inc. Common Stock,$27.20,0.08,0.295%,"1,930,091,355",/market-activity/stocks/zyme,US_NASDAQ_ZYME
SFB,Stifel Financial Corporation 5.20% Senior Notes due 2047,$18.82,-0.24,-1.259%,"1,922,903,501",/market-activity/stocks/sfb,US_NASDAQ_SFB
TH,Target Hospitality Corp. Common Stock,$19.28,-0.02,-0.104%,"1,920,739,595",/market-activity/stocks/th,US_NASDAQ_TH
DHC,Diversified Healthcare Trust Common Shares of Beneficial Interest,$7.93,-0.03,-0.377%,"1,920,082,875",/market-activity/stocks/dhc,US_NASDAQ_DHC
BLFS,"BioLife Solutions, Inc. Common Stock",$39.22,0.07,0.179%,"1,918,120,931",/market-activity/stocks/blfs,US_NASDAQ_BLFS
INVX,"Innovex International, Inc. Common Stock",$27.41,-1.45,-5.024%,"1,916,941,018",/market-activity/stocks/invx,US_NASDAQ_INVX
QUBT,Quantum Computing Inc. Common Stock,$8.46,-0.11,-1.284%,"1,914,894,444",/market-activity/stocks/qubt,US_NASDAQ_QUBT
BVC,BitVentures Limited Ordinary Shares,$11.38,-0.65,-5.403%,"1,911,840,000",/market-activity/stocks/bvc,US_NASDAQ_BVC
ALNT,Allient Inc. Common Stock,$112.10,-2.31,-2.019%,"1,905,981,483",/market-activity/stocks/alnt,US_NASDAQ_ALNT
VOYG,"Voyager Technologies, Inc. Class A Common Stock",$30.74,-2.44,-7.354%,"1,904,888,881",/market-activity/stocks/voyg,US_NASDAQ_VOYG
CMPR,Cimpress plc Ordinary Shares (Ireland),$78.17,-1.88,-2.349%,"1,903,398,539",/market-activity/stocks/cmpr,US_NASDAQ_CMPR
PGNY,"Progyny, Inc. Common Stock",$24.79,-0.73,-2.861%,"1,902,057,322",/market-activity/stocks/pgny,US_NASDAQ_PGNY
ESTA,Establishment Labs Holdings Inc. Common Shares,$63.70,-1.64,-2.51%,"1,898,380,457",/market-activity/stocks/esta,US_NASDAQ_ESTA
NCNO,"nCino, Inc. Common Stock",$17.95,-0.65,-3.495%,"1,897,964,323",/market-activity/stocks/ncno,US_NASDAQ_NCNO
LMAT,"LeMaitre Vascular, Inc. Common Stock",$82.89,0.55,0.668%,"1,895,632,713",/market-activity/stocks/lmat,US_NASDAQ_LMAT
ABXL,"Abacus Global Management, Inc. 9.875% Fixed Rate Senior Notes due 2028",$25.37,0.12,0.475%,"1,893,904,673",/market-activity/stocks/abxl,US_NASDAQ_ABXL
SAH,"Sonic Automotive, Inc. Common Stock",$59.85,-2.60,-4.163%,"1,892,145,900",/market-activity/stocks/sah,US_NASDAQ_SAH
SGRY,"Surgery Partners, Inc. Common Stock",$14.41,-0.28,-1.906%,"1,886,532,127",/market-activity/stocks/sgry,US_NASDAQ_SGRY
ASAN,"Asana, Inc. Class A Common Stock",$8.23,-0.41,-4.745%,"1,884,424,063",/market-activity/stocks/asan,US_NASDAQ_ASAN
PRDO,Perdoceo Education Corporation Common Stock,$30.11,0.10,0.333%,"1,884,195,126",/market-activity/stocks/prdo,US_NASDAQ_PRDO
STDN,"Standard Nuclear, Inc. Class A Common Stock",$12.02,0.49,4.25%,"1,881,740,075",/market-activity/stocks/stdn,US_NASDAQ_STDN
BLKB,"Blackbaud, Inc. Common Stock",$41.43,-0.93,-2.195%,"1,880,511,719",/market-activity/stocks/blkb,US_NASDAQ_BLKB
KARO,Karooooo Ltd. Ordinary Shares,$60.83,-0.01,-0.016%,"1,879,239,439",/market-activity/stocks/karo,US_NASDAQ_KARO
IDT,IDT Corporation Class B Common Stock,$75.56,6.00,8.626%,"1,879,068,847",/market-activity/stocks/idt,US_NASDAQ_IDT
FTRE,Fortrea Holdings Inc. Common Stock,$19.74,-0.32,-1.595%,"1,877,274,000",/market-activity/stocks/ftre,US_NASDAQ_FTRE
TOP,TOP Financial Group Limited Class A Ordinary Shares,$14.93,-0.20,-1.322%,"1,876,783,309",/market-activity/stocks/top,US_NASDAQ_TOP
ATEN,"A10 Networks, Inc. Common Stock",$25.81,0.31,1.216%,"1,874,038,832",/market-activity/stocks/aten,US_NASDAQ_ATEN
TY,Tri Continental Corporation Common Stock,$34.30,-0.08,-0.233%,"1,864,237,071",/market-activity/stocks/ty,US_NASDAQ_TY
CDZIP,"Cadiz, Inc. Depositary Shares",$22.001,0.101,0.461%,"1,862,980,327",/market-activity/stocks/cdzip,US_NASDAQ_CDZIP
NVCR,NovoCure Limited Ordinary Shares,$15.99,0.16,1.011%,"1,861,968,982",/market-activity/stocks/nvcr,US_NASDAQ_NVCR
WU,Western Union Company (The) Common Stock,$5.97,-0.15,-2.451%,"1,861,917,517",/market-activity/stocks/wu,US_NASDAQ_WU
RUN,Sunrun Inc. Common Stock,$7.72,0.05,0.652%,"1,859,338,701",/market-activity/stocks/run,US_NASDAQ_RUN
XNCR,"Xencor, Inc. Common Stock",$25.00,-0.60,-2.344%,"1,858,834,925",/market-activity/stocks/xncr,US_NASDAQ_XNCR
SPB,"Spectrum Brands Holdings, Inc. Common Stock",$80.63,-2.21,-2.668%,"1,854,134,905",/market-activity/stocks/spb,US_NASDAQ_SPB
NHPBP,"National Healthcare Properties, Inc. 7.125% Series B Cumulative Redeemable Perpetual Preferred Stock",$25.43,0.01,0.039%,"1,853,970,997",/market-activity/stocks/nhpbp,US_NASDAQ_NHPBP
EZPW,"EZCORP, Inc. Class A Non Voting Common Stock",$30.16,-0.67,-2.173%,"1,853,132,250",/market-activity/stocks/ezpw,US_NASDAQ_EZPW
KYN,"Kayne Anderson Energy Infrastructure Fund, Inc.",$13.60,-0.18,-1.306%,"1,851,388,808",/market-activity/stocks/kyn,US_NASDAQ_KYN
HUBG,"Hub Group, Inc. Class A Common Stock",$30.25,0.03,0.099%,"1,849,893,678",/market-activity/stocks/hubg,US_NASDAQ_HUBG
RVT,"Royce Small-Cap Trust, Inc. Common Stock",$17.12,-0.08,-0.465%,"1,848,218,961",/market-activity/stocks/rvt,US_NASDAQ_RVT
LIME,"Neutron Holdings, Inc. Common Stock",$28.43,-0.49,-1.694%,"1,847,500,522",/market-activity/stocks/lime,US_NASDAQ_LIME
NGL,NGL ENERGY PARTNERS LP Common Units representing Limited Partner Interests,$14.80,-0.08,-0.538%,"1,847,251,477",/market-activity/stocks/ngl,US_NASDAQ_NGL
TIC,"TIC Solutions, Inc. Common Stock",$8.46,-0.27,-3.093%,"1,846,144,212",/market-activity/stocks/tic,US_NASDAQ_TIC
HMN,Horace Mann Educators Corporation Common Stock,$45.51,0.54,1.201%,"1,843,202,968",/market-activity/stocks/hmn,US_NASDAQ_HMN
MFP,"Midera Food Processing, Inc. Common Stock",$40.69,-0.46,-1.118%,"1,840,427,214",/market-activity/stocks/mfp,US_NASDAQ_MFP
GABC,"German American Bancorp, Inc. Common Stock",$48.82,-0.53,-1.074%,"1,834,597,407",/market-activity/stocks/gabc,US_NASDAQ_GABC
UAA,"Under Armour, Inc. Class A Common Stock",$4.27,-0.01,-0.234%,"1,834,159,460",/market-activity/stocks/uaa,US_NASDAQ_UAA
WKC,World Kinect Corporation Common Stock,$35.84,0.62,1.76%,"1,833,274,061",/market-activity/stocks/wkc,US_NASDAQ_WKC
PLAB,"Photronics, Inc. Common Stock",$31.07,0.57,1.869%,"1,833,041,979",/market-activity/stocks/plab,US_NASDAQ_PLAB
BRSL,"Brightstar Lottery PLC Trading under the Legal Name to begin at the market open on July 21, 2025. Ordinary Shares",$9.93,0.06,0.608%,"1,832,085,000",/market-activity/stocks/brsl,US_NASDAQ_BRSL
SEPN,"Septerna, Inc. Common Stock",$39.13,-0.61,-1.535%,"1,826,468,936",/market-activity/stocks/sepn,US_NASDAQ_SEPN
EMAT,Evolution Metals & Technologies Corp. Common Stock,$2.91,-0.29,-9.063%,"1,825,153,880",/market-activity/stocks/emat,US_NASDAQ_EMAT
AFGD,"American Financial Group, Inc. 5.625% Subordinated Debentures due 2060",$22.01,0.32,1.475%,"1,825,101,467",/market-activity/stocks/afgd,US_NASDAQ_AFGD
NTST,NetSTREIT Corp. Common Stock,$17.93,-0.20,-1.103%,"1,820,397,004",/market-activity/stocks/ntst,US_NASDAQ_NTST
XERS,"Xeris Biopharma Holdings, Inc. Common Stock",$9.98,0.15,1.526%,"1,819,556,654",/market-activity/stocks/xers,US_NASDAQ_XERS
WS,"Worthington Steel, Inc. Common Shares",$35.64,-1.23,-3.336%,"1,815,737,501",/market-activity/stocks/ws,US_NASDAQ_WS
AFGB,"American Financial Group, Inc. 5.875% Subordinated Debentures due 2059",$21.89,-0.47,-2.102%,"1,815,150,891",/market-activity/stocks/afgb,US_NASDAQ_AFGB
RBCAA,"Republic Bancorp, Inc. Class A Common Stock",$92.38,-1.07,-1.145%,"1,813,802,869",/market-activity/stocks/rbcaa,US_NASDAQ_RBCAA
UA,"Under Armour, Inc. Class C Common Stock",$4.22,-0.02,-0.472%,"1,812,682,183",/market-activity/stocks/ua,US_NASDAQ_UA
XPRO,Expro Ltd Ordinary Shares,$15.97,-0.35,-2.145%,"1,810,922,670",/market-activity/stocks/xpro,US_NASDAQ_XPRO
VERX,"Vertex, Inc. Class A Common Stock",$11.15,0.09,0.814%,"1,808,730,477",/market-activity/stocks/verx,US_NASDAQ_VERX
BOBS,"Bob's Discount Furniture, Inc. Common Stock",$13.84,-0.05,-0.36%,"1,808,709,132",/market-activity/stocks/bobs,US_NASDAQ_BOBS
SNDA,"Sonida Senior Living, Inc. Common Stock",$37.61,UNCH,--,"1,807,084,904",/market-activity/stocks/snda,US_NASDAQ_SNDA
EPAC,Enerpac Tool Group Corp. Common Stock,$35.33,0.10,0.284%,"1,806,693,033",/market-activity/stocks/epac,US_NASDAQ_EPAC
HYMC,Hycroft Mining Holding Corporation Class A Common Stock,$19.38,-0.22,-1.122%,"1,805,860,978",/market-activity/stocks/hymc,US_NASDAQ_HYMC
CEPU,Central Puerto S.A. American Depositary Shares (each represents ten Common Shares),$11.92,-0.15,-1.243%,"1,804,414,102",/market-activity/stocks/cepu,US_NASDAQ_CEPU
WMK,"Weis Markets, Inc. Common Stock",$72.86,-0.03,-0.041%,"1,802,891,337",/market-activity/stocks/wmk,US_NASDAQ_WMK
VIR,"Vir Biotechnology, Inc. Common Stock",$10.65,0.14,1.332%,"1,802,149,953",/market-activity/stocks/vir,US_NASDAQ_VIR
GCT,GigaCloud Technology Inc Class A Ordinary Shares,$50.41,-2.21,-4.20%,"1,800,153,047",/market-activity/stocks/gct,US_NASDAQ_GCT
FSUN,FirstSun Capital Bancorp Common Stock,$38.62,-0.65,-1.655%,"1,799,073,037",/market-activity/stocks/fsun,US_NASDAQ_FSUN
CMPS,COMPASS Pathways Plc American Depository Shares,$12.96,-0.27,-2.041%,"1,794,659,613",/market-activity/stocks/cmps,US_NASDAQ_CMPS
MLCO,Melco Resorts & Entertainment Limited American Depositary Shares,$4.56,-0.11,-2.355%,"1,794,201,321",/market-activity/stocks/mlco,US_NASDAQ_MLCO
SMA,"SmartStop Self Storage REIT, Inc. Common Stock",$32.35,1.15,3.686%,"1,791,184,012",/market-activity/stocks/sma,US_NASDAQ_SMA
XRAY,DENTSPLY SIRONA Inc. Common Stock,$8.98,-0.30,-3.233%,"1,790,197,806",/market-activity/stocks/xray,US_NASDAQ_XRAY
BLBD,Blue Bird Corporation Common Stock,$56.36,-0.62,-1.088%,"1,785,261,558",/market-activity/stocks/blbd,US_NASDAQ_BLBD
NVAX,"Novavax, Inc. Common Stock",$10.82,0.02,0.185%,"1,784,712,755",/market-activity/stocks/nvax,US_NASDAQ_NVAX
HWCPZ,Hancock Whitney Corporation 6.25% Subordinated Notes due 2060,$21.05,-0.10,-0.473%,"1,784,092,287",/market-activity/stocks/hwcpz,US_NASDAQ_HWCPZ
VSTS,Vestis Corporation Common Stock,$13.46,0.01,0.074%,"1,778,875,013",/market-activity/stocks/vsts,US_NASDAQ_VSTS
CMRE,Costamare Inc. Common Stock $0.0001 par value,$14.75,0.03,0.204%,"1,778,684,195",/market-activity/stocks/cmre,US_NASDAQ_CMRE
BXDC,Blackstone Digital Infrastructure Trust Inc. Common Stock,$17.66,-0.47,-2.592%,"1,777,477,322",/market-activity/stocks/bxdc,US_NASDAQ_BXDC
NSP,"Insperity, Inc. Common Stock",$46.52,-0.39,-0.831%,"1,776,843,960",/market-activity/stocks/nsp,US_NASDAQ_NSP
ATS,ATS Corporation Common Shares,$18.30,-0.52,-2.763%,"1,775,236,902",/market-activity/stocks/ats,US_NASDAQ_ATS
ACVA,ACV Auctions Inc. Class A Common Stock,$10.44,-0.02,-0.191%,"1,772,795,311",/market-activity/stocks/acva,US_NASDAQ_ACVA
MQ,"Marqeta, Inc. Class A Common Stock",$17.01,0.12,0.71%,"1,770,721,166",/market-activity/stocks/mq,US_NASDAQ_MQ
DAO,"Youdao, Inc. American Depositary Shares, each representing one Class A Ordinary Share",$14.65,0.07,0.48%,"1,767,297,344",/market-activity/stocks/dao,US_NASDAQ_DAO
GTY,Getty Realty Corporation Common Stock,$28.50,0.05,0.176%,"1,765,081,922",/market-activity/stocks/gty,US_NASDAQ_GTY
WRD,WeRide Inc. American Depositary Shares,$5.26,-0.27,-4.882%,"1,763,449,059",/market-activity/stocks/wrd,US_NASDAQ_WRD
FORTY,Formula Systems (1985) Ltd. American Depositary Shares,$114.99,UNCH,--,"1,761,378,528",/market-activity/stocks/forty,US_NASDAQ_FORTY
TRNZ,Trinity Capital Inc. 7.875% Notes due 2029,$25.0201,-0.0024,-0.01%,"1,759,267,315",/market-activity/stocks/trnz,US_NASDAQ_TRNZ
OLN,Olin Corporation Common Stock,$15.43,-0.62,-3.863%,"1,758,749,821",/market-activity/stocks/oln,US_NASDAQ_OLN
TRNI,Trinity Capital Inc. 7.875% Notes Due 2029,$25.01,0.06,0.24%,"1,758,557,142",/market-activity/stocks/trni,US_NASDAQ_TRNI
ASTH,Astrana Health Inc. Common Stock,$35.45,0.32,0.911%,"1,758,474,775",/market-activity/stocks/asth,US_NASDAQ_ASTH
WTFCN,"Wintrust Financial Corporation Depositary Shares, Each Representing a 1/1,000th Interest in a Share of 7.875% Fixed-Rate Reset Non-Cumulative Perpetual Preferred StocK",$26.00,-0.0506,-0.194%,"1,754,115,142",/market-activity/stocks/wtfcn,US_NASDAQ_WTFCN
TSLX,"Sixth Street Specialty Lending, Inc. Common Stock",$18.34,0.23,1.27%,"1,748,593,169",/market-activity/stocks/tslx,US_NASDAQ_TSLX
NBHC,National Bank Holdings Corporation Common Stock,$39.23,-0.41,-1.034%,"1,747,286,429",/market-activity/stocks/nbhc,US_NASDAQ_NBHC
PSNL,"Personalis, Inc. Common Stock",$16.35,0.03,0.184%,"1,746,177,907",/market-activity/stocks/psnl,US_NASDAQ_PSNL
ZBIO,"Zenas BioPharma, Inc. Common Stock",$26.76,-0.79,-2.868%,"1,744,129,107",/market-activity/stocks/zbio,US_NASDAQ_ZBIO
DCOM,"Dime Commercial Bancshares, Inc. Common Stock",$39.47,-0.12,-0.303%,"1,742,860,805",/market-activity/stocks/dcom,US_NASDAQ_DCOM
ABSI,Absci Corporation Common Stock,$10.14,0.65,6.849%,"1,740,166,061",/market-activity/stocks/absi,US_NASDAQ_ABSI
SFL,SFL Corporation Ltd,$13.06,0.23,1.793%,"1,736,885,759",/market-activity/stocks/sfl,US_NASDAQ_SFL
STC,Stewart Information Services Corporation Common Stock,$56.76,-0.78,-1.356%,"1,732,440,015",/market-activity/stocks/stc,US_NASDAQ_STC
AVEX,AEVEX Corp. Class A Common Stock,$15.19,-0.20,-1.30%,"1,732,293,423",/market-activity/stocks/avex,US_NASDAQ_AVEX
VET,Vermilion Energy Inc. Common (Canada),$11.30,-0.22,-1.91%,"1,731,160,000",/market-activity/stocks/vet,US_NASDAQ_VET
OCUL,"Ocular Therapeutix, Inc. Common Stock",$7.87,0.215,2.809%,"1,728,376,881",/market-activity/stocks/ocul,US_NASDAQ_OCUL
HAPN,"Happen, Inc. Common Stock",$14.92,0.02,0.134%,"1,721,879,363",/market-activity/stocks/hapn,US_NASDAQ_HAPN
CCS,"Century Communities, Inc. Common Stock",$60.52,-1.09,-1.769%,"1,720,759,108",/market-activity/stocks/ccs,US_NASDAQ_CCS
STBA,"S&T Bancorp, Inc. Common Stock",$48.76,-0.35,-0.713%,"1,719,545,390",/market-activity/stocks/stba,US_NASDAQ_STBA
HOPE,"Hope Bancorp, Inc. Common Stock",$13.44,-0.20,-1.466%,"1,716,850,276",/market-activity/stocks/hope,US_NASDAQ_HOPE
HOS,"Hornbeck Offshore Services, Inc. Common Stock",$7.71,-0.23,-2.897%,"1,712,904,386",/market-activity/stocks/hos,US_NASDAQ_HOS
PDO,PIMCO Dynamic Income Opportunities Fund Common Shares of Beneficial Interest,$11.79,0.12,1.028%,"1,712,230,692",/market-activity/stocks/pdo,US_NASDAQ_PDO
FRNM,"Freenome, Inc. Common stock",$15.92,-0.27,-1.668%,"1,710,553,279",/market-activity/stocks/frnm,US_NASDAQ_FRNM
MNR,Mach Natural Resources LP Common Units representing Limited Partner Interests,$10.24,-0.08,-0.775%,"1,709,548,483",/market-activity/stocks/mnr,US_NASDAQ_MNR
AMPL,"Amplitude, Inc. Class A Common Stock",$13.64,0.34,2.556%,"1,703,855,140",/market-activity/stocks/ampl,US_NASDAQ_AMPL
QURE,uniQure N.V. Ordinary Shares,$24.51,-14.60,-37.331%,"1,700,170,758",/market-activity/stocks/qure,US_NASDAQ_QURE
IE,Ivanhoe Electric Inc. Common Stock,$10.64,UNCH,--,"1,698,040,356",/market-activity/stocks/ie,US_NASDAQ_IE
LOB,"Live Oak Bancshares, Inc. Common Stock",$36.64,-0.13,-0.354%,"1,695,831,837",/market-activity/stocks/lob,US_NASDAQ_LOB
KMTS,"Kestra Medical Technologies, Ltd. Common Stock",$28.46,0.33,1.173%,"1,695,128,686",/market-activity/stocks/kmts,US_NASDAQ_KMTS
AIN,Albany International Corporation Common Stock,$59.59,-0.49,-0.816%,"1,692,356,000",/market-activity/stocks/ain,US_NASDAQ_AIN
ETON,"Eton Pharmaceuticals, Inc. Common Stock",$59.19,0.01,0.017%,"1,691,835,761",/market-activity/stocks/eton,US_NASDAQ_ETON
GHRS,GH Research PLC Ordinary Shares,$24.67,1.25,5.337%,"1,691,305,483",/market-activity/stocks/ghrs,US_NASDAQ_GHRS
XHR,"Xenia Hotels & Resorts, Inc. Common Stock",$18.33,-0.09,-0.489%,"1,690,866,156",/market-activity/stocks/xhr,US_NASDAQ_XHR
CTS,CTS Corporation Common Stock,$59.18,-0.15,-0.253%,"1,689,955,620",/market-activity/stocks/cts,US_NASDAQ_CTS
NAT,Nordic American Tankers Limited Common Stock,$7.98,0.19,2.439%,"1,689,770,291",/market-activity/stocks/nat,US_NASDAQ_NAT
GEL,"Genesis Energy, L.P. Common Units",$13.82,-0.24,-1.707%,"1,688,449,116",/market-activity/stocks/gel,US_NASDAQ_GEL
NEXT,NextDecade Corporation Common Stock,$6.34,-0.22,-3.354%,"1,687,615,645",/market-activity/stocks/next,US_NASDAQ_NEXT
NTLA,"Intellia Therapeutics, Inc. Common Stock",$12.03,0.61,5.342%,"1,685,724,117",/market-activity/stocks/ntla,US_NASDAQ_NTLA
RLJ,RLJ Lodging Trust Common Shares of Beneficial Interest $0.01 par value,$11.06,-0.01,-0.09%,"1,685,277,144",/market-activity/stocks/rlj,US_NASDAQ_RLJ
STRA,"Strategic Education, Inc. Common Stock",$75.78,-0.13,-0.171%,"1,682,888,821",/market-activity/stocks/stra,US_NASDAQ_STRA
TRIN,Trinity Capital Inc. Common Stock,$17.76,0.26,1.486%,"1,681,757,874",/market-activity/stocks/trin,US_NASDAQ_TRIN
MIY,"Blackrock MuniYield Michigan Quality Fund, Inc. Common Stock",$11.30,0.02,0.177%,"1,681,015,922",/market-activity/stocks/miy,US_NASDAQ_MIY
BDJ,Blackrock Enhanced Equity Dividend Trust,$9.49,0.05,0.53%,"1,679,625,211",/market-activity/stocks/bdj,US_NASDAQ_BDJ
OZKAP,Bank OZK 4.625% Series A Non-Cumulative Perpetual Preferred Stock,$14.82,-0.07,-0.47%,"1,676,677,476",/market-activity/stocks/ozkap,US_NASDAQ_OZKAP
SAM,"Boston Beer Company, Inc. (The) Common Stock",$162.49,-2.87,-1.736%,"1,672,295,246",/market-activity/stocks/sam,US_NASDAQ_SAM
STOK,"Stoke Therapeutics, Inc. Common Stock",$25.88,0.38,1.49%,"1,669,939,143",/market-activity/stocks/stok,US_NASDAQ_STOK
FLNG,FLEX LNG Ltd. Ordinary Shares,$30.85,0.05,0.162%,"1,668,749,800",/market-activity/stocks/flng,US_NASDAQ_FLNG
BY,"Byline Bancorp, Inc. Common Stock",$36.90,-0.28,-0.753%,"1,667,378,898",/market-activity/stocks/by,US_NASDAQ_BY
ANIP,"ANI Pharmaceuticals, Inc.",$72.62,-2.21,-2.953%,"1,667,318,019",/market-activity/stocks/anip,US_NASDAQ_ANIP
CPRI,Capri Holdings Limited Ordinary Shares,$14.66,-0.13,-0.879%,"1,666,132,720",/market-activity/stocks/cpri,US_NASDAQ_CPRI
NYAX,Nayax Ltd. Ordinary Shares,$44.57,-0.09,-0.202%,"1,665,099,321",/market-activity/stocks/nyax,US_NASDAQ_NYAX
AI,"C3.ai, Inc. Class A Common Stock",$10.34,-0.07,-0.672%,"1,662,463,711",/market-activity/stocks/ai,US_NASDAQ_AI
MUJ,"Blackrock MuniHoldings New Jersey Quality Fund, Inc. Common Stock",$11.16,0.02,0.18%,"1,660,189,176",/market-activity/stocks/muj,US_NASDAQ_MUJ
BFC,Bank First Corporation Common Stock,$149.75,-1.31,-0.867%,"1,660,069,648",/market-activity/stocks/bfc,US_NASDAQ_BFC
TSAT,Telesat Corporation Class A Common Shares and Class B Variable Voting Shares ,$45.81,-1.58,-3.334%,"1,656,398,346",/market-activity/stocks/tsat,US_NASDAQ_TSAT
JSM,"Navient Corporation 6% Senior Notes due December 15, 2043",$16.64,-0.45,-2.633%,"1,654,532,472",/market-activity/stocks/jsm,US_NASDAQ_JSM
RZC,"Reinsurance Group of America, Incorporated 7.125% Fixed-Rate Reset Subordinated Debentures due 2052",$25.32,-0.01,-0.039%,"1,653,438,158",/market-activity/stocks/rzc,US_NASDAQ_RZC
LILA,Liberty Latin America Ltd. Class A Common Stock,$8.44,-0.05,-0.589%,"1,653,396,000",/market-activity/stocks/lila,US_NASDAQ_LILA
GENI,Genius Sports Limited Ordinary Shares,$6.17,0.02,0.325%,"1,651,258,325",/market-activity/stocks/geni,US_NASDAQ_GENI
CBL,"CBL & Associates Properties, Inc. Common Stock",$53.36,1.03,1.968%,"1,651,105,514",/market-activity/stocks/cbl,US_NASDAQ_CBL
DXC,DXC Technology Company Common Stock ,$10.33,-0.02,-0.193%,"1,650,513,857",/market-activity/stocks/dxc,US_NASDAQ_DXC
MGRT,Mega Fortune Company Limited Ordinary Shares,$120.00,2.00,1.695%,"1,650,000,000",/market-activity/stocks/mgrt,US_NASDAQ_MGRT
TMC,TMC the metals company Inc. Common Stock,$3.74,-0.12,-3.109%,"1,649,846,703",/market-activity/stocks/tmc,US_NASDAQ_TMC
TCBK,TriCo Bancshares Common Stock,$51.54,-0.35,-0.675%,"1,647,560,110",/market-activity/stocks/tcbk,US_NASDAQ_TCBK
LILAK,Liberty Latin America Ltd. Class C Common Stock,$8.385,-0.005,-0.06%,"1,642,621,500",/market-activity/stocks/lilak,US_NASDAQ_LILAK
ALHC,"Alignment Healthcare, Inc. Common Stock",$7.91,-0.02,-0.252%,"1,640,812,029",/market-activity/stocks/alhc,US_NASDAQ_ALHC
CNOB,"ConnectOne Bancorp, Inc. Common Stock",$30.21,-0.39,-1.275%,"1,640,263,430",/market-activity/stocks/cnob,US_NASDAQ_CNOB
KRP,Kimbell Royalty Partners Common Units Representing Limited Partner Interests,$14.30,-0.16,-1.107%,"1,640,261,337",/market-activity/stocks/krp,US_NASDAQ_KRP
NEXA,Nexa Resources S.A. Common Shares,$12.38,0.15,1.226%,"1,639,594,820",/market-activity/stocks/nexa,US_NASDAQ_NEXA
ETV,Eaton Vance Corporation Eaton Vance Tax-Managed Buy-Write Opportunities Fund Common Shares of Beneficial Interest,$14.98,0.06,0.402%,"1,636,839,868",/market-activity/stocks/etv,US_NASDAQ_ETV
PAX,Patria Investments Limited Class A Common Shares,$10.06,UNCH,--,"1,632,604,413",/market-activity/stocks/pax,US_NASDAQ_PAX
FLOC,Flowco Holdings Inc. Class A Common Stock,$18.04,-0.94,-4.953%,"1,629,972,233",/market-activity/stocks/floc,US_NASDAQ_FLOC
SNDX,"Syndax Pharmaceuticals, Inc. Common Stock",$18.235,0.375,2.10%,"1,628,332,363",/market-activity/stocks/sndx,US_NASDAQ_SNDX
OBK,"Origin Bancorp, Inc. Common Stock",$52.75,-0.26,-0.49%,"1,627,320,515",/market-activity/stocks/obk,US_NASDAQ_OBK
VNET,"VNET Group, Inc. American Depositary Shares",$5.71,-0.27,-4.515%,"1,626,370,507",/market-activity/stocks/vnet,US_NASDAQ_VNET
TSHA,"Taysha Gene Therapies, Inc. Common Stock",$4.99,UNCH,--,"1,625,909,390",/market-activity/stocks/tsha,US_NASDAQ_TSHA
QCRH,"QCR Holdings, Inc. Common Stock",$99.02,-0.96,-0.96%,"1,621,513,298",/market-activity/stocks/qcrh,US_NASDAQ_QCRH
PRGS,Progress Software Corporation Common Stock (DE),$39.44,0.03,0.076%,"1,617,550,432",/market-activity/stocks/prgs,US_NASDAQ_PRGS
DSGR,"Distribution Solutions Group, Inc. Common Stock",$34.95,-0.05,-0.143%,"1,616,626,999",/market-activity/stocks/dsgr,US_NASDAQ_DSGR
EVTC,"Evertec, Inc. Common Stock",$27.04,-0.47,-1.708%,"1,615,708,736",/market-activity/stocks/evtc,US_NASDAQ_EVTC
JBLU,JetBlue Airways Corporation Common Stock,$4.28,0.06,1.422%,"1,614,896,135",/market-activity/stocks/jblu,US_NASDAQ_JBLU
GIC,Global Industrial Company Common Stock,$42.37,0.05,0.118%,"1,614,650,408",/market-activity/stocks/gic,US_NASDAQ_GIC
IMKTA,"Ingles Markets, Incorporated Class A Common Stock",$84.96,-0.13,-0.153%,"1,613,762,185",/market-activity/stocks/imkta,US_NASDAQ_IMKTA
OCFC,OceanFirst Financial Corp. Common Stock,$16.67,-0.05,-0.299%,"1,611,075,801",/market-activity/stocks/ocfc,US_NASDAQ_OCFC
DEI,"Douglas Emmett, Inc. Common Stock",$9.60,-0.07,-0.724%,"1,607,858,563",/market-activity/stocks/dei,US_NASDAQ_DEI
LCID,"Lucid Group, Inc. Common Stock",$4.07,0.17,4.359%,"1,603,865,616",/market-activity/stocks/lcid,US_NASDAQ_LCID
ATEC,"Alphatec Holdings, Inc. Common Stock",$10.37,0.32,3.184%,"1,601,657,658",/market-activity/stocks/atec,US_NASDAQ_ATEC
NBTX,Nanobiotix S.A. American Depositary Shares,$31.50,-1.10,-3.374%,"1,600,448,945",/market-activity/stocks/nbtx,US_NASDAQ_NBTX
BPOPM,"Popular, Inc. Popular Capital Trust II - 6.125% Cumulative Monthly Income Trust Preferred Securities",$25.09,UNCH,--,"1,600,202,590",/market-activity/stocks/bpopm,US_NASDAQ_BPOPM
PWP,Perella Weinberg Partners Class A Common Stock,$16.37,1.73,11.817%,"1,592,986,407",/market-activity/stocks/pwp,US_NASDAQ_PWP
ELE,Elemental Royalty Corporation Common Stock,$19.76,0.07,0.356%,"1,591,055,954",/market-activity/stocks/ele,US_NASDAQ_ELE
IMCR,Immunocore Holdings plc American Depositary Shares,$30.85,0.21,0.685%,"1,588,732,334",/market-activity/stocks/imcr,US_NASDAQ_IMCR
RAPP,"Rapport Therapeutics, Inc. Common Stock",$33.02,-0.42,-1.256%,"1,584,243,004",/market-activity/stocks/rapp,US_NASDAQ_RAPP
FRMEP,First Merchants Corporation Depository Shares,$25.20,UNCH,--,"1,582,595,860",/market-activity/stocks/frmep,US_NASDAQ_FRMEP
GSL,Global Ship Lease Inc New Class A Common Shares,$44.03,0.30,0.686%,"1,581,480,283",/market-activity/stocks/gsl,US_NASDAQ_GSL
FRA,Blackrock Floating Rate Income Strategies Fund Inc  Common Stock,$10.63,0.19,1.82%,"1,581,345,067",/market-activity/stocks/fra,US_NASDAQ_FRA
WWW,"Wolverine World Wide, Inc. Common Stock",$19.24,0.11,0.575%,"1,578,956,362",/market-activity/stocks/www,US_NASDAQ_WWW
GLP,Global Partners LP Common Units representing Limited Partner Interests,$46.44,-0.73,-1.548%,"1,578,753,946",/market-activity/stocks/glp,US_NASDAQ_GLP
OPRA,Opera Limited American Depositary Shares,$17.56,0.16,0.92%,"1,578,301,808",/market-activity/stocks/opra,US_NASDAQ_OPRA
WLTH,Wealthfront Corporation Common Stock,$10.10,0.10,1.00%,"1,577,382,044",/market-activity/stocks/wlth,US_NASDAQ_WLTH
WB,Weibo Corporation American Depositary Share,$6.42,-0.05,-0.773%,"1,577,217,912",/market-activity/stocks/wb,US_NASDAQ_WB
EFC,Ellington Financial Inc. Common Stock ,$12.18,-0.02,-0.164%,"1,569,848,361",/market-activity/stocks/efc,US_NASDAQ_EFC
HE,"Hawaiian Electric Industries, Inc. Common Stock",$9.08,0.13,1.453%,"1,568,370,276",/market-activity/stocks/he,US_NASDAQ_HE
AMBQ,"Ambiq Micro, Inc. Common Stock",$64.81,-3.49,-5.11%,"1,567,399,778",/market-activity/stocks/ambq,US_NASDAQ_AMBQ
OMCL,"Omnicell, Inc. Common Stock ($0.001 par value)",$34.31,0.44,1.299%,"1,565,046,670",/market-activity/stocks/omcl,US_NASDAQ_OMCL
OXLC,Oxford Lane Capital Corp. Common Stock,$9.01,0.10,1.122%,"1,564,136,000",/market-activity/stocks/oxlc,US_NASDAQ_OXLC
GSHD,"Goosehead Insurance, Inc. Class A Common Stock",$43.99,-0.40,-0.901%,"1,562,344,661",/market-activity/stocks/gshd,US_NASDAQ_GSHD
ADAMZ,"Adamas Trust, Inc. 7.000% Series G Cumulative Redeemable Preferred Stock, $0.01 par value per share",$17.25,-0.47,-2.652%,"1,557,756,869",/market-activity/stocks/adamz,US_NASDAQ_ADAMZ
OXSQG,Oxford Square Capital Corp. 5.50% Notes due 2028,$24.395,0.095,0.391%,"1,555,372,995",/market-activity/stocks/oxsqg,US_NASDAQ_OXSQG
ATEX,Anterix Inc. Common Stock,$79.04,-2.71,-3.315%,"1,549,957,485",/market-activity/stocks/atex,US_NASDAQ_ATEX
KRSA,"Korsana Biosciences, Inc. Common Stock",$34.00,3.17,10.282%,"1,548,408,450",/market-activity/stocks/krsa,US_NASDAQ_KRSA
UZD,"Array Digital Infrastructure, Inc. 6.250% Senior Notes due 2069",$17.95,0.0201,0.112%,"1,543,700,000",/market-activity/stocks/uzd,US_NASDAQ_UZD
INBX,"Inhibrx Biosciences, Inc. Common Stock",$104.83,3.12,3.068%,"1,542,852,298",/market-activity/stocks/inbx,US_NASDAQ_INBX
GAB,"Gabelli Equity Trust, Inc. (The) Common Stock",$5.25,-0.05,-0.943%,"1,542,540,368",/market-activity/stocks/gab,US_NASDAQ_GAB
TGLS,Tecnoglass Holdings Inc. Common Stock,$34.75,0.12,0.347%,"1,541,670,406",/market-activity/stocks/tgls,US_NASDAQ_TGLS
SBH,"Sally Beauty Holdings, Inc. (Name to be changed from Sally Holdings, Inc.) Common Stock",$16.46,-0.46,-2.719%,"1,541,022,926",/market-activity/stocks/sbh,US_NASDAQ_SBH
UROY,Uranium Royalty Corp. Common Stock,$4.08,0.08,2.00%,"1,539,019,342",/market-activity/stocks/uroy,US_NASDAQ_UROY
KOS,Kosmos Energy Ltd. Common Shares (DE),$2.58,UNCH,--,"1,536,358,140",/market-activity/stocks/kos,US_NASDAQ_KOS
BL,"BlackLine, Inc. Common Stock",$26.37,-0.19,-0.715%,"1,532,763,370",/market-activity/stocks/bl,US_NASDAQ_BL
GAM,"General American Investors, Inc. Common Stock",$63.74,-0.24,-0.375%,"1,528,205,381",/market-activity/stocks/gam,US_NASDAQ_GAM
PFBC,Preferred Bank Common Stock,$106.25,-2.77,-2.541%,"1,525,400,438",/market-activity/stocks/pfbc,US_NASDAQ_PFBC
INVA,"Innoviva, Inc. Common Stock",$21.11,-0.12,-0.565%,"1,525,102,188",/market-activity/stocks/inva,US_NASDAQ_INVA
XNET,Xunlei Limited American Depositary Shares,$4.79,-0.08,-1.643%,"1,524,508,132",/market-activity/stocks/xnet,US_NASDAQ_XNET
COAG,"Hemab Therapeutics Holdings, Inc. Common Stock",$32.60,-0.52,-1.57%,"1,522,815,014",/market-activity/stocks/coag,US_NASDAQ_COAG
USAS,"Americas Gold and Silver Corporation Common Shares, no par value",$4.50,UNCH,--,"1,521,709,263",/market-activity/stocks/usas,US_NASDAQ_USAS
AFGC,"American Financial Group, Inc. 5.125% Subordinated Debentures due 2059",$18.35,-0.20,-1.078%,"1,521,608,901",/market-activity/stocks/afgc,US_NASDAQ_AFGC
SAFT,"Safety Insurance Group, Inc. Common Stock",$103.63,0.06,0.058%,"1,521,338,350",/market-activity/stocks/saft,US_NASDAQ_SAFT
MHD,"Blackrock MuniHoldings Fund, Inc. Common Stock",$10.21,-0.06,-0.584%,"1,518,864,829",/market-activity/stocks/mhd,US_NASDAQ_MHD
CNXC,Concentrix Corporation Common Stock,$24.88,-0.57,-2.24%,"1,518,136,548",/market-activity/stocks/cnxc,US_NASDAQ_CNXC
FOIL,"Londian Wason New Energy Tech Inc. American Depositary Shares, each representing five Ordinary Shares",$19.39,2.25,13.127%,"1,515,492,093",/market-activity/stocks/foil,US_NASDAQ_FOIL
ECCC,Eagle Point Credit Company 6.50% Series C Term Preferred Stock due 2031,$24.975,-0.175,-0.696%,"1,515,046,537",/market-activity/stocks/eccc,US_NASDAQ_ECCC
NAMSW,NewAmsterdam Pharma Company N.V. Warrant,$12.65,1.25,10.965%,"1,512,145,188",/market-activity/stocks/namsw,US_NASDAQ_NAMSW
RVLV,"Revolve Group, Inc. Class A Common Stock",$21.27,0.03,0.141%,"1,511,986,883",/market-activity/stocks/rvlv,US_NASDAQ_RVLV
KMPR,Kemper Corporation,$25.66,0.33,1.303%,"1,511,968,132",/market-activity/stocks/kmpr,US_NASDAQ_KMPR
TYRA,"Tyra Biosciences, Inc. Common Stock",$21.98,0.53,2.471%,"1,511,255,539",/market-activity/stocks/tyra,US_NASDAQ_TYRA
ECAT,BlackRock ESG Capital Allocation Term Trust Common Shares of Beneficial Interest,$13.97,-0.04,-0.286%,"1,510,645,950",/market-activity/stocks/ecat,US_NASDAQ_ECAT
RARE,Ultragenyx Pharmaceutical Inc. Common Stock,$15.32,0.91,6.315%,"1,510,381,534",/market-activity/stocks/rare,US_NASDAQ_RARE
HAWK,"HawkEye 360, Inc. Common Stock",$15.38,-0.13,-0.838%,"1,506,710,190",/market-activity/stocks/hawk,US_NASDAQ_HAWK
IIPR,"Innovative Industrial Properties, Inc. Common Stock",$54.51,-0.70,-1.268%,"1,502,914,234",/market-activity/stocks/iipr,US_NASDAQ_IIPR
AZTA,"Azenta, Inc.",$34.28,0.03,0.088%,"1,501,751,712",/market-activity/stocks/azta,US_NASDAQ_AZTA
PBT,Permian Basin Royalty Trust Common Stock,$32.22,-0.55,-1.678%,"1,501,735,407",/market-activity/stocks/pbt,US_NASDAQ_PBT
MAZE,"Maze Therapeutics, Inc. Common Stock",$27.02,0.17,0.633%,"1,500,938,519",/market-activity/stocks/maze,US_NASDAQ_MAZE
ARCO,Arcos Dorados Holdings Inc. Class A Shares,$7.12,-0.02,-0.28%,"1,499,920,966",/market-activity/stocks/arco,US_NASDAQ_ARCO
ENR,"Energizer Holdings, Inc. Common Stock",$21.82,-0.47,-2.109%,"1,494,312,959",/market-activity/stocks/enr,US_NASDAQ_ENR
NOMD,Nomad Foods Limited Ordinary Shares,$10.51,-0.15,-1.407%,"1,493,324,827",/market-activity/stocks/nomd,US_NASDAQ_NOMD
ARDT,"Ardent Health, Inc. Common Stock",$10.58,0.11,1.051%,"1,492,265,696",/market-activity/stocks/ardt,US_NASDAQ_ARDT
ANAB,"AnaptysBio, Inc. Common Stock",$50.37,-0.43,-0.846%,"1,491,379,188",/market-activity/stocks/anab,US_NASDAQ_ANAB
ICFI,"ICF International, Inc. Common Stock",$83.12,0.12,0.145%,"1,490,664,438",/market-activity/stocks/icfi,US_NASDAQ_ICFI
WOLF,"Wolfspeed, Inc. Common Stock New",$28.13,0.55,1.994%,"1,488,936,906",/market-activity/stocks/wolf,US_NASDAQ_WOLF
WBTN,WEBTOON Entertainment Inc. Common stock,$10.97,0.02,0.183%,"1,488,750,438",/market-activity/stocks/wbtn,US_NASDAQ_WBTN
CASH,"Pathward Financial, Inc. Common Stock",$71.57,-0.72,-0.996%,"1,486,749,518",/market-activity/stocks/cash,US_NASDAQ_CASH
RQI,Cohen & Steers Quality Income Realty Fund Inc Common Shares,$11.07,0.07,0.636%,"1,486,705,517",/market-activity/stocks/rqi,US_NASDAQ_RQI
BCAT,BlackRock Capital Allocation Term Trust Common Shares of Beneficial Interest,$13.67,0.11,0.811%,"1,478,205,450",/market-activity/stocks/bcat,US_NASDAQ_BCAT
MQY,"Blackrock MuniYield Quality Fund, Inc. Common Stock",$9.91,-0.10,-0.999%,"1,474,236,088",/market-activity/stocks/mqy,US_NASDAQ_MQY
DJTWW,Trump Media & Technology Group Corp. Warrants,$5.29,0.01,0.189%,"1,470,309,339",/market-activity/stocks/djtww,US_NASDAQ_DJTWW
HUN,Huntsman Corporation Common Stock,$8.38,-0.25,-2.897%,"1,469,672,802",/market-activity/stocks/hun,US_NASDAQ_HUN
GLOB,Globant S.A. Common Shares,$33.94,0.15,0.444%,"1,465,514,131",/market-activity/stocks/glob,US_NASDAQ_GLOB
NRP,Natural Resource Partners LP Limited Partnership,$110.23,0.52,0.474%,"1,460,592,915",/market-activity/stocks/nrp,US_NASDAQ_NRP
PRKS,United Parks & Resorts Inc. Common Stock,$32.18,0.14,0.437%,"1,459,083,324",/market-activity/stocks/prks,US_NASDAQ_PRKS
KMPB,Kemper Corporation 5.875% Fixed-Rate Reset Junior Subordinated Debentures due 2062,$24.74,0.01,0.04%,"1,457,758,830",/market-activity/stocks/kmpb,US_NASDAQ_KMPB
AVBP,"ArriVent BioPharma, Inc. Common Stock",$29.54,0.24,0.819%,"1,456,550,315",/market-activity/stocks/avbp,US_NASDAQ_AVBP
AESI,Atlas Energy Solutions Inc. Common Stock,$11.65,-0.65,-5.285%,"1,456,290,204",/market-activity/stocks/aesi,US_NASDAQ_AESI
CRSR,"Corsair Gaming, Inc. Common Stock",$13.46,-0.04,-0.296%,"1,456,061,868",/market-activity/stocks/crsr,US_NASDAQ_CRSR
XNDU,Xanadu Quantum Technologies Limited Class B Subordinate Voting Shares,$4.77,UNCH,--,"1,451,148,594",/market-activity/stocks/xndu,US_NASDAQ_XNDU
ECCV,Eagle Point Credit Company 5.375% Notes due 2029,$23.92,0.10,0.42%,"1,451,047,574",/market-activity/stocks/eccv,US_NASDAQ_ECCV
TV,Grupo Televisa S.A.B. Common Stock,$2.35,0.01,0.427%,"1,450,334,460",/market-activity/stocks/tv,US_NASDAQ_TV
CSWC,Capital Southwest Corporation Common Stock,$23.32,0.33,1.435%,"1,449,121,730",/market-activity/stocks/cswc,US_NASDAQ_CSWC
PGY,Pagaya Technologies Ltd. Class A Ordinary Shares,$17.37,0.37,2.176%,"1,449,106,893",/market-activity/stocks/pgy,US_NASDAQ_PGY
SVV,"Savers Value Village, Inc. Common Stock",$9.39,0.04,0.428%,"1,448,465,108",/market-activity/stocks/svv,US_NASDAQ_SVV
AGRO,Adecoagro S.A. Common Shares,$10.02,-0.05,-0.497%,"1,445,970,829",/market-activity/stocks/agro,US_NASDAQ_AGRO
FLNC,"Fluence Energy, Inc. Class A Common Stock",$7.82,0.32,4.267%,"1,443,543,606",/market-activity/stocks/flnc,US_NASDAQ_FLNC
DMC,Del Monte Corporation Ordinary Shares,$30.61,-0.05,-0.163%,"1,443,145,733",/market-activity/stocks/dmc,US_NASDAQ_DMC
LKFN,Lakeland Financial Corporation Common Stock,$58.05,-0.71,-1.208%,"1,442,997,612",/market-activity/stocks/lkfn,US_NASDAQ_LKFN
ADIG,ADI Global Distribution Inc. Common Stock,$19.00,0.47,2.536%,"1,442,540,762",/market-activity/stocks/adig,US_NASDAQ_ADIG
JJSF,J & J Snack Foods Corp. Common Stock,$77.21,-0.54,-0.695%,"1,442,406,954",/market-activity/stocks/jjsf,US_NASDAQ_JJSF
LYNX,Lyntris Inc. Common Stock,$12.42,0.15,1.222%,"1,440,091,349",/market-activity/stocks/lynx,US_NASDAQ_LYNX
GT,The Goodyear Tire & Rubber Company Common Stock,$5.00,-0.02,-0.398%,"1,439,493,685",/market-activity/stocks/gt,US_NASDAQ_GT
PAHC,Phibro Animal Health Corporation Class A Common Stock,$35.45,-0.25,-0.70%,"1,439,326,826",/market-activity/stocks/pahc,US_NASDAQ_PAHC
NUTX,Nutex Health Inc. Common Stock,$210.10,-2.635,-1.239%,"1,438,759,127",/market-activity/stocks/nutx,US_NASDAQ_NUTX
IAUX,i-80 Gold Corp. Common Shares,$1.66,0.01,0.606%,"1,437,396,794",/market-activity/stocks/iaux,US_NASDAQ_IAUX
TFIN,"Triumph Financial, Inc. Common Stock",$60.13,-0.50,-0.825%,"1,436,778,510",/market-activity/stocks/tfin,US_NASDAQ_TFIN
MUC,"Blackrock MuniHoldings California Quality Fund, Inc.  Common Stock",$9.65,-0.02,-0.207%,"1,435,557,845",/market-activity/stocks/muc,US_NASDAQ_MUC
HCSG,"Healthcare Services Group, Inc. Common Stock",$20.90,0.12,0.577%,"1,434,413,022",/market-activity/stocks/hcsg,US_NASDAQ_HCSG
AAPG,Ascentage Pharma Group International American Depository Shares,$15.35,0.46,3.089%,"1,432,623,912",/market-activity/stocks/aapg,US_NASDAQ_AAPG
ALKT,"Alkami Technology, Inc. Common Stock",$13.37,-0.02,-0.149%,"1,429,814,273",/market-activity/stocks/alkt,US_NASDAQ_ALKT
ESQ,"Esquire Financial Holdings, Inc. Common Stock",$117.82,-1.87,-1.562%,"1,426,161,969",/market-activity/stocks/esq,US_NASDAQ_ESQ
KLRA,"Kailera Therapeutics, Inc. Common Stock",$10.99,-0.13,-1.169%,"1,424,783,999",/market-activity/stocks/klra,US_NASDAQ_KLRA
BKT,BlackRock Income Trust Inc. (The),$9.56,0.01,0.105%,"1,422,169,223",/market-activity/stocks/bkt,US_NASDAQ_BKT
TEN,Tsakos Energy Navigation Ltd Common Shares,$47.17,0.86,1.857%,"1,421,119,034",/market-activity/stocks/ten,US_NASDAQ_TEN
NVGS,Navigator Holdings Ltd. Ordinary Shares (Marshall Islands),$22.99,0.07,0.305%,"1,418,482,333",/market-activity/stocks/nvgs,US_NASDAQ_NVGS
MBC,"MasterBrand, Inc. Common Stock",$6.97,0.01,0.144%,"1,418,328,715",/market-activity/stocks/mbc,US_NASDAQ_MBC
MYI,"Blackrock MuniYield Quality Fund III, Inc Common Stock",$9.52,-0.06,-0.626%,"1,416,218,724",/market-activity/stocks/myi,US_NASDAQ_MYI
EVCM,EverCommerce Inc. Common Stock,$8.01,0.04,0.502%,"1,415,088,620",/market-activity/stocks/evcm,US_NASDAQ_EVCM
PNTG,"The Pennant Group, Inc. Common Stock ",$40.50,-0.40,-0.978%,"1,414,627,497",/market-activity/stocks/pntg,US_NASDAQ_PNTG
SCL,Stepan Company Common Stock,$62.19,-1.73,-2.707%,"1,413,736,663",/market-activity/stocks/scl,US_NASDAQ_SCL
AMSC,American Superconductor Corporation Common Stock,$29.17,-0.12,-0.41%,"1,413,057,311",/market-activity/stocks/amsc,US_NASDAQ_AMSC
REX,REX American Resources Corporation,$42.59,-0.02,-0.047%,"1,412,950,508",/market-activity/stocks/rex,US_NASDAQ_REX
CERT,"Certara, Inc. Common Stock",$9.26,0.13,1.424%,"1,412,509,103",/market-activity/stocks/cert,US_NASDAQ_CERT
TRS,TriMas Corporation Common Stock,$39.30,-0.11,-0.279%,"1,409,843,209",/market-activity/stocks/trs,US_NASDAQ_TRS
APPS,"Digital Turbine, Inc. Common Stock",$11.645,0.425,3.788%,"1,409,234,231",/market-activity/stocks/apps,US_NASDAQ_APPS
DRTS,Alpha Tau Medical Ltd. Ordinary Shares,$15.19,0.15,0.997%,"1,404,743,159",/market-activity/stocks/drts,US_NASDAQ_DRTS
ULCC,"Frontier Group Holdings, Inc. Common Stock",$6.095,0.015,0.247%,"1,403,165,124",/market-activity/stocks/ulcc,US_NASDAQ_ULCC
DMLP,"Dorchester Minerals, L.P. Common Units Representing Limited Partnership Interests",$28.55,0.22,0.777%,"1,401,559,698",/market-activity/stocks/dmlp,US_NASDAQ_DMLP
NMAX,"Newsmax, Inc. Class B Common Stock",$10.85,-0.05,-0.459%,"1,401,392,998",/market-activity/stocks/nmax,US_NASDAQ_NMAX
AMAL,Amalgamated Financial Corp. Common Stock (DE),$46.85,-0.43,-0.909%,"1,400,821,887",/market-activity/stocks/amal,US_NASDAQ_AMAL
CNMD,CONMED Corporation Common Stock,$46.69,0.21,0.452%,"1,398,423,769",/market-activity/stocks/cnmd,US_NASDAQ_CNMD
MUA,"Blackrock MuniAssets Fund, Inc Common Stock",$9.40,0.08,0.858%,"1,398,367,227",/market-activity/stocks/mua,US_NASDAQ_MUA
PEBO,Peoples Bancorp Inc. Common Stock,$38.87,-0.24,-0.614%,"1,397,077,784",/market-activity/stocks/pebo,US_NASDAQ_PEBO
TMP,Tompkins Financial Corporation Common Stock,$96.96,-0.75,-0.768%,"1,394,566,469",/market-activity/stocks/tmp,US_NASDAQ_TMP
OMER,Omeros Corporation Common Stock,$19.25,-0.18,-0.926%,"1,393,475,083",/market-activity/stocks/omer,US_NASDAQ_OMER
AMPX,"Amprius Technologies, Inc. Common Stock",$9.53,-0.07,-0.729%,"1,392,148,290",/market-activity/stocks/ampx,US_NASDAQ_AMPX
ORIC,"Oric Pharmaceuticals, Inc. Common Stock",$13.37,0.10,0.754%,"1,385,836,011",/market-activity/stocks/oric,US_NASDAQ_ORIC
BHRB,Burke & Herbert Financial Services Corp. Common Stock,$68.55,-0.51,-0.738%,"1,383,821,112",/market-activity/stocks/bhrb,US_NASDAQ_BHRB
UZE,"Array Digital Infrastructure, Inc. 5.500% Senior Notes due 2070",$16.09,0.13,0.815%,"1,383,740,000",/market-activity/stocks/uze,US_NASDAQ_UZE
HLMN,Hillman Solutions Corp. Common Stock,$7.11,UNCH,--,"1,383,214,943",/market-activity/stocks/hlmn,US_NASDAQ_HLMN
AFGE,"American Financial Group, Inc. 4.500% Subordinated Debentures due 2060",$16.62,-0.16,-0.954%,"1,378,154,765",/market-activity/stocks/afge,US_NASDAQ_AFGE
UZF,"Array Digital Infrastructure, Inc. 5.500% Senior Notes due 2070",$16.00,-0.1301,-0.807%,"1,376,000,000",/market-activity/stocks/uzf,US_NASDAQ_UZF
UFCS,"United Fire Group, Inc. Common Stock",$53.525,0.185,0.347%,"1,375,883,622",/market-activity/stocks/ufcs,US_NASDAQ_UFCS
MLKN,"MillerKnoll, Inc. Common Stock",$19.96,-0.32,-1.578%,"1,373,243,908",/market-activity/stocks/mlkn,US_NASDAQ_MLKN
CNOBP,"ConnectOne Bancorp, Inc. Depositary Shares, each representing a 1/40th interest in a share of 5.25% Fixed-Rate Reset Non-Cumulative Perpetual Preferred Stock, Series A",$25.25,0.04,0.159%,"1,370,958,345",/market-activity/stocks/cnobp,US_NASDAQ_CNOBP
KARD,"Kardigan, Inc. Common Stock",$14.66,-0.12,-0.812%,"1,370,764,227",/market-activity/stocks/kard,US_NASDAQ_KARD
VISN,"Vistance Networks, Inc. Common Stock",$5.94,-0.15,-2.463%,"1,369,920,887",/market-activity/stocks/visn,US_NASDAQ_VISN
NCV,Virtus Convertible & Income Fund Common Shares of Beneficial Interest,$15.12,0.05,0.332%,"1,366,448,363",/market-activity/stocks/ncv,US_NASDAQ_NCV
PRSU,"Pursuit Attractions and Hospitality, Inc. Common Stock",$50.10,0.45,0.906%,"1,365,934,166",/market-activity/stocks/prsu,US_NASDAQ_PRSU
VZLA,Vizsla Silver Corp. Common Shares,$3.84,0.02,0.524%,"1,363,418,388",/market-activity/stocks/vzla,US_NASDAQ_VZLA
LQDT,"Liquidity Services, Inc. Common Stock",$43.31,-0.02,-0.046%,"1,356,972,376",/market-activity/stocks/lqdt,US_NASDAQ_LQDT
GFR,Greenfire Resources Ltd. Common Shares,$5.64,-0.12,-2.083%,"1,355,933,223",/market-activity/stocks/gfr,US_NASDAQ_GFR
AMN,AMN Healthcare Services Inc,$34.95,0.69,2.014%,"1,353,613,185",/market-activity/stocks/amn,US_NASDAQ_AMN
CTBI,"Community Trust Bancorp, Inc. Common Stock",$74.50,-0.72,-0.957%,"1,353,512,573",/market-activity/stocks/ctbi,US_NASDAQ_CTBI
SLVM,Sylvamo Corporation Common Stock,$34.02,-0.96,-2.744%,"1,352,643,467",/market-activity/stocks/slvm,US_NASDAQ_SLVM
SID,Companhia Siderurgica Nacional S.A. Common Stock,$1.02,-0.09,-8.108%,"1,352,615,826",/market-activity/stocks/sid,US_NASDAQ_SID
FCEL,"FuelCell Energy, Inc. Common Stock",$16.90,0.76,4.709%,"1,351,225,912",/market-activity/stocks/fcel,US_NASDAQ_FCEL
WABC,Westamerica Bancorporation Common Stock,$58.37,-1.01,-1.701%,"1,348,998,001",/market-activity/stocks/wabc,US_NASDAQ_WABC
EFOR,"Everforth, Inc. Common Stock",$32.90,0.07,0.213%,"1,348,900,000",/market-activity/stocks/efor,US_NASDAQ_EFOR
CRCT,"Cricut, Inc. Class A Common Stock",$6.41,0.08,1.264%,"1,342,538,707",/market-activity/stocks/crct,US_NASDAQ_CRCT
LUXE,"LuxExperience B.V. American Depositary Shares, each representing one Ordinary Share",$9.61,0.19,2.017%,"1,342,515,376",/market-activity/stocks/luxe,US_NASDAQ_LUXE
ARHS,"Arhaus, Inc. Class A Common Stock",$9.46,-0.17,-1.765%,"1,340,971,394",/market-activity/stocks/arhs,US_NASDAQ_ARHS
ARLO,"Arlo Technologies, Inc. Common Stock",$12.43,-0.17,-1.349%,"1,337,633,369",/market-activity/stocks/arlo,US_NASDAQ_ARLO
FOR,Forestar Group Inc Common Stock ,$26.06,-0.23,-0.875%,"1,329,519,360",/market-activity/stocks/for,US_NASDAQ_FOR
POET,POET Technologies Inc. Common Shares,$7.67,0.26,3.509%,"1,327,355,535",/market-activity/stocks/poet,US_NASDAQ_POET
ATLC,Atlanticus Holdings Corporation Common Stock,$87.48,0.38,0.436%,"1,327,074,924",/market-activity/stocks/atlc,US_NASDAQ_ATLC
ADNT,Adient plc Ordinary Shares ,$17.17,0.07,0.409%,"1,323,754,322",/market-activity/stocks/adnt,US_NASDAQ_ADNT
BRUN,Boost Run Inc. Class A Common Stock,$16.65,0.41,2.525%,"1,323,465,893",/market-activity/stocks/brun,US_NASDAQ_BRUN
UMH,"UMH Properties, Inc. Common Stock",$15.47,-0.08,-0.514%,"1,320,915,232",/market-activity/stocks/umh,US_NASDAQ_UMH
ODC,Oil-Dri Corporation Of America Common Stock,$90.76,1.08,1.204%,"1,314,961,285",/market-activity/stocks/odc,US_NASDAQ_ODC
AGL,"agilon health, inc. Common Stock",$78.15,-1.38,-1.735%,"1,312,233,062",/market-activity/stocks/agl,US_NASDAQ_AGL
XZO,"Exzeo Group, Inc. Common Stock",$14.55,-0.54,-3.579%,"1,310,750,107",/market-activity/stocks/xzo,US_NASDAQ_XZO
AAT,"American Assets Trust, Inc. Common Stock",$21.34,-0.29,-1.341%,"1,310,365,905",/market-activity/stocks/aat,US_NASDAQ_AAT
SHLS,"Shoals Technologies Group, Inc. Class A Common Stock",$7.77,0.35,4.717%,"1,307,690,612",/market-activity/stocks/shls,US_NASDAQ_SHLS
UAN,"CVR Partners, LP Common Units representing Limited Partner Interests",$123.71,0.13,0.105%,"1,307,569,793",/market-activity/stocks/uan,US_NASDAQ_UAN
TWFG,"TWFG, Inc. Class A Common Stock",$24.17,0.01,0.041%,"1,306,431,861",/market-activity/stocks/twfg,US_NASDAQ_TWFG
HLF,Herbalife Ltd. Common Shares,$12.44,-0.16,-1.27%,"1,303,754,047",/market-activity/stocks/hlf,US_NASDAQ_HLF
PSQL,Pasqal Holding SA Ordinary Share,$6.14,-0.56,-8.358%,"1,303,483,263",/market-activity/stocks/psql,US_NASDAQ_PSQL
FMBH,"First Mid Bancshares, Inc. Common Stock",$48.88,-0.51,-1.033%,"1,300,301,459",/market-activity/stocks/fmbh,US_NASDAQ_FMBH
LSPD,Lightspeed Commerce Inc. Subordinate Voting Shares,$9.75,0.06,0.619%,"1,299,816,053",/market-activity/stocks/lspd,US_NASDAQ_LSPD
CDNL,Cardinal Infrastructure Group Inc. Class A Common Stock,$27.37,-0.35,-1.263%,"1,299,337,625",/market-activity/stocks/cdnl,US_NASDAQ_CDNL
HBT,"HBT Financial, Inc. Common Stock",$35.69,-0.21,-0.585%,"1,297,888,692",/market-activity/stocks/hbt,US_NASDAQ_HBT
EYE,"National Vision Holdings, Inc. Common Stock",$16.38,0.26,1.613%,"1,295,155,347",/market-activity/stocks/eye,US_NASDAQ_EYE
QMCO,Quantum Corporation Common Stock,$32.86,1.46,4.65%,"1,295,012,633",/market-activity/stocks/qmco,US_NASDAQ_QMCO
IART,Integra LifeSciences Holdings Corporation Common Stock,$16.64,0.37,2.274%,"1,294,134,500",/market-activity/stocks/iart,US_NASDAQ_IART
NBR,Nabors Industries Ltd.,$77.28,-2.14,-2.695%,"1,294,006,305",/market-activity/stocks/nbr,US_NASDAQ_NBR
VSECU,VSE Corporation Tangible Equity Units,$45.87,-0.14,-0.304%,"1,287,340,266",/market-activity/stocks/vsecu,US_NASDAQ_VSECU
TRAX,"First Tracks Biotherapeutics, Inc. Ordinary Shares ",$35.98,-0.665,-1.815%,"1,285,595,731",/market-activity/stocks/trax,US_NASDAQ_TRAX
USPH,"U.S. Physical Therapy, Inc. Common Stock",$86.15,0.06,0.07%,"1,285,590,433",/market-activity/stocks/usph,US_NASDAQ_USPH
CCEC,Capital Clean Energy Carriers Corp. Common Share,$21.29,-0.46,-2.115%,"1,283,569,374",/market-activity/stocks/ccec,US_NASDAQ_CCEC
IMTX,Immatics N.V. Ordinary Shares,$8.56,0.06,0.706%,"1,280,847,147",/market-activity/stocks/imtx,US_NASDAQ_IMTX
DMRA,"Damora Therapeutics, Inc. Ordinary Shares",$20.66,-0.09,-0.434%,"1,275,455,823",/market-activity/stocks/dmra,US_NASDAQ_DMRA
RDVT,"Red Violet, Inc. Common Stock ",$79.32,0.71,0.903%,"1,272,846,057",/market-activity/stocks/rdvt,US_NASDAQ_RDVT
NSSC,"NAPCO Security Technologies, Inc. Common Stock",$35.57,0.51,1.455%,"1,272,283,304",/market-activity/stocks/nssc,US_NASDAQ_NSSC
GBX,"Greenbrier Companies, Inc. (The) Common Stock",$41.11,-0.98,-2.328%,"1,271,930,491",/market-activity/stocks/gbx,US_NASDAQ_GBX
AZUL,"Azul S.A. American Depositary Shares, each representing two (2) Common Shares",$6.90,0.03,0.437%,"1,271,524,838",/market-activity/stocks/azul,US_NASDAQ_AZUL
OPY,"Oppenheimer Holdings, Inc. Class A Common Stock (DE)",$118.70,-1.10,-0.918%,"1,271,040,194",/market-activity/stocks/opy,US_NASDAQ_OPY
BBAI,"BigBear.ai, Inc. Common Stock",$2.65,-0.01,-0.376%,"1,270,660,406",/market-activity/stocks/bbai,US_NASDAQ_BBAI
YSWY,"Yesway, Inc. Class A Common Stock",$20.08,0.67,3.452%,"1,268,950,500",/market-activity/stocks/yswy,US_NASDAQ_YSWY
EPC,Edgewell Personal Care Company Common Stock,$27.50,-0.79,-2.793%,"1,267,445,163",/market-activity/stocks/epc,US_NASDAQ_EPC
BJRI,"BJ's Restaurants, Inc. Common Stock",$59.56,-0.46,-0.766%,"1,267,065,443",/market-activity/stocks/bjri,US_NASDAQ_BJRI
ASIC,Ategrity Specialty Insurance Company Holdings Common Stock,$26.36,-0.21,-0.79%,"1,263,353,822",/market-activity/stocks/asic,US_NASDAQ_ASIC
DCH,Dauch Corporation Common Stock,$5.31,0.20,3.914%,"1,261,680,437",/market-activity/stocks/dch,US_NASDAQ_DCH
ALX,"Alexander's, Inc. Common Stock",$247.02,-2.06,-0.827%,"1,261,602,776",/market-activity/stocks/alx,US_NASDAQ_ALX
PRG,"PROG Holdings, Inc. Common Stock",$31.49,-0.45,-1.409%,"1,254,298,123",/market-activity/stocks/prg,US_NASDAQ_PRG
OSBC,"Old Second Bancorp, Inc. Common Stock",$24.65,-0.20,-0.805%,"1,254,086,399",/market-activity/stocks/osbc,US_NASDAQ_OSBC
GOLD,"Gold.com, Inc. Common Stock",$42.88,0.03,0.07%,"1,250,155,937",/market-activity/stocks/gold,US_NASDAQ_GOLD
RES,"RPC, Inc. Common Stock",$5.64,-0.09,-1.571%,"1,250,145,548",/market-activity/stocks/res,US_NASDAQ_RES
WEN,Wendy's Company (The) Common Stock,$6.54,0.15,2.347%,"1,246,981,342",/market-activity/stocks/wen,US_NASDAQ_WEN
WD,"Walker & Dunlop, Inc Common Stock",$36.30,-0.74,-1.998%,"1,246,024,544",/market-activity/stocks/wd,US_NASDAQ_WD
UMAC,"Unusual Machines, Inc. Common Stock",$24.94,0.98,4.09%,"1,245,915,235",/market-activity/stocks/umac,US_NASDAQ_UMAC
CRON,Cronos Group Inc. Common Share,$3.38,-0.03,-0.88%,"1,245,235,480",/market-activity/stocks/cron,US_NASDAQ_CRON
AIIR,Air Global PLC Ordinary Shares,$7.75,0.69,9.773%,"1,242,996,166",/market-activity/stocks/aiir,US_NASDAQ_AIIR
RDWR,Radware Ltd. Ordinary Shares,$29.25,-0.21,-0.713%,"1,237,478,873",/market-activity/stocks/rdwr,US_NASDAQ_RDWR
COUR,"Coursera, Inc. Common Stock",$4.67,0.03,0.647%,"1,234,748,000",/market-activity/stocks/cour,US_NASDAQ_COUR
RYZ,Ryerson Holding Corporation Common Stock,$23.79,-0.50,-2.058%,"1,234,668,955",/market-activity/stocks/ryz,US_NASDAQ_RYZ
BCAX,Bicara Therapeutics Inc. Common Stock,$18.56,-0.24,-1.277%,"1,228,169,655",/market-activity/stocks/bcax,US_NASDAQ_BCAX
SENEA,Seneca Foods Corp. Class A Common Stock,$181.36,-1.17,-0.641%,"1,227,755,875",/market-activity/stocks/senea,US_NASDAQ_SENEA
INNV,InnovAge Holding Corp. Common Stock,$8.98,0.09,1.012%,"1,225,333,797",/market-activity/stocks/innv,US_NASDAQ_INNV
REPL,"Replimune Group, Inc. Common Stock",$13.00,0.44,3.503%,"1,224,855,242",/market-activity/stocks/repl,US_NASDAQ_REPL
TK,Teekay Corporation Ltd. Common Stock,$14.11,0.13,0.93%,"1,224,445,087",/market-activity/stocks/tk,US_NASDAQ_TK
DOLE,Dole plc Ordinary Shares,$12.96,-0.02,-0.154%,"1,224,186,139",/market-activity/stocks/dole,US_NASDAQ_DOLE
CYD,China Yuchai International Limited Common Stock,$32.61,0.17,0.524%,"1,223,472,480",/market-activity/stocks/cyd,US_NASDAQ_CYD
XPEL,"XPEL, Inc. Common Stock",$44.18,1.22,2.84%,"1,218,075,647",/market-activity/stocks/xpel,US_NASDAQ_XPEL
SENEB,Seneca Foods Corp. Class B Common Stock,$179.84,-7.58,-4.044%,"1,217,465,905",/market-activity/stocks/seneb,US_NASDAQ_SENEB
VTOL,"Bristow Group, Inc. Common Stock",$40.98,-1.18,-2.799%,"1,214,729,160",/market-activity/stocks/vtol,US_NASDAQ_VTOL
YSS,York Space Systems Inc. Common Stock,$8.83,-0.31,-3.392%,"1,212,867,652",/market-activity/stocks/yss,US_NASDAQ_YSS
OPK,"OPKO Health, Inc. Common Stock",$1.62,-0.01,-0.613%,"1,209,051,725",/market-activity/stocks/opk,US_NASDAQ_OPK
TPB,"Turning Point Brands, Inc. Common Stock",$60.08,-0.30,-0.497%,"1,204,539,234",/market-activity/stocks/tpb,US_NASDAQ_TPB
FLO,"Flowers Foods, Inc. Common Stock",$5.68,0.03,0.531%,"1,204,486,134",/market-activity/stocks/flo,US_NASDAQ_FLO
BORR,Borr Drilling Limited Common Shares,$3.91,-0.10,-2.494%,"1,203,111,203",/market-activity/stocks/borr,US_NASDAQ_BORR
LBRX,LB Pharmaceuticals Inc Common Stock,$37.28,-0.61,-1.61%,"1,202,622,044",/market-activity/stocks/lbrx,US_NASDAQ_LBRX
AVLN,Avalyn Pharma Inc. Common Stock,$27.10,-1.22,-4.308%,"1,201,426,875",/market-activity/stocks/avln,US_NASDAQ_AVLN
LTGO,"Latigo Biotherapeutics, Inc. Common Stock",$18.10,0.62,3.547%,"1,200,018,181",/market-activity/stocks/ltgo,US_NASDAQ_LTGO
BULLW,Webull Corporation Warrants,$2.21,-0.01,-0.45%,"1,194,471,596",/market-activity/stocks/bullw,US_NASDAQ_BULLW
CCO,"Clear Channel Outdoor Holdings, Inc. Common Stock",$2.34,-0.02,-0.847%,"1,191,279,597",/market-activity/stocks/cco,US_NASDAQ_CCO
LZB,La-Z-Boy Incorporated Common Stock,$29.68,-0.15,-0.503%,"1,188,766,243",/market-activity/stocks/lzb,US_NASDAQ_LZB
ROCK,"Gibraltar Industries, Inc. Common Stock",$40.01,-0.54,-1.332%,"1,187,652,399",/market-activity/stocks/rock,US_NASDAQ_ROCK
OMDA,"Omada Health, Inc. Common Stock",$19.37,-0.02,-0.103%,"1,185,767,537",/market-activity/stocks/omda,US_NASDAQ_OMDA
NEWP,New Pacific Metals Corp. Common Shares,$6.39,0.02,0.314%,"1,183,472,883",/market-activity/stocks/newp,US_NASDAQ_NEWP
NHP,"National Healthcare Properties, Inc. Class A Common Stock",$16.23,0.11,0.682%,"1,183,246,137",/market-activity/stocks/nhp,US_NASDAQ_NHP
WAFDP,"WaFd, Inc. Depositary Shares",$15.96,0.01,0.063%,"1,180,963,998",/market-activity/stocks/wafdp,US_NASDAQ_WAFDP
SLSR,Solaris Resources Inc. Common Shares,$7.05,0.09,1.293%,"1,177,599,062",/market-activity/stocks/slsr,US_NASDAQ_SLSR
BVS,Bioventus Inc. Class A Common Stock,$14.00,-0.02,-0.143%,"1,177,286,320",/market-activity/stocks/bvs,US_NASDAQ_BVS
HROW,"Harrow, Inc. Common Stock",$31.40,-0.20,-0.633%,"1,177,118,490",/market-activity/stocks/hrow,US_NASDAQ_HROW
MYE,"Myers Industries, Inc. Common Stock",$31.26,-0.22,-0.699%,"1,175,940,868",/market-activity/stocks/mye,US_NASDAQ_MYE
PD,"PagerDuty, Inc. Common Stock",$14.95,0.47,3.246%,"1,175,815,601",/market-activity/stocks/pd,US_NASDAQ_PD
UVE,UNIVERSAL INSURANCE HOLDINGS INC Common Stock,$42.24,-0.06,-0.142%,"1,175,554,195",/market-activity/stocks/uve,US_NASDAQ_UVE
SCCG,Sachem Capital Corp. 8.00% Notes due 2027,$24.80,0.1865,0.758%,"1,174,088,742",/market-activity/stocks/sccg,US_NASDAQ_SCCG
CBRL,"Cracker Barrel Old Country Store, Inc Common Stock",$52.48,-1.25,-2.326%,"1,173,055,526",/market-activity/stocks/cbrl,US_NASDAQ_CBRL
SCCD,Sachem Capital Corp. 6.00% Notes due 2026,$24.76,UNCH,--,"1,172,195,051",/market-activity/stocks/sccd,US_NASDAQ_SCCD
SCCF,Sachem Capital Corp. 7.125% Notes due 2027,$24.72,0.04,0.162%,"1,170,301,359",/market-activity/stocks/sccf,US_NASDAQ_SCCF
GIII,"G-III Apparel Group, LTD. Common Stock",$27.25,0.12,0.442%,"1,168,384,843",/market-activity/stocks/giii,US_NASDAQ_GIII
MBINM,"Merchants Bancorp Depositary Shares, Each Representing a 1/40th Interest in a Share of 8.25% Fixed-Rate Reset Series D Non-Cumulative Perpetual Preferred Stock",$25.43,0.08,0.316%,"1,168,205,247",/market-activity/stocks/mbinm,US_NASDAQ_MBINM
SCSC,"ScanSource, Inc. Common Stock",$57.85,0.07,0.121%,"1,165,261,674",/market-activity/stocks/scsc,US_NASDAQ_SCSC
SCCE,Sachem Capital Corp. 6.00% Notes due 2027,$24.50,-0.05,-0.204%,"1,159,886,056",/market-activity/stocks/scce,US_NASDAQ_SCCE
CNL,Collective Mining Ltd. Common Shares,$12.50,0.23,1.874%,"1,159,283,838",/market-activity/stocks/cnl,US_NASDAQ_CNL
TBN,Tamboran Resources Corporation Common stock,$33.02,-0.33,-0.99%,"1,154,379,398",/market-activity/stocks/tbn,US_NASDAQ_TBN
DFIN,"Donnelley Financial Solutions, Inc. Common Stock ",$46.94,-0.74,-1.552%,"1,154,037,878",/market-activity/stocks/dfin,US_NASDAQ_DFIN
HZO,"MarineMax, Inc.  (FL) Common Stock",$52.24,-0.13,-0.248%,"1,153,811,611",/market-activity/stocks/hzo,US_NASDAQ_HZO
WLDN,"Willdan Group, Inc. Common Stock",$75.72,-1.49,-1.93%,"1,153,373,931",/market-activity/stocks/wldn,US_NASDAQ_WLDN
IMPPP,Imperial Petroleum Inc. 8.75% Series A Cumulative Redeemable Perpetual Preferred Shares,$25.50,-0.55,-2.111%,"1,152,948,279",/market-activity/stocks/imppp,US_NASDAQ_IMPPP
TNDM,"Tandem Diabetes Care, Inc. Common Stock",$16.57,0.15,0.914%,"1,152,919,175",/market-activity/stocks/tndm,US_NASDAQ_TNDM
ORC,"Orchid Island Capital, Inc. Common Stock",$5.77,0.09,1.585%,"1,151,711,837",/market-activity/stocks/orc,US_NASDAQ_ORC
HLIT,Harmonic Inc. Common Stock,$10.55,-0.03,-0.284%,"1,150,650,995",/market-activity/stocks/hlit,US_NASDAQ_HLIT
CRI,"Carter's, Inc. Common Stock",$31.28,0.28,0.903%,"1,148,325,867",/market-activity/stocks/cri,US_NASDAQ_CRI
TNC,Tennant Company Common Stock,$67.35,-0.86,-1.261%,"1,148,270,557",/market-activity/stocks/tnc,US_NASDAQ_TNC
LNN,Lindsay Corporation Common Stock,$112.92,-0.98,-0.86%,"1,148,270,494",/market-activity/stocks/lnn,US_NASDAQ_LNN
AVO,"Mission Produce, Inc. Common Stock",$13.07,-0.03,-0.229%,"1,145,956,740",/market-activity/stocks/avo,US_NASDAQ_AVO
LADR,Ladder Capital Corp Class A Common Stock,$9.03,0.04,0.445%,"1,145,593,686",/market-activity/stocks/ladr,US_NASDAQ_LADR
AIP,"Arteris, Inc. Common Stock",$23.26,0.14,0.606%,"1,143,277,893",/market-activity/stocks/aip,US_NASDAQ_AIP
AMTB,Amerant Bancorp Inc. Class A Common Stock,$29.13,-0.17,-0.58%,"1,141,600,564",/market-activity/stocks/amtb,US_NASDAQ_AMTB
FMC,FMC Corporation Common Stock,$9.09,-0.12,-1.303%,"1,138,311,967",/market-activity/stocks/fmc,US_NASDAQ_FMC
HFWA,Heritage Financial Corporation Common Stock,$27.81,-0.35,-1.243%,"1,137,861,668",/market-activity/stocks/hfwa,US_NASDAQ_HFWA
UVSP,Univest Financial Corporation Common Stock,$41.23,-0.37,-0.889%,"1,137,155,065",/market-activity/stocks/uvsp,US_NASDAQ_UVSP
AMPH,"Amphastar Pharmaceuticals, Inc. Common Stock",$26.68,-0.71,-2.592%,"1,134,912,346",/market-activity/stocks/amph,US_NASDAQ_AMPH
IRS,IRSA Inversiones Y Representaciones S.A. Global Depositary Shares (Each representing ten shares of Common Stock),$13.97,-0.27,-1.896%,"1,132,683,577",/market-activity/stocks/irs,US_NASDAQ_IRS
EOSE,"Eos Energy Enterprises, Inc. Class A Common Stock",$3.11,0.04,1.303%,"1,132,561,684",/market-activity/stocks/eose,US_NASDAQ_EOSE
GNK,Genco Shipping & Trading Limited Ordinary Shares New (Marshall Islands),$25.98,0.05,0.193%,"1,132,379,998",/market-activity/stocks/gnk,US_NASDAQ_GNK
CLBK,"Columbia Financial, Inc. Common Stock",$10.88,-0.02,-0.183%,"1,132,036,463",/market-activity/stocks/clbk,US_NASDAQ_CLBK
PSEC,Prospect Capital Corporation Common Stock,$2.12,-0.01,-0.469%,"1,131,691,720",/market-activity/stocks/psec,US_NASDAQ_PSEC
BRAI,Braiin Limited Common Stock,$5.46,-0.03,-0.546%,"1,125,241,725",/market-activity/stocks/brai,US_NASDAQ_BRAI
STAA,STAAR Surgical Company Common Stock,$22.43,1.56,7.475%,"1,124,729,561",/market-activity/stocks/staa,US_NASDAQ_STAA
CXM,"Sprinklr, Inc. Class A Common Stock",$4.82,-0.16,-3.213%,"1,119,065,859",/market-activity/stocks/cxm,US_NASDAQ_CXM
PDM,"Piedmont Realty Trust, Inc. Class A Common Stock",$8.92,-0.18,-1.978%,"1,116,184,799",/market-activity/stocks/pdm,US_NASDAQ_PDM
AMRC,"Ameresco, Inc. Class A Common Stock",$21.03,0.71,3.494%,"1,115,982,417",/market-activity/stocks/amrc,US_NASDAQ_AMRC
AORT,"Artivion, Inc. Common Stock",$22.86,-0.09,-0.392%,"1,114,567,212",/market-activity/stocks/aort,US_NASDAQ_AORT
LGIH,"LGI Homes, Inc. Common Stock",$47.88,-1.14,-2.326%,"1,113,127,263",/market-activity/stocks/lgih,US_NASDAQ_LGIH
BOW,Bowhead Specialty Holdings Inc. Common Stock,$33.77,-0.03,-0.089%,"1,112,485,279",/market-activity/stocks/bow,US_NASDAQ_BOW
LFMDP,"LifeMD, Inc. 8.875% Series A Cumulative Perpetual Preferred Stock",$23.0545,-0.0945,-0.408%,"1,111,246,197",/market-activity/stocks/lfmdp,US_NASDAQ_LFMDP
FUN,Six Flags Entertainment Corporation Common Stock New,$10.86,-0.68,-5.893%,"1,111,155,148",/market-activity/stocks/fun,US_NASDAQ_FUN
TE,T1 Energy Inc. Common Stock,$3.77,0.20,5.602%,"1,110,176,499",/market-activity/stocks/te,US_NASDAQ_TE
SPH,"Suburban Propane Partners, L.P. Common Stock",$16.61,0.14,0.85%,"1,108,092,748",/market-activity/stocks/sph,US_NASDAQ_SPH
AFYA,Afya Limited Class A Common Shares,$11.82,-0.22,-1.827%,"1,107,803,862",/market-activity/stocks/afya,US_NASDAQ_AFYA
BST,BlackRock Science and Technology Trust Common Shares of Beneficial Interest,$49.94,2.00,4.172%,"1,106,562,030",/market-activity/stocks/bst,US_NASDAQ_BST
IRMD,iRadimed Corporation Common Stock,$86.46,-0.20,-0.231%,"1,105,563,242",/market-activity/stocks/irmd,US_NASDAQ_IRMD
MUX,McEwen Inc. Common Stock,$17.98,-0.14,-0.773%,"1,103,227,017",/market-activity/stocks/mux,US_NASDAQ_MUX
GDRX,"GoodRx Holdings, Inc. Class A Common Stock",$3.23,-0.08,-2.417%,"1,101,899,603",/market-activity/stocks/gdrx,US_NASDAQ_GDRX
MMI,"Marcus & Millichap, Inc. Common Stock",$29.04,0.09,0.311%,"1,099,773,927",/market-activity/stocks/mmi,US_NASDAQ_MMI
KYIVW,Kyivstar Group Ltd. Warrant,$4.74,0.23,5.10%,"1,099,033,578",/market-activity/stocks/kyivw,US_NASDAQ_KYIVW
WINA,Winmark Corporation Common Stock,$305.94,6.30,2.103%,"1,098,988,184",/market-activity/stocks/wina,US_NASDAQ_WINA
JCAP,"Jefferson Capital, Inc. Common Stock",$19.12,-0.20,-1.035%,"1,097,976,248",/market-activity/stocks/jcap,US_NASDAQ_JCAP
AKTS,"Aktis Oncology, Inc. Common stock",$19.69,0.34,1.757%,"1,095,147,935",/market-activity/stocks/akts,US_NASDAQ_AKTS
DEA,"Easterly Government Properties, Inc. Common Stock",$23.12,0.34,1.493%,"1,094,075,785",/market-activity/stocks/dea,US_NASDAQ_DEA
CDRE,"Cadre Holdings, Inc. Common Stock",$25.53,-0.53,-2.034%,"1,093,213,339",/market-activity/stocks/cdre,US_NASDAQ_CDRE
SGML,Sigma Lithium Corporation Common Shares,$9.71,0.21,2.211%,"1,093,038,319",/market-activity/stocks/sgml,US_NASDAQ_SGML
HSLV,Highlander Silver Corp. Common Shares,$5.37,0.25,4.883%,"1,092,920,755",/market-activity/stocks/hslv,US_NASDAQ_HSLV
PSNY,Polestar Automotive Holding UK PLC Class A ADS,$6.65,0.01,0.151%,"1,092,462,858",/market-activity/stocks/psny,US_NASDAQ_PSNY
SVREW,SaverOne 2014 Ltd. Warrant,$0.0101,0.0021,26.25%,"1,090,728,146",/market-activity/stocks/svrew,US_NASDAQ_SVREW
PUMP,ProPetro Holding Corp. Common Stock,$8.88,-0.42,-4.516%,"1,090,676,383",/market-activity/stocks/pump,US_NASDAQ_PUMP
HBNB,Hotel101 Global Holdings Corp. Class A Ordinary Shares,$4.65,-0.05,-1.064%,"1,088,250,595",/market-activity/stocks/hbnb,US_NASDAQ_HBNB
CLVT,Clarivate Plc Ordinary Shares,$1.70,-0.01,-0.585%,"1,087,428,805",/market-activity/stocks/clvt,US_NASDAQ_CLVT
PSIX,"Power Solutions International, Inc. Common Stock",$47.10,1.56,3.426%,"1,086,382,695",/market-activity/stocks/psix,US_NASDAQ_PSIX
GO,Grocery Outlet Holding Corp. Common Stock,$10.95,-0.15,-1.351%,"1,084,975,187",/market-activity/stocks/go,US_NASDAQ_GO
CRML,Critical Metals Corp. Ordinary Shares,$7.38,-0.27,-3.529%,"1,084,813,897",/market-activity/stocks/crml,US_NASDAQ_CRML
MCB,Metropolitan Bank Holding Corp. Common Stock,$87.48,-1.16,-1.309%,"1,084,557,619",/market-activity/stocks/mcb,US_NASDAQ_MCB
VOR,Vor Biopharma Inc. Common Stock,$18.33,0.02,0.109%,"1,084,444,849",/market-activity/stocks/vor,US_NASDAQ_VOR
EOSEW,"Eos Energy Enterprises, Inc. Warrant",$2.97,0.27,10.00%,"1,081,578,200",/market-activity/stocks/eosew,US_NASDAQ_EOSEW
ODTX,"Odyssey Therapeutics, Inc. Common Stock",$22.44,0.97,4.518%,"1,078,433,346",/market-activity/stocks/odtx,US_NASDAQ_ODTX
DLX,Deluxe Corporation Common Stock,$23.50,-0.38,-1.591%,"1,077,622,815",/market-activity/stocks/dlx,US_NASDAQ_DLX
LU,"Lufax Holding Ltd American Depositary Shares, each representing two (2) Ordinary Shares",$1.24,-0.02,-1.587%,"1,074,694,226",/market-activity/stocks/lu,US_NASDAQ_LU
MNKD,MannKind Corporation Common Stock,$3.34,-0.01,-0.299%,"1,073,958,577",/market-activity/stocks/mnkd,US_NASDAQ_MNKD
WLFC,Willis Lease Finance Corporation Common Stock,$50.74,-1.56,-2.983%,"1,072,852,192",/market-activity/stocks/wlfc,US_NASDAQ_WLFC
ECVT,Ecovyst Inc. Common Stock,$9.80,-0.24,-2.39%,"1,072,790,300",/market-activity/stocks/ecvt,US_NASDAQ_ECVT
NCZ,Virtus Convertible & Income Fund II Common Shares of Beneficial Interest,$14.06,0.15,1.078%,"1,070,187,431",/market-activity/stocks/ncz,US_NASDAQ_NCZ
REAL,"The RealReal, Inc. Common Stock",$8.79,-0.02,-0.227%,"1,069,489,101",/market-activity/stocks/real,US_NASDAQ_REAL
MGTX,MeiraGTx Holdings plc Ordinary Shares,$11.13,0.02,0.18%,"1,068,958,545",/market-activity/stocks/mgtx,US_NASDAQ_MGTX
MBINL,"Merchants Bancorp Depositary Shares, Each Representing a 1/40thInterest in a Share of 7.25% Fixed Rate Series E Non-CumulativePerpetual Preferred Stock, without par value",$23.26,-0.02,-0.086%,"1,068,519,625",/market-activity/stocks/mbinl,US_NASDAQ_MBINL
GSBD,"Goldman Sachs BDC, Inc. Common Stock",$9.49,0.03,0.317%,"1,068,280,446",/market-activity/stocks/gsbd,US_NASDAQ_GSBD
MRTN,"Marten Transport, Ltd. Common Stock",$13.07,0.15,1.161%,"1,067,318,014",/market-activity/stocks/mrtn,US_NASDAQ_MRTN
LOMA,Loma Negra Compania Industrial Argentina Sociedad Anonima ADS,$9.14,-0.17,-1.826%,"1,066,607,198",/market-activity/stocks/loma,US_NASDAQ_LOMA
OCSL,Oaktree Specialty Lending Corporation Common Stock,$12.10,0.10,0.833%,"1,065,834,828",/market-activity/stocks/ocsl,US_NASDAQ_OCSL
CSTL,"Castle Biosciences, Inc. Common Stock",$34.88,-1.05,-2.922%,"1,065,566,804",/market-activity/stocks/cstl,US_NASDAQ_CSTL
HTFC,Horizon Technology Finance Corporation 6.25% Notes due 2027,$25.03,0.184,0.741%,"1,064,919,347",/market-activity/stocks/htfc,US_NASDAQ_HTFC
ENOV,Enovis Corporation Common Stock,$18.46,0.30,1.652%,"1,064,578,859",/market-activity/stocks/enov,US_NASDAQ_ENOV
PICS,PicS N.V. Class A Common Shares,$8.19,-0.13,-1.563%,"1,061,321,977",/market-activity/stocks/pics,US_NASDAQ_PICS
GTM,ZoomInfo Technologies Inc Common Stock,$3.63,0.04,1.114%,"1,056,729,467",/market-activity/stocks/gtm,US_NASDAQ_GTM
IGIC,International General Insurance Holdings Ltd. Ordinary Share,$24.60,0.18,0.737%,"1,053,918,514",/market-activity/stocks/igic,US_NASDAQ_IGIC
CFFN,"Capitol Federal Financial, Inc. Common Stock",$8.37,-0.09,-1.064%,"1,052,094,629",/market-activity/stocks/cffn,US_NASDAQ_CFFN
KRT,Karat Packaging Inc. Common Stock,$52.69,-0.55,-1.033%,"1,050,202,379",/market-activity/stocks/krt,US_NASDAQ_KRT
RSKD,Riskified Ltd. Class A Ordinary Shares,$7.71,0.01,0.13%,"1,048,299,464",/market-activity/stocks/rskd,US_NASDAQ_RSKD
XTND,"Xtend AI Robotics, Inc. Common Stock",$3.68,0.07,1.939%,"1,048,221,703",/market-activity/stocks/xtnd,US_NASDAQ_XTND
NPK,"National Presto Industries, Inc. Common Stock",$146.78,0.50,0.342%,"1,047,431,914",/market-activity/stocks/npk,US_NASDAQ_NPK
TDOC,"Teladoc Health, Inc. Common Stock",$5.75,-0.14,-2.377%,"1,044,683,121",/market-activity/stocks/tdoc,US_NASDAQ_TDOC
ETW,Eaton Vance Corporation Eaton Vance Tax-Managed Global Buy-Write Opportunites Fund Common Shares of Beneficial Interest,$9.53,-0.01,-0.105%,"1,044,466,901",/market-activity/stocks/etw,US_NASDAQ_ETW
SVRA,Savara Inc. Common Stock,$5.08,0.01,0.197%,"1,043,736,876",/market-activity/stocks/svra,US_NASDAQ_SVRA
PRCT,PROCEPT BioRobotics Corporation Common Stock,$18.22,0.97,5.623%,"1,043,526,067",/market-activity/stocks/prct,US_NASDAQ_PRCT
ANRO,"Alto Neuroscience, Inc. Common Stock",$26.58,-0.08,-0.30%,"1,043,055,124",/market-activity/stocks/anro,US_NASDAQ_ANRO
CRAI,"CRA International, Inc. Common Stock",$165.94,0.72,0.436%,"1,041,582,148",/market-activity/stocks/crai,US_NASDAQ_CRAI
THRM,Gentherm Inc Common Stock,$33.92,0.31,0.922%,"1,041,524,353",/market-activity/stocks/thrm,US_NASDAQ_THRM
SG,"Sweetgreen, Inc. Class A Common Stock",$8.74,0.50,6.068%,"1,040,421,093",/market-activity/stocks/sg,US_NASDAQ_SG
FSBC,Five Star Bancorp Common Stock,$42.36,-1.02,-2.351%,"1,039,370,969",/market-activity/stocks/fsbc,US_NASDAQ_FSBC
UVV,Universal Corporation Common Stock,$41.65,-0.22,-0.525%,"1,037,054,054",/market-activity/stocks/uvv,US_NASDAQ_UVV
TUYA,"Tuya Inc. American Depositary Shares, each representing one Class A Ordinary Share",$1.69,-0.03,-1.744%,"1,036,453,516",/market-activity/stocks/tuya,US_NASDAQ_TUYA
JANX,"Janux Therapeutics, Inc. Common Stock",$16.95,0.37,2.232%,"1,036,268,302",/market-activity/stocks/janx,US_NASDAQ_JANX
DEC,Diversified Energy Company Common Stock,$13.50,-0.07,-0.516%,"1,036,209,929",/market-activity/stocks/dec,US_NASDAQ_DEC
TRUP,"Trupanion, Inc. Common Stock",$23.61,0.34,1.461%,"1,035,832,346",/market-activity/stocks/trup,US_NASDAQ_TRUP
CPAC,Cementos Pacasmayo S.A.A. American Depositary Shares (Each representing five Common Shares),$12.18,0.02,0.164%,"1,032,543,544",/market-activity/stocks/cpac,US_NASDAQ_CPAC
FTK,"Flotek Industries, Inc. Common Stock",$28.50,0.07,0.246%,"1,032,282,227",/market-activity/stocks/ftk,US_NASDAQ_FTK
GPRE,Green Plains Inc. Common Stock,$14.71,-0.09,-0.608%,"1,031,102,275",/market-activity/stocks/gpre,US_NASDAQ_GPRE
DCBG,"Dime Commercial Bancshares, Inc. 9.000% Junior Subordinated Notes",$26.2872,-0.4328,-1.62%,"1,029,108,051",/market-activity/stocks/dcbg,US_NASDAQ_DCBG
FSCO,FS Credit Opportunities Corp. Common Stock,$5.18,0.14,2.778%,"1,027,483,562",/market-activity/stocks/fsco,US_NASDAQ_FSCO
UTI,Universal Technical Institute Inc Common Stock,$18.63,0.16,0.866%,"1,026,424,154",/market-activity/stocks/uti,US_NASDAQ_UTI
AEF,"abrdn Emerging Markets ex-China Fund, Inc. Common Stock",$9.56,0.07,0.738%,"1,026,385,500",/market-activity/stocks/aef,US_NASDAQ_AEF
SLBT,SL Science Holding Limited Ordinary Shares,$1.83,-0.10,-5.181%,"1,026,190,355",/market-activity/stocks/slbt,US_NASDAQ_SLBT
PCRX,"Pacira BioSciences, Inc. Common Stock",$25.65,0.26,1.024%,"1,022,457,376",/market-activity/stocks/pcrx,US_NASDAQ_PCRX
SBR,Sabine Royalty Trust Common Stock,$70.11,-0.99,-1.392%,"1,022,157,878",/market-activity/stocks/sbr,US_NASDAQ_SBR
DSL,DoubleLine Income Solutions Fund Common Shares of Beneficial Interests,$10.02,0.11,1.11%,"1,022,008,217",/market-activity/stocks/dsl,US_NASDAQ_DSL
BBNX,"Beta Bionics, Inc. Common Stock",$19.41,-1.11,-5.409%,"1,021,778,561",/market-activity/stocks/bbnx,US_NASDAQ_BBNX
MBWM,Mercantile Bank Corporation Common Stock,$58.89,-0.49,-0.825%,"1,017,968,359",/market-activity/stocks/mbwm,US_NASDAQ_MBWM
FBYD,"Falcon's Beyond Global, Inc. Class A Common Stock",$8.39,0.03,0.359%,"1,017,365,091",/market-activity/stocks/fbyd,US_NASDAQ_FBYD
ASA,ASA  Gold and Precious Metals Limited,$55.73,1.13,2.07%,"1,015,230,233",/market-activity/stocks/asa,US_NASDAQ_ASA
ITRN,Ituran Location and Control Ltd. Ordinary Shares,$51.01,-0.22,-0.429%,"1,014,771,516",/market-activity/stocks/itrn,US_NASDAQ_ITRN
ODD,ODDITY Tech Ltd. Class A Ordinary Shares,$17.90,0.30,1.705%,"1,014,154,662",/market-activity/stocks/odd,US_NASDAQ_ODD
BTZ,BlackRock Credit Allocation Income Trust,$9.37,0.01,0.107%,"1,013,224,950",/market-activity/stocks/btz,US_NASDAQ_BTZ
ITG,"ITG, Inc. Class A Common Stock",$8.16,1.095,15.499%,"1,013,122,907",/market-activity/stocks/itg,US_NASDAQ_ITG
BCX,BlackRock Resources Common Shares of Beneficial Interest,$11.93,-0.05,-0.417%,"1,012,356,059",/market-activity/stocks/bcx,US_NASDAQ_BCX
UPWK,Upwork Inc. Common Stock,$8.10,0.03,0.372%,"1,011,717,257",/market-activity/stocks/upwk,US_NASDAQ_UPWK
GHM,Graham Corporation Common Stock,$86.15,-1.08,-1.238%,"1,011,145,393",/market-activity/stocks/ghm,US_NASDAQ_GHM
NBN,Northeast Bank Common Stock,$124.32,-1.94,-1.537%,"1,010,721,600",/market-activity/stocks/nbn,US_NASDAQ_NBN
GOODN,Gladstone Commercial Corporation 6.625% Series E Cumulative Redeemable Preferred Stock,$20.86,-0.5368,-2.509%,"1,009,780,471",/market-activity/stocks/goodn,US_NASDAQ_GOODN
OIG,Orion180 Insurance Group Inc. Class A common stock,$10.18,0.82,8.761%,"1,008,150,361",/market-activity/stocks/oig,US_NASDAQ_OIG
ANL,Adlai Nortye Group Ltd. American Depositary Shares,$15.65,0.25,1.623%,"1,007,827,730",/market-activity/stocks/anl,US_NASDAQ_ANL
RXT,"Rackspace Technology, Inc. Common Stock",$3.94,0.15,3.958%,"1,004,199,029",/market-activity/stocks/rxt,US_NASDAQ_RXT
MSEX,Middlesex Water Company Common Stock,$53.20,0.75,1.43%,"1,002,497,927",/market-activity/stocks/msex,US_NASDAQ_MSEX
GLUE,"Monte Rosa Therapeutics, Inc. Common Stock",$11.74,0.03,0.256%,"1,001,579,328",/market-activity/stocks/glue,US_NASDAQ_GLUE
SPTX,"Seaport Therapeutics, Inc. Common Stock",$18.69,-0.95,-4.837%,"1,000,485,980",/market-activity/stocks/sptx,US_NASDAQ_SPTX
PDS,Precision Drilling Corporation Common Stock,$79.24,-1.17,-1.455%,"997,431,123",/market-activity/stocks/pds,US_NASDAQ_PDS
DFH,"Dream Finders Homes, Inc. Class A Common Stock",$11.00,0.12,1.103%,"995,886,298",/market-activity/stocks/dfh,US_NASDAQ_DFH
HRTG,"Heritage Insurance Holdings, Inc. Common Stock",$33.49,0.23,0.692%,"995,738,612",/market-activity/stocks/hrtg,US_NASDAQ_HRTG
APMD,"Apnimed, Inc. Common Stock",$23.90,2.23,10.291%,"994,975,618",/market-activity/stocks/apmd,US_NASDAQ_APMD
FUBO,FuboTV Inc. Class A Common Stock,$9.09,-0.36,-3.81%,"992,598,867",/market-activity/stocks/fubo,US_NASDAQ_FUBO
YELP,Yelp Inc. Common Stock,$18.28,0.69,3.923%,"991,938,992",/market-activity/stocks/yelp,US_NASDAQ_YELP
HQH,abrdn Healthcare Investors Shares of Beneficial Interest,$20.95,-0.30,-1.412%,"991,851,060",/market-activity/stocks/hqh,US_NASDAQ_HQH
CCNE,CNB Financial Corporation Common Stock,$33.46,-0.38,-1.123%,"991,114,812",/market-activity/stocks/ccne,US_NASDAQ_CCNE
MCBS,"MetroCity Bankshares, Inc. Common Stock",$34.40,-0.48,-1.376%,"990,074,278",/market-activity/stocks/mcbs,US_NASDAQ_MCBS
BFST,"Business First Bancshares, Inc. Common Stock",$30.41,-0.26,-0.848%,"989,841,942",/market-activity/stocks/bfst,US_NASDAQ_BFST
CRVS,"Corvus Pharmaceuticals, Inc. Common Stock",$11.76,-0.11,-0.927%,"989,262,301",/market-activity/stocks/crvs,US_NASDAQ_CRVS
NWPX,"NWPX Infrastructure, Inc. Common Stock",$102.35,-0.76,-0.737%,"986,367,625",/market-activity/stocks/nwpx,US_NASDAQ_NWPX
LMRI,"Lumexa Imaging Holdings, Inc. Common Stock",$10.26,0.115,1.134%,"985,729,254",/market-activity/stocks/lmri,US_NASDAQ_LMRI
HPK,"HighPeak Energy, Inc. Common Stock",$7.79,0.20,2.635%,"985,067,343",/market-activity/stocks/hpk,US_NASDAQ_HPK
RCAT,"Red Cat Holdings, Inc. Common Stock",$6.45,-0.05,-0.769%,"985,007,635",/market-activity/stocks/rcat,US_NASDAQ_RCAT
TRIP,"TripAdvisor, Inc. Common Stock",$8.40,-0.01,-0.119%,"984,474,473",/market-activity/stocks/trip,US_NASDAQ_TRIP
XIFR,"XPLR Infrastructure, LP Common Units representing limited partner interests",$10.44,0.08,0.772%,"984,207,980",/market-activity/stocks/xifr,US_NASDAQ_XIFR
VMET,Versamet Royalties Corporation Common Stock,$9.025,0.105,1.177%,"982,186,301",/market-activity/stocks/vmet,US_NASDAQ_VMET
CGEM,"Cullinan Therapeutics, Inc. Common Stock",$15.23,0.28,1.873%,"980,121,990",/market-activity/stocks/cgem,US_NASDAQ_CGEM
EQBK,"Equity Bancshares, Inc. Class A Common Stock",$47.46,-0.57,-1.187%,"977,319,575",/market-activity/stocks/eqbk,US_NASDAQ_EQBK
NBBK,"NB Bancorp, Inc. Common Stock",$22.27,-0.29,-1.285%,"975,837,772",/market-activity/stocks/nbbk,US_NASDAQ_NBBK
MLTX,MoonLake Immunotherapeutics Class A Ordinary Shares,$11.45,-0.11,-0.952%,"974,471,543",/market-activity/stocks/mltx,US_NASDAQ_MLTX
AEVA,"Aeva Technologies, Inc. Common Stock",$13.97,-0.30,-2.102%,"973,789,439",/market-activity/stocks/aeva,US_NASDAQ_AEVA
CEVA,"CEVA, Inc. Common Stock",$34.48,-0.21,-0.605%,"970,752,403",/market-activity/stocks/ceva,US_NASDAQ_CEVA
HBNC,"Horizon Bancorp, Inc. Common Stock",$18.86,-0.18,-0.945%,"968,357,628",/market-activity/stocks/hbnc,US_NASDAQ_HBNC
NPKI,NPK International Inc. Common Stock,$11.40,-0.18,-1.554%,"967,972,792",/market-activity/stocks/npki,US_NASDAQ_NPKI
PTA,Cohen & Steers Tax-Advantaged Preferred Securities and Income Fund Common Shares of Beneficial Interest,$17.43,0.34,1.989%,"963,416,356",/market-activity/stocks/pta,US_NASDAQ_PTA
KURA,"Kura Oncology, Inc. Common Stock",$10.805,0.195,1.838%,"961,219,488",/market-activity/stocks/kura,US_NASDAQ_KURA
SIFY,Sify Technologies Limited American Depositary Shares,$13.27,-0.06,-0.45%,"961,207,341",/market-activity/stocks/sify,US_NASDAQ_SIFY
PSUS,"Pershing Square USA, Ltd. Common Shares",$36.64,-0.26,-0.705%,"958,136,000",/market-activity/stocks/psus,US_NASDAQ_PSUS
ASM,Avino Silver & Gold Mines Ltd. Common Shares (Canada),$5.63,0.02,0.357%,"956,285,176",/market-activity/stocks/asm,US_NASDAQ_ASM
VPG,"Vishay Precision Group, Inc. Common Stock",$71.70,0.82,1.157%,"955,074,831",/market-activity/stocks/vpg,US_NASDAQ_VPG
LAC,Lithium Americas Corp. Common Shares,$2.63,-0.05,-1.866%,"954,802,940",/market-activity/stocks/lac,US_NASDAQ_LAC
IQ,"iQIYI, Inc. American Depositary Shares",$0.9894,-0.0406,-3.942%,"954,795,473",/market-activity/stocks/iq,US_NASDAQ_IQ
CBLL,"CeriBell, Inc. Common Stock",$24.86,0.35,1.428%,"954,079,591",/market-activity/stocks/cbll,US_NASDAQ_CBLL
LZ,"LegalZoom.com, Inc. Common Stock",$5.55,0.10,1.835%,"950,519,707",/market-activity/stocks/lz,US_NASDAQ_LZ
CAC,Camden National Corporation Common Stock,$56.15,-1.25,-2.178%,"948,769,301",/market-activity/stocks/cac,US_NASDAQ_CAC
FEIM,"Frequency Electronics, Inc. Common Stock",$84.15,1.66,2.012%,"948,647,101",/market-activity/stocks/feim,US_NASDAQ_FEIM
SB,"Safe Bulkers, Inc Common Stock ($0.001 par value)",$8.30,0.05,0.606%,"948,231,691",/market-activity/stocks/sb,US_NASDAQ_SB
NXDR,"Nextdoor Holdings, Inc. Class A Common Stock",$2.45,0.03,1.24%,"947,778,585",/market-activity/stocks/nxdr,US_NASDAQ_NXDR
ALMS,Alumis Inc. Common Stock,$7.29,0.13,1.816%,"943,582,892",/market-activity/stocks/alms,US_NASDAQ_ALMS
RHLD,Resolute Holdings Management Common Stock ,$120.17,-4.05,-3.26%,"939,680,731",/market-activity/stocks/rhld,US_NASDAQ_RHLD
KODK,Eastman Kodak Company Common New,$9.59,UNCH,--,"938,861,000",/market-activity/stocks/kodk,US_NASDAQ_KODK
EDN,Empresa Distribuidora Y Comercializadora Norte S.A. (Edenor) American Depositary Shares,$20.74,0.51,2.521%,"938,338,202",/market-activity/stocks/edn,US_NASDAQ_EDN
ASTE,"Astec Industries, Inc. Common Stock",$40.69,-0.42,-1.022%,"936,902,183",/market-activity/stocks/aste,US_NASDAQ_ASTE
BANFP,BancFirst Corporation - BFC Capital Trust II Cumulative Trust Preferred Securities,$27.805,0.945,3.518%,"934,213,105",/market-activity/stocks/banfp,US_NASDAQ_BANFP
BV,"BrightView Holdings, Inc. Common Stock",$10.06,-0.20,-1.949%,"931,556,000",/market-activity/stocks/bv,US_NASDAQ_BV
UTL,UNITIL Corporation Common Stock,$50.99,0.64,1.271%,"929,888,007",/market-activity/stocks/utl,US_NASDAQ_UTL
TRST,TrustCo Bank Corp NY Common Stock,$54.58,-0.77,-1.391%,"929,374,049",/market-activity/stocks/trst,US_NASDAQ_TRST
KFRC,"Kforce, Inc. Common Stock",$51.88,0.60,1.17%,"929,118,920",/market-activity/stocks/kfrc,US_NASDAQ_KFRC
ABUS,Arbutus Biopharma Corporation Common Stock,$4.69,-0.17,-3.498%,"927,906,346",/market-activity/stocks/abus,US_NASDAQ_ABUS
HELP,Cybin Inc. Common Stock,$12.70,0.11,0.874%,"927,883,425",/market-activity/stocks/help,US_NASDAQ_HELP
RNP,"Cohen & Steers REIT and Preferred and Income Fund, Inc. Common Shares",$18.86,0.11,0.587%,"926,754,524",/market-activity/stocks/rnp,US_NASDAQ_RNP
CSR,D/B/A Centerspace Common Stock,$55.13,-0.54,-0.97%,"925,861,545",/market-activity/stocks/csr,US_NASDAQ_CSR
CMP,Compass Minerals Intl Inc Common Stock,$22.05,-0.34,-1.519%,"925,678,272",/market-activity/stocks/cmp,US_NASDAQ_CMP
CPF,Central Pacific Financial Corp New,$35.95,-0.41,-1.128%,"925,620,180",/market-activity/stocks/cpf,US_NASDAQ_CPF
TDAY,"USA TODAY Co., Inc. Common Stock",$6.30,-0.07,-1.099%,"924,953,028",/market-activity/stocks/tday,US_NASDAQ_TDAY
HAFC,Hanmi Financial Corporation Common Stock,$31.16,-0.44,-1.392%,"923,870,786",/market-activity/stocks/hafc,US_NASDAQ_HAFC
GAINZ,Gladstone Investment Corporation 4.875% Notes due 2028,$24.17,-0.05,-0.206%,"923,758,789",/market-activity/stocks/gainz,US_NASDAQ_GAINZ
FET,"Forum Energy Technologies, Inc. Common Stock",$80.47,-2.52,-3.037%,"923,208,089",/market-activity/stocks/fet,US_NASDAQ_FET
SBGI,"Sinclair, Inc. Class A Common Stock",$12.76,-0.05,-0.39%,"922,778,446",/market-activity/stocks/sbgi,US_NASDAQ_SBGI
GLIBK,Liberty Capital Corporation Series C GCI Group Common Stock,$23.11,-0.23,-0.985%,"922,204,411",/market-activity/stocks/glibk,US_NASDAQ_GLIBK
GOODO,"Gladstone Commercial Corporation 6.00% Series G Cumulative Redeemable Preferred Stock, par value $0.001 per share",$19.01,-0.38,-1.96%,"920,226,594",/market-activity/stocks/goodo,US_NASDAQ_GOODO
PLOW,"Douglas Dynamics, Inc. Common Stock",$39.85,0.31,0.784%,"919,620,283",/market-activity/stocks/plow,US_NASDAQ_PLOW
RMIX,"Suncrete, Inc. Class A Common Stock",$12.51,-0.10,-0.793%,"919,307,783",/market-activity/stocks/rmix,US_NASDAQ_RMIX
GLIBA,Liberty Capital Corporation Series A GCI Group Common Stock,$22.95,-0.50,-2.132%,"915,819,612",/market-activity/stocks/gliba,US_NASDAQ_GLIBA
PXED,"Phoenix Education Partners, Inc. Common Stock",$25.38,-0.10,-0.392%,"914,882,403",/market-activity/stocks/pxed,US_NASDAQ_PXED
VYX,NCR Voyix Corporation Common Stock,$6.62,-0.21,-3.075%,"914,022,725",/market-activity/stocks/vyx,US_NASDAQ_VYX
RIGL,"Rigel Pharmaceuticals, Inc. Common Stock",$48.89,-0.47,-0.952%,"913,258,551",/market-activity/stocks/rigl,US_NASDAQ_RIGL
BBDC,"Barings BDC, Inc. Common Stock",$8.72,0.08,0.926%,"913,044,028",/market-activity/stocks/bbdc,US_NASDAQ_BBDC
KRO,Kronos Worldwide Inc Common Stock,$7.92,-0.21,-2.583%,"911,572,327",/market-activity/stocks/kro,US_NASDAQ_KRO
RWAYL,Runway Growth Finance Corp. 7.50% Notes due 2027,$25.155,0.0314,0.125%,"911,029,378",/market-activity/stocks/rwayl,US_NASDAQ_RWAYL
UPBD,"Upbound Group, Inc. Common Stock",$15.62,-0.17,-1.077%,"910,636,706",/market-activity/stocks/upbd,US_NASDAQ_UPBD
HSTM,"HealthStream, Inc. Common Stock",$29.74,0.60,2.059%,"909,921,679",/market-activity/stocks/hstm,US_NASDAQ_HSTM
IBTA,"Ibotta, Inc. Class A Common Stock",$39.27,-0.80,-1.997%,"909,870,742",/market-activity/stocks/ibta,US_NASDAQ_IBTA
AGBK,AGI Inc Class A Common Shares,$5.67,-0.09,-1.563%,"907,965,858",/market-activity/stocks/agbk,US_NASDAQ_AGBK
DJCO,Daily Journal Corp. (S.C.) Common Stock,$657.34,-1.74,-0.264%,"905,782,968",/market-activity/stocks/djco,US_NASDAQ_DJCO
MPB,Mid Penn Bancorp Common Stock,$35.75,-0.29,-0.805%,"905,733,936",/market-activity/stocks/mpb,US_NASDAQ_MPB
SBSI,"Southside Bancshares, Inc. Common Stock",$30.35,-0.40,-1.301%,"904,672,193",/market-activity/stocks/sbsi,US_NASDAQ_SBSI
PDX,PIMCO Dynamic Income Strategy Fund Common Shares of Beneficial Interest,$20.19,-0.07,-0.346%,"902,634,330",/market-activity/stocks/pdx,US_NASDAQ_PDX
JBIO,"Jade Biosciences, Inc. Common Stock",$14.18,-0.17,-1.185%,"901,810,948",/market-activity/stocks/jbio,US_NASDAQ_JBIO
BRBR,"BellRing Brands, Inc. Common Stock ",$7.75,0.01,0.129%,"901,156,004",/market-activity/stocks/brbr,US_NASDAQ_BRBR
FMNB,Farmers National Banc Corp. Common Stock,$15.21,-0.05,-0.328%,"901,155,570",/market-activity/stocks/fmnb,US_NASDAQ_FMNB
HTLD,"Heartland Express, Inc. Common Stock",$11.65,0.21,1.836%,"900,924,918",/market-activity/stocks/htld,US_NASDAQ_HTLD
LAR,Lithium Argentina AG Common Shares,$5.49,0.08,1.479%,"900,909,000",/market-activity/stocks/lar,US_NASDAQ_LAR
OBX,"Obsidian Therapeutics, Inc. Common Stock",$14.58,1.21,9.05%,"900,648,532",/market-activity/stocks/obx,US_NASDAQ_OBX
HEPS,D-Market Electronic Services & Trading American Depositary Shares,$2.52,UNCH,--,"900,207,504",/market-activity/stocks/heps,US_NASDAQ_HEPS
MTA,Metalla Royalty & Streaming Ltd. Common Shares,$9.62,-0.03,-0.311%,"899,430,308",/market-activity/stocks/mta,US_NASDAQ_MTA
BKSY,BlackSky Technology Inc. Class A Common Stock,$21.89,-1.06,-4.619%,"895,844,879",/market-activity/stocks/bksy,US_NASDAQ_BKSY
JMIA,"Jumia Technologies AG American Depositary Shares, each representing two Ordinary Shares",$6.70,UNCH,--,"895,293,135",/market-activity/stocks/jmia,US_NASDAQ_JMIA
AIZN,"Assurant, Inc. 5.25% Subordinated Notes due 2061",$17.72,-0.32,-1.774%,"894,137,219",/market-activity/stocks/aizn,US_NASDAQ_AIZN
FCBC,"First Community Bankshares, Inc. (VA) Common Stock",$47.27,-0.27,-0.568%,"893,891,252",/market-activity/stocks/fcbc,US_NASDAQ_FCBC
SIGIP,"Selective Insurance Group, Inc. Depositary Shares, each representing a 1/1,000th interest in a share of 4.60% Non-Cumulative Preferred Stock, Series B",$15.00,0.02,0.134%,"893,536,785",/market-activity/stocks/sigip,US_NASDAQ_SIGIP
BZH,"Beazer Homes USA, Inc. Common Stock",$33.36,UNCH,--,"890,032,223",/market-activity/stocks/bzh,US_NASDAQ_BZH
PCT,"PureCycle Technologies, Inc. Common stock",$4.43,-0.23,-4.936%,"890,008,308",/market-activity/stocks/pct,US_NASDAQ_PCT
PSF,"Cohen & Steers Select Preferred and Income Fund, Inc. Common Stock",$18.05,-0.02,-0.111%,"886,952,235",/market-activity/stocks/psf,US_NASDAQ_PSF
NNNN,Anbio Biotechnology Class A Ordinary Shares,$6.16,0.07,1.149%,"886,369,792",/market-activity/stocks/nnnn,US_NASDAQ_NNNN
MCS,Marcus Corporation (The) Common Stock,$28.70,UNCH,--,"884,882,963",/market-activity/stocks/mcs,US_NASDAQ_MCS
ACEL,"Accel Entertainment, Inc. ",$10.88,-0.13,-1.181%,"883,385,008",/market-activity/stocks/acel,US_NASDAQ_ACEL
THFF,First Financial Corporation Common Stock,$74.26,-0.68,-0.907%,"883,092,197",/market-activity/stocks/thff,US_NASDAQ_THFF
KOPN,Kopin Corporation Common Stock,$4.75,UNCH,--,"882,894,917",/market-activity/stocks/kopn,US_NASDAQ_KOPN
REPX,"Riley Exploration Permian, Inc. Common Stock",$39.79,-0.33,-0.823%,"881,499,105",/market-activity/stocks/repx,US_NASDAQ_REPX
BHFAL,"Brighthouse Financial, Inc. 6.25% Junior Subordinated Debentures due 2058",$15.26,-0.20,-1.294%,"877,626,451",/market-activity/stocks/bhfal,US_NASDAQ_BHFAL
CYRX,"CryoPort, Inc. Common Stock",$17.32,-0.06,-0.345%,"877,242,412",/market-activity/stocks/cyrx,US_NASDAQ_CYRX
NX,Quanex Building Products Corporation Common Stock,$19.13,-0.25,-1.29%,"876,655,359",/market-activity/stocks/nx,US_NASDAQ_NX
KOP,Koppers Holdings Inc. Common Stock,$46.08,-0.09,-0.195%,"871,445,053",/market-activity/stocks/kop,US_NASDAQ_KOP
SANA,"Sana Biotechnology, Inc. Common Stock",$2.91,-0.02,-0.683%,"871,139,454",/market-activity/stocks/sana,US_NASDAQ_SANA
ANGX,"Angel Studios, Inc. Class A Common Stock",$4.66,0.09,1.969%,"870,284,447",/market-activity/stocks/angx,US_NASDAQ_ANGX
VRTS,"Virtus Investment Partners, Inc. Common Stock",$131.26,1.71,1.32%,"869,294,289",/market-activity/stocks/vrts,US_NASDAQ_VRTS
MBINN,Merchants Bancorp Depositary Shares Preferred Series C,$18.88,-0.205,-1.074%,"867,310,856",/market-activity/stocks/mbinn,US_NASDAQ_MBINN
OI,"O-I Glass, Inc. Common Stock",$5.64,-0.14,-2.422%,"866,640,973",/market-activity/stocks/oi,US_NASDAQ_OI
FRBT,"Forbright, Inc. Class A Common Stock",$17.07,-0.03,-0.175%,"866,547,967",/market-activity/stocks/frbt,US_NASDAQ_FRBT
BW,"Babcock & Wilcox Enterprises, Inc. Common Stock",$5.81,0.06,1.043%,"865,487,033",/market-activity/stocks/bw,US_NASDAQ_BW
AIO,Virtus Artificial Intelligence & Technology Opportunities Fund Common Shares of Beneficial Interest,$25.18,0.19,0.76%,"864,705,675",/market-activity/stocks/aio,US_NASDAQ_AIO
KBDC,"Kayne Anderson BDC, Inc. Common Stock",$13.07,0.04,0.307%,"863,114,177",/market-activity/stocks/kbdc,US_NASDAQ_KBDC
SATL,Satellogic Inc. Class A Common Stock,$5.60,-0.45,-7.438%,"860,943,502",/market-activity/stocks/satl,US_NASDAQ_SATL
EIG,Employers Holdings Inc Common Stock,$47.93,0.17,0.356%,"860,847,053",/market-activity/stocks/eig,US_NASDAQ_EIG
TTI,"Tetra Technologies, Inc. Common Stock",$5.81,-0.10,-1.692%,"860,302,846",/market-activity/stocks/tti,US_NASDAQ_TTI
TBLA,Taboola.com Ltd. Ordinary Shares,$3.41,0.01,0.294%,"859,714,721",/market-activity/stocks/tbla,US_NASDAQ_TBLA
SABR,Sabre Corporation Common Stock,$2.13,0.03,1.429%,"859,632,246",/market-activity/stocks/sabr,US_NASDAQ_SABR
SIBN,"SI-BONE, Inc. Common Stock",$19.15,0.39,2.079%,"858,275,711",/market-activity/stocks/sibn,US_NASDAQ_SIBN
OGG,Osisko Gold Group Inc. Common Shares,$2.80,0.02,0.719%,"856,345,944",/market-activity/stocks/ogg,US_NASDAQ_OGG
PUBM,"PubMatic, Inc. Class A Common Stock",$18.80,0.39,2.118%,"856,341,147",/market-activity/stocks/pubm,US_NASDAQ_PUBM
BTGO,"BitGo Holdings, Inc. Class A Common Stock",$7.27,0.01,0.138%,"854,556,672",/market-activity/stocks/btgo,US_NASDAQ_BTGO
CIM,Chimera Investment Corporation Common Stock,$10.20,0.03,0.295%,"853,860,544",/market-activity/stocks/cim,US_NASDAQ_CIM
BUR,Burford Capital Limited Ordinary Shares,$3.90,-0.03,-0.763%,"853,365,205",/market-activity/stocks/bur,US_NASDAQ_BUR
LANDP,Gladstone Land Corporation 6.00% Series C Cumulative Redeemable Preferred Stock,$19.78,0.0125,0.063%,"853,241,414",/market-activity/stocks/landp,US_NASDAQ_LANDP
EVLV,"Evolv Technologies Holdings, Inc. Class A Common Stock",$4.71,0.06,1.29%,"853,104,148",/market-activity/stocks/evlv,US_NASDAQ_EVLV
EGBN,"Eagle Bancorp, Inc. Common Stock",$27.96,-0.49,-1.722%,"852,331,885",/market-activity/stocks/egbn,US_NASDAQ_EGBN
SGP,"SpyGlass Pharma, Inc. Common Stock",$25.44,-0.54,-2.079%,"850,916,586",/market-activity/stocks/sgp,US_NASDAQ_SGP
NAVI,Navient Corporation Common Stock,$9.07,0.21,2.37%,"850,619,320",/market-activity/stocks/navi,US_NASDAQ_NAVI
SMPL,The Simply Good Foods Company Common Stock,$9.61,0.01,0.104%,"850,105,837",/market-activity/stocks/smpl,US_NASDAQ_SMPL
SAFE,Safehold Inc. New Common Stock ,$12.00,-0.21,-1.72%,"849,795,360",/market-activity/stocks/safe,US_NASDAQ_SAFE
RJET,Republic Airways Holdings Inc. Common Stock,$18.15,-0.23,-1.251%,"849,773,925",/market-activity/stocks/rjet,US_NASDAQ_RJET
RZLV,Rezolve AI PLC Ordinary Shares,$2.12,UNCH,--,"848,830,544",/market-activity/stocks/rzlv,US_NASDAQ_RZLV
LANDO,Gladstone Land Corporation 6.00% Series B Cumulative Redeemable Preferred Stock,$19.67,-0.16,-0.807%,"848,496,391",/market-activity/stocks/lando,US_NASDAQ_LANDO
NNE,Nano Nuclear Energy Inc. Common Stock,$15.79,-0.37,-2.29%,"847,893,725",/market-activity/stocks/nne,US_NASDAQ_NNE
FMN,Federated Hermes Premier Municipal Income Fund,$9.83,-0.06,-0.607%,"847,885,176",/market-activity/stocks/fmn,US_NASDAQ_FMN
SMBK,"SmartFinancial, Inc. Common Stock",$49.54,-0.22,-0.442%,"847,058,352",/market-activity/stocks/smbk,US_NASDAQ_SMBK
GSBC,"Great Southern Bancorp, Inc. Common Stock",$77.55,-0.44,-0.564%,"845,101,668",/market-activity/stocks/gsbc,US_NASDAQ_GSBC
ARDX,"Ardelyx, Inc. Common Stock",$3.39,-0.02,-0.587%,"844,745,869",/market-activity/stocks/ardx,US_NASDAQ_ARDX
AEBI,Aebi Schmidt Holding AG Common Stock ,$10.84,0.06,0.557%,"841,177,323",/market-activity/stocks/aebi,US_NASDAQ_AEBI
RUMBW,RUM Group Inc. Warrant,$1.69,-0.12,-6.63%,"837,919,228",/market-activity/stocks/rumbw,US_NASDAQ_RUMBW
MTAL,Metals Acquisition Corp. II Class A Ordinary Shares,$10.16,UNCH,--,"837,814,265",/market-activity/stocks/mtal,US_NASDAQ_MTAL
SMP,"Standard Motor Products, Inc. Common Stock",$37.50,-0.34,-0.899%,"837,760,988",/market-activity/stocks/smp,US_NASDAQ_SMP
CVLG,"Covenant Logistics Group, Inc. Class A Common Stock",$33.01,0.30,0.917%,"837,720,452",/market-activity/stocks/cvlg,US_NASDAQ_CVLG
DAKT,"Daktronics, Inc. Common Stock",$17.41,0.36,2.111%,"837,293,037",/market-activity/stocks/dakt,US_NASDAQ_DAKT
LXRX,"Lexicon Pharmaceuticals, Inc. Common Stock",$1.88,-0.02,-1.053%,"836,517,156",/market-activity/stocks/lxrx,US_NASDAQ_LXRX
CCBG,Capital City Bank Group Common Stock,$48.84,-0.40,-0.812%,"835,813,425",/market-activity/stocks/ccbg,US_NASDAQ_CCBG
MAKO,Mako Mining Corp Common Stock,$9.54,0.11,1.166%,"835,760,372",/market-activity/stocks/mako,US_NASDAQ_MAKO
AVTX,"Avalo Therapeutics, Inc. Common Stock",$15.58,0.50,3.316%,"835,555,229",/market-activity/stocks/avtx,US_NASDAQ_AVTX
AOSL,Alpha and Omega Semiconductor Limited Common Shares,$27.61,0.25,0.914%,"835,458,031",/market-activity/stocks/aosl,US_NASDAQ_AOSL
SCZM,Santacruz Silver Mining Ltd. Common Shares,$8.975,-0.045,-0.499%,"834,587,799",/market-activity/stocks/sczm,US_NASDAQ_SCZM
DC,Dakota Gold Corp. Common Stock,$6.21,0.03,0.485%,"833,214,274",/market-activity/stocks/dc,US_NASDAQ_DC
RERE,ATRenew Inc. American Depositary Shares (every three of which representing two Class A ordinary shares),$3.80,-0.05,-1.299%,"833,206,985",/market-activity/stocks/rere,US_NASDAQ_RERE
CADL,"Candel Therapeutics, Inc. Common Stock",$10.88,-0.31,-2.77%,"832,521,987",/market-activity/stocks/cadl,US_NASDAQ_CADL
CODI,D/B/A Compass Diversified Holdings Shares of Beneficial Interest,$11.04,-0.16,-1.429%,"830,605,065",/market-activity/stocks/codi,US_NASDAQ_CODI
ATTO,"Attovia Therapeutics, Inc. Common Stock",$18.16,0.51,2.89%,"829,026,918",/market-activity/stocks/atto,US_NASDAQ_ATTO
BLZE,"Backblaze, Inc. Class A Common Stock",$13.38,-0.16,-1.182%,"828,222,000",/market-activity/stocks/blze,US_NASDAQ_BLZE
ADSE,ADS-TEC ENERGY PLC Ordinary Shares,$11.00,0.11,1.01%,"826,427,030",/market-activity/stocks/adse,US_NASDAQ_ADSE
QNST,"QuinStreet, Inc. Common Stock",$14.44,0.23,1.619%,"826,305,780",/market-activity/stocks/qnst,US_NASDAQ_QNST
HIVE,HIVE Digital Technologies Ltd. Common Shares,$3.01,-0.03,-0.987%,"825,574,787",/market-activity/stocks/hive,US_NASDAQ_HIVE
CRESY,Cresud S.A.C.I.F. y A. American Depositary Shares,$11.64,-0.29,-2.431%,"825,569,281",/market-activity/stocks/cresy,US_NASDAQ_CRESY
SVC,Service Properties Trust Common Shares of Beneficial Interest,$6.37,-0.20,-3.044%,"824,975,439",/market-activity/stocks/svc,US_NASDAQ_SVC
BHFAO,"Brighthouse Financial, Inc. Depositary Shares 6.75% Non-Cumulative Preferred Stock, Series B",$14.34,-0.22,-1.511%,"824,715,813",/market-activity/stocks/bhfao,US_NASDAQ_BHFAO
QFIN,"Qfin Holdings, Inc. American Depositary Shares",$6.76,-0.29,-4.113%,"823,042,736",/market-activity/stocks/qfin,US_NASDAQ_QFIN
YALA,"Yalla Group Limited American Depositary Shares, each representing one Class A Ordinary Share",$5.42,-0.05,-0.914%,"822,913,110",/market-activity/stocks/yala,US_NASDAQ_YALA
TRNS,"Transcat, Inc. Common Stock",$87.57,1.62,1.885%,"822,132,906",/market-activity/stocks/trns,US_NASDAQ_TRNS
PLTK,Playtika Holding Corp. Common Stock,$2.15,0.02,0.939%,"820,049,100",/market-activity/stocks/pltk,US_NASDAQ_PLTK
HIPO,Hippo Holdings Inc. Common Stock,$30.99,0.14,0.454%,"817,806,917",/market-activity/stocks/hipo,US_NASDAQ_HIPO
INMD,InMode Ltd. Ordinary Shares,$14.22,0.015,0.106%,"817,376,578",/market-activity/stocks/inmd,US_NASDAQ_INMD
GYRE,"Gyre Therapeutics, Inc. Common Stock",$7.32,-0.17,-2.27%,"816,252,095",/market-activity/stocks/gyre,US_NASDAQ_GYRE
NAK,"Northern Dynasty Minerals, Ltd. Common Stock",$1.45,-0.01,-0.685%,"815,076,410",/market-activity/stocks/nak,US_NASDAQ_NAK
CAPL,CrossAmerica Partners LP Common Units representing limited partner interests,$21.32,-0.27,-1.251%,"813,853,797",/market-activity/stocks/capl,US_NASDAQ_CAPL
TIGR,UP Fintech Holding Ltd American Depositary Share representing fifteen Class A Ordinary Shares,$4.55,-0.10,-2.151%,"813,088,008",/market-activity/stocks/tigr,US_NASDAQ_TIGR
GRPN,"Groupon, Inc. Common Stock",$19.99,0.25,1.266%,"812,899,267",/market-activity/stocks/grpn,US_NASDAQ_GRPN
RPC,"Ridgepost Capital, Inc. Class A Common Stock",$7.35,0.02,0.273%,"810,252,534",/market-activity/stocks/rpc,US_NASDAQ_RPC
DSP,Viant Technology Inc. Class A Common Stock,$12.17,-0.07,-0.572%,"809,290,603",/market-activity/stocks/dsp,US_NASDAQ_DSP
MFA,"MFA Financial, Inc.",$8.00,-0.01,-0.125%,"808,703,504",/market-activity/stocks/mfa,US_NASDAQ_MFA
BHFAP,"Brighthouse Financial, Inc. Depositary Shares 6.6% Non-Cumulative Preferred Stock, Series A",$14.05,-0.23,-1.611%,"808,037,460",/market-activity/stocks/bhfap,US_NASDAQ_BHFAP
TCBIO,"Texas Capital Bancshares, Inc. Depositary Shares 5.75% Fixed Rate Non-Cumulative Perpetual Preferred Stock Series B",$18.54,0.19,1.035%,"806,014,801",/market-activity/stocks/tcbio,US_NASDAQ_TCBIO
HSHP,Himalaya Shipping Ltd. Common Shares,$17.24,-0.09,-0.519%,"805,970,000",/market-activity/stocks/hshp,US_NASDAQ_HSHP
INR,"Infinity Natural Resources, Inc. Class A Common Stock",$12.69,0.16,1.277%,"804,828,454",/market-activity/stocks/inr,US_NASDAQ_INR
WRLD,World Acceptance Corporation Common Stock,$172.51,1.13,0.659%,"804,445,182",/market-activity/stocks/wrld,US_NASDAQ_WRLD
SKYH,Sky Harbour Group Corporation Class A Common Stock,$9.85,-0.10,-1.005%,"804,050,654",/market-activity/stocks/skyh,US_NASDAQ_SKYH
ORRF,"Orrstown Financial Services, Inc. Common Stock",$40.87,-0.61,-1.471%,"803,897,615",/market-activity/stocks/orrf,US_NASDAQ_ORRF
FDMT,"4D Molecular Therapeutics, Inc. Common Stock",$14.49,-0.07,-0.481%,"800,488,617",/market-activity/stocks/fdmt,US_NASDAQ_FDMT
ARI,"Apollo Commercial Real Estate Finance, Inc",$6.23,0.03,0.484%,"798,761,339",/market-activity/stocks/ari,US_NASDAQ_ARI
MTW,"Manitowoc Company, Inc. (The) Common Stock",$22.12,-0.05,-0.226%,"797,690,754",/market-activity/stocks/mtw,US_NASDAQ_MTW
LWLG,"Lightwave Logic, Inc. Common Stock",$5.17,0.17,3.40%,"797,044,708",/market-activity/stocks/lwlg,US_NASDAQ_LWLG
GERN,Geron Corporation Common Stock,$1.24,-0.01,-0.80%,"796,667,027",/market-activity/stocks/gern,US_NASDAQ_GERN
NABL,"N-able, Inc. Common Stock",$4.20,0.15,3.704%,"793,405,410",/market-activity/stocks/nabl,US_NASDAQ_NABL
WEST,Westrock Coffee Company Common Stock,$8.12,-0.13,-1.576%,"792,734,382",/market-activity/stocks/west,US_NASDAQ_WEST
ALRS,Alerus Financial Corporation Common Stock,$31.77,-0.29,-0.905%,"791,947,501",/market-activity/stocks/alrs,US_NASDAQ_ALRS
SXC,"SunCoke Energy, Inc. Common Stock",$9.33,-0.31,-3.216%,"791,882,351",/market-activity/stocks/sxc,US_NASDAQ_SXC
ACHV,"Achieve Life Sciences, Inc. Common Shares",$7.69,-0.06,-0.774%,"791,320,148",/market-activity/stocks/achv,US_NASDAQ_ACHV
BH,Biglari Holdings Inc. Class B Common Stock,$339.63,-2.43,-0.71%,"790,166,177",/market-activity/stocks/bh,US_NASDAQ_BH
DSGN,"Design Therapeutics, Inc. Common Stock",$12.62,0.26,2.104%,"789,780,436",/market-activity/stocks/dsgn,US_NASDAQ_DSGN
RPD,"Rapid7, Inc. Common Stock",$11.705,-0.095,-0.805%,"788,924,491",/market-activity/stocks/rpd,US_NASDAQ_RPD
ABX,"Abacus Global Management, Inc. Class A Common Stock",$8.06,-0.16,-1.946%,"788,205,527",/market-activity/stocks/abx,US_NASDAQ_ABX
SPFI,"South Plains Financial, Inc. Common Stock",$41.80,-0.52,-1.229%,"787,474,589",/market-activity/stocks/spfi,US_NASDAQ_SPFI
JBSS,"John B. Sanfilippo & Son, Inc. Common Stock",$67.34,-0.23,-0.34%,"787,439,011",/market-activity/stocks/jbss,US_NASDAQ_JBSS
FOXF,Fox Factory Holding Corp. Common Stock,$18.70,-0.04,-0.213%,"785,979,719",/market-activity/stocks/foxf,US_NASDAQ_FOXF
IBCP,Independent Bank Corporation Common Stock,$35.35,-0.24,-0.674%,"784,745,078",/market-activity/stocks/ibcp,US_NASDAQ_IBCP
HMH,HMH Holding Inc. Class A Common Stock,$17.77,-1.51,-7.832%,"783,535,329",/market-activity/stocks/hmh,US_NASDAQ_HMH
CSIQ,Canadian Solar Inc. Common Shares (ON),$11.55,1.13,10.845%,"783,283,162",/market-activity/stocks/csiq,US_NASDAQ_CSIQ
ANNX,"Annexon, Inc. Common Stock",$4.13,0.12,2.993%,"782,961,823",/market-activity/stocks/annx,US_NASDAQ_ANNX
TXO,"TXO Partners, L.P. Common Units Representing Limited Partner Interests",$14.10,-0.17,-1.191%,"781,794,339",/market-activity/stocks/txo,US_NASDAQ_TXO
SMBC,"Southern Missouri Bancorp, Inc. Common Stock",$70.95,-0.55,-0.769%,"781,392,145",/market-activity/stocks/smbc,US_NASDAQ_SMBC
VLRS,"Controladora Vuela Compania de Aviacion, S.A.B. de C.V. American Depositary Shares, each representing ten (10) Ordinary Participation Certificates",$6.71,-0.05,-0.74%,"779,674,630",/market-activity/stocks/vlrs,US_NASDAQ_VLRS
MTUS,Metallus Inc. Common Shares,$18.81,-0.16,-0.843%,"779,661,032",/market-activity/stocks/mtus,US_NASDAQ_MTUS
KELYB,"Kelly Services, Inc. Class B Common Stock",$22.40,-0.19,-0.841%,"777,995,523",/market-activity/stocks/kelyb,US_NASDAQ_KELYB
VREX,Varex Imaging Corporation Common Stock,$18.47,0.01,0.054%,"777,587,000",/market-activity/stocks/vrex,US_NASDAQ_VREX
IVA,Inventiva S.A. American Depository Shares,$3.29,-0.24,-6.799%,"777,361,865",/market-activity/stocks/iva,US_NASDAQ_IVA
ACRS,"Aclaris Therapeutics, Inc. Common Stock",$5.28,-0.15,-2.762%,"777,210,155",/market-activity/stocks/acrs,US_NASDAQ_ACRS
LYTS,LSI Industries Inc. Common Stock,$20.83,-0.13,-0.62%,"776,153,629",/market-activity/stocks/lyts,US_NASDAQ_LYTS
MNTN,"MNTN, Inc. Class A Common Stock",$10.37,0.18,1.766%,"775,708,800",/market-activity/stocks/mntn,US_NASDAQ_MNTN
PGC,Peapack-Gladstone Financial Corporation Common Stock,$43.71,-0.41,-0.929%,"774,888,782",/market-activity/stocks/pgc,US_NASDAQ_PGC
FISI,"Financial Institutions, Inc. Common Stock",$39.29,-0.26,-0.657%,"774,262,884",/market-activity/stocks/fisi,US_NASDAQ_FISI
CTO,"CTO Realty Growth, Inc. Common Stock",$20.65,0.17,0.83%,"774,074,625",/market-activity/stocks/cto,US_NASDAQ_CTO
AHCO,AdaptHealth Corp. Common Stock,$5.67,0.02,0.354%,"773,071,591",/market-activity/stocks/ahco,US_NASDAQ_AHCO
DNA,"Ginkgo Bioworks Holdings, Inc. Class A Common Stock",$11.96,1.50,14.34%,"769,509,713",/market-activity/stocks/dna,US_NASDAQ_DNA
ACDC,ProFrac Holding Corp. Class A Common Stock,$4.22,-0.27,-6.013%,"768,558,056",/market-activity/stocks/acdc,US_NASDAQ_ACDC
SLDB,Solid Biosciences Inc. Common Stock,$7.16,-0.12,-1.648%,"767,732,704",/market-activity/stocks/sldb,US_NASDAQ_SLDB
DQ,"DAQO New Energy Corp. American Depositary Shares, each representing five ordinary shares",$11.34,0.44,4.037%,"767,333,994",/market-activity/stocks/dq,US_NASDAQ_DQ
HQ,Horizon Quantum Holdings Ltd. Class A Ordinary Shares,$14.18,-0.09,-0.631%,"765,324,094",/market-activity/stocks/hq,US_NASDAQ_HQ
HTB,"HomeTrust Bancshares, Inc. Common Stock",$45.79,0.29,0.637%,"764,380,712",/market-activity/stocks/htb,US_NASDAQ_HTB
CGBD,"Carlyle Secured Lending, Inc. Common Stock",$11.10,-0.10,-0.893%,"763,730,849",/market-activity/stocks/cgbd,US_NASDAQ_CGBD
IMC,IMC Rare Earths Ltd Ordinary Shares,$7.26,-0.24,-3.20%,"763,026,000",/market-activity/stocks/imc,US_NASDAQ_IMC
BUUU,BUUU Group Limited Class A Ordinary Share,$40.45,-3.03,-6.969%,"762,381,375",/market-activity/stocks/buuu,US_NASDAQ_BUUU
HDL,SUPER HI INTERNATIONAL HOLDING LTD. American Depositary Shares,$11.69,UNCH,--,"760,199,531",/market-activity/stocks/hdl,US_NASDAQ_HDL
CRTO,Criteo S.A. Ordinary Shares,$15.45,-0.35,-2.215%,"757,012,287",/market-activity/stocks/crto,US_NASDAQ_CRTO
WLKP,Westlake Chemical Partners LP Common Units representing limited partner interests,$21.43,-0.12,-0.557%,"755,319,187",/market-activity/stocks/wlkp,US_NASDAQ_WLKP
TASK,"TaskUs, Inc. Class A Common Stock",$8.23,0.13,1.605%,"754,584,183",/market-activity/stocks/task,US_NASDAQ_TASK
IMMX,"Immix Biopharma, Inc. Common Stock",$10.54,-0.93,-8.108%,"754,024,370",/market-activity/stocks/immx,US_NASDAQ_IMMX
WGO,"Winnebago Industries, Inc. Common Stock",$26.66,-0.35,-1.296%,"753,648,687",/market-activity/stocks/wgo,US_NASDAQ_WGO
JBGS,JBG SMITH Properties Common Shares ,$10.10,-0.07,-0.688%,"753,646,325",/market-activity/stocks/jbgs,US_NASDAQ_JBGS
RILYG,"BRC Group Holdings, Inc. 5.00% Senior Notes due 2026",$24.71,-0.01,-0.04%,"753,582,501",/market-activity/stocks/rilyg,US_NASDAQ_RILYG
GOOS,Canada Goose Holdings Inc. Subordinate Voting Shares,$7.71,0.04,0.522%,"752,971,707",/market-activity/stocks/goos,US_NASDAQ_GOOS
ASC,Ardmore Shipping Corporation Common Stock,$18.44,0.29,1.598%,"752,400,202",/market-activity/stocks/asc,US_NASDAQ_ASC
APEI,"American Public Education, Inc. Common Stock",$41.09,0.47,1.157%,"752,010,402",/market-activity/stocks/apei,US_NASDAQ_APEI
SHBI,Shore Bancshares Inc Common Stock,$22.48,-0.32,-1.404%,"750,208,764",/market-activity/stocks/shbi,US_NASDAQ_SHBI
GILT,Gilat Satellite Networks Ltd. Ordinary Shares,$9.94,-0.07,-0.699%,"750,181,223",/market-activity/stocks/gilt,US_NASDAQ_GILT
MOV,Movado Group Inc. Common Stock,$33.59,0.11,0.329%,"749,468,310",/market-activity/stocks/mov,US_NASDAQ_MOV
CTKB,"Cytek Biosciences, Inc. Common Stock",$5.76,0.02,0.348%,"748,703,537",/market-activity/stocks/ctkb,US_NASDAQ_CTKB
MITK,"Mitek Systems, Inc. Common Stock",$16.59,-0.63,-3.659%,"748,580,185",/market-activity/stocks/mitk,US_NASDAQ_MITK
APOG,"Apogee Enterprises, Inc. Common Stock",$35.84,-0.57,-1.566%,"747,919,657",/market-activity/stocks/apog,US_NASDAQ_APOG
OLMA,"Olema Pharmaceuticals, Inc. Common Stock",$8.54,-0.07,-0.813%,"747,229,564",/market-activity/stocks/olma,US_NASDAQ_OLMA
MITN,"TPG Mortgage Investment Trust, Inc. 9.500% Senior Notes due 2029",$25.315,UNCH,--,"746,614,890",/market-activity/stocks/mitn,US_NASDAQ_MITN
MITP,"TPG Mortgage Investment Trust, Inc. 9.500% Senior Notes due 2029",$25.3001,0.0201,0.08%,"746,175,444",/market-activity/stocks/mitp,US_NASDAQ_MITP
GSM,Ferroglobe PLC Ordinary Shares,$3.99,UNCH,--,"745,573,463",/market-activity/stocks/gsm,US_NASDAQ_GSM
BFS,"Saul Centers, Inc. Common Stock",$30.16,-0.05,-0.166%,"745,467,766",/market-activity/stocks/bfs,US_NASDAQ_BFS
FDUS,Fidus Investment Corporation Common Stock,$19.53,0.40,2.091%,"741,248,729",/market-activity/stocks/fdus,US_NASDAQ_FDUS
BBSI,"Barrett Business Services, Inc. Common Stock",$30.58,-0.27,-0.875%,"741,111,804",/market-activity/stocks/bbsi,US_NASDAQ_BBSI
ABR,Arbor Realty Trust Common Stock,$3.97,-0.11,-2.696%,"740,635,431",/market-activity/stocks/abr,US_NASDAQ_ABR
LUCK,Lucky Strike Entertainment Corporation Class A Common Stock,$5.43,0.10,1.876%,"740,261,149",/market-activity/stocks/luck,US_NASDAQ_LUCK
AVR,Anteris Technologies Global Corp. Common Stock,$7.59,-0.15,-1.938%,"739,709,818",/market-activity/stocks/avr,US_NASDAQ_AVR
BWMN,Bowman Consulting Group Ltd. Common Stock,$42.59,-0.02,-0.047%,"738,319,456",/market-activity/stocks/bwmn,US_NASDAQ_BWMN
BLDP,"Ballard Power Systems, Inc. Common Shares",$2.10,0.04,1.942%,"737,290,483",/market-activity/stocks/bldp,US_NASDAQ_BLDP
SSYS,"Stratasys, Ltd. Ordinary Shares (Israel)",$8.51,0.11,1.31%,"733,328,307",/market-activity/stocks/ssys,US_NASDAQ_SSYS
MLAB,"Mesa Laboratories, Inc. Common Stock",$130.98,-2.01,-1.511%,"732,946,922",/market-activity/stocks/mlab,US_NASDAQ_MLAB
CCNEP,"CNB Financial Corporation Depositary Shares, each representing a 1/40th ownership interest in a share of 7.125% Series A Fixed-Rate Non-Cumulative Perpetual Preferred Stock",$24.74,-0.085,-0.342%,"732,820,695",/market-activity/stocks/ccnep,US_NASDAQ_CCNEP
RCBC,River City Bank Common stock,$51.58,1.00,1.977%,"732,420,732",/market-activity/stocks/rcbc,US_NASDAQ_RCBC
PRAA,"PRA Group, Inc. Common Stock",$19.44,-0.61,-3.042%,"731,877,237",/market-activity/stocks/praa,US_NASDAQ_PRAA
MFIC,MidCap Financial Investment Corporation Common Stock,$8.86,0.10,1.142%,"729,821,484",/market-activity/stocks/mfic,US_NASDAQ_MFIC
BCSF,"Bain Capital Specialty Finance, Inc. Common Stock",$11.23,0.10,0.898%,"728,473,334",/market-activity/stocks/bcsf,US_NASDAQ_BCSF
QDEL,QuidelOrtho Corporation Common Stock,$10.595,-0.235,-2.17%,"726,556,649",/market-activity/stocks/qdel,US_NASDAQ_QDEL
PAYS,"Paysign, Inc. Common Stock",$12.85,0.13,1.022%,"725,538,705",/market-activity/stocks/pays,US_NASDAQ_PAYS
FTH,"Faeth Therapeutics, Inc. Common Stock",$28.07,0.30,1.08%,"725,340,730",/market-activity/stocks/fth,US_NASDAQ_FTH
REF,Reformation Inc. Common Stock,$12.27,-0.08,-0.648%,"724,903,256",/market-activity/stocks/ref,US_NASDAQ_REF
COLL,"Collegium Pharmaceutical, Inc. Common Stock",$22.23,-0.40,-1.768%,"723,711,277",/market-activity/stocks/coll,US_NASDAQ_COLL
WASH,"Washington Trust Bancorp, Inc. Common Stock",$37.94,-0.55,-1.429%,"723,679,739",/market-activity/stocks/wash,US_NASDAQ_WASH
SWIM,"Latham Group, Inc. Common Stock",$6.14,-0.07,-1.127%,"722,346,968",/market-activity/stocks/swim,US_NASDAQ_SWIM
NRGV,"Energy Vault Holdings, Inc. Common Stock",$3.97,-0.08,-1.975%,"721,903,093",/market-activity/stocks/nrgv,US_NASDAQ_NRGV
NUAI,"New Era Energy & Digital, Inc. Common Stock",$6.76,-0.20,-2.874%,"720,341,132",/market-activity/stocks/nuai,US_NASDAQ_NUAI
WYFI,"WhiteFiber, Inc. Ordinary Shares",$18.53,-0.30,-1.593%,"719,855,627",/market-activity/stocks/wyfi,US_NASDAQ_WYFI
VBNK,VersaBank Common Shares,$22.17,-0.38,-1.685%,"718,730,981",/market-activity/stocks/vbnk,US_NASDAQ_VBNK
FINV,FinVolution Group American Depositary Shares,$3.04,-0.03,-0.977%,"717,725,766",/market-activity/stocks/finv,US_NASDAQ_FINV
VSTM,"Verastem, Inc. Common Stock",$7.92,0.15,1.931%,"717,262,453",/market-activity/stocks/vstm,US_NASDAQ_VSTM
WVE,"Wave Life Sciences, Inc. Common Stock",$3.64,-0.03,-0.817%,"717,255,357",/market-activity/stocks/wve,US_NASDAQ_WVE
HYLN,Hyliion Holdings Corp. Class A Common Stock,$4.01,0.05,1.263%,"716,174,844",/market-activity/stocks/hyln,US_NASDAQ_HYLN
ADAM,"Adamas Trust, Inc. Common Stock",$7.93,-0.08,-0.999%,"716,116,636",/market-activity/stocks/adam,US_NASDAQ_ADAM
QVCG,"QVC Group, Inc. Common Stock",$14.32,0.18,1.273%,"715,998,525",/market-activity/stocks/qvcg,US_NASDAQ_QVCG
MOMO,Hello Group Inc. American Depositary Shares,$4.84,-0.06,-1.224%,"715,097,421",/market-activity/stocks/momo,US_NASDAQ_MOMO
AAC,Ares Acquisition Corporation III Class A Ordinary Shares,$10.12,0.05,0.497%,"714,515,111",/market-activity/stocks/aac,US_NASDAQ_AAC
ROOT,"Root, Inc. Class A Common Stock",$46.02,-0.71,-1.519%,"712,999,457",/market-activity/stocks/root,US_NASDAQ_ROOT
ETRA,"Electra Therapeutics, Inc. Common stock",$11.35,0.03,0.265%,"712,404,939",/market-activity/stocks/etra,US_NASDAQ_ETRA
CWBC,Community West Bancshares Common Stock,$26.24,-0.10,-0.38%,"711,919,487",/market-activity/stocks/cwbc,US_NASDAQ_CWBC
GEGGL,"Great Elm Group, Inc.  7.25% Notes due 2027",$24.54,0.04,0.163%,"711,581,153",/market-activity/stocks/geggl,US_NASDAQ_GEGGL
KRNT,Kornit Digital Ltd. Ordinary Shares,$16.55,0.55,3.438%,"711,096,138",/market-activity/stocks/krnt,US_NASDAQ_KRNT
TCBX,"Third Coast Bancshares, Inc. Common Stock",$42.60,-0.58,-1.343%,"709,501,722",/market-activity/stocks/tcbx,US_NASDAQ_TCBX
PHAR,"Pharming Group N.V. ADS, each representing 10 ordinary shares",$10.01,-0.51,-4.848%,"706,958,552",/market-activity/stocks/phar,US_NASDAQ_PHAR
SOPH,SOPHiA GENETICS SA Ordinary Shares,$8.30,-0.19,-2.238%,"706,560,948",/market-activity/stocks/soph,US_NASDAQ_SOPH
BALY,Bally's Corporation Common Stock,$13.96,-0.04,-0.286%,"704,554,527",/market-activity/stocks/baly,US_NASDAQ_BALY
PSTL,"Postal Realty Trust, Inc. Class A Common Stock",$23.29,0.07,0.301%,"704,496,252",/market-activity/stocks/pstl,US_NASDAQ_PSTL
GROY,Gold Royalty Corp. Common Shares,$3.05,0.02,0.66%,"703,968,063",/market-activity/stocks/groy,US_NASDAQ_GROY
VTS,"Vitesse Energy, Inc. Common Stock",$16.70,-0.05,-0.299%,"703,142,094",/market-activity/stocks/vts,US_NASDAQ_VTS
LPTH,"LightPath Technologies, Inc. Class A Common Stock",$10.02,0.19,1.933%,"701,763,245",/market-activity/stocks/lpth,US_NASDAQ_LPTH
NGVC,"Natural Grocers by Vitamin Cottage, Inc. Common Stock",$30.39,-0.31,-1.01%,"700,371,435",/market-activity/stocks/ngvc,US_NASDAQ_NGVC
GDOT,"Green Dot Corporation Class A Common Stock, $0.001 par value",$12.28,-0.03,-0.244%,"699,777,998",/market-activity/stocks/gdot,US_NASDAQ_GDOT
NEWTP,"NewtekOne, Inc. Depositary Shares, Non-Cumulative Perpetual Preferred Stock, Series B",$24.225,-0.16,-0.656%,"699,732,608",/market-activity/stocks/newtp,US_NASDAQ_NEWTP
FPH,"Five Point Holdings, LLC Class A Common Shares",$4.72,-0.05,-1.048%,"697,992,014",/market-activity/stocks/fph,US_NASDAQ_FPH
NIE,Virtus Equity & Convertible Income Fund Common Shares of Beneficial Interest,$25.18,0.13,0.519%,"697,711,739",/market-activity/stocks/nie,US_NASDAQ_NIE
PMT,PennyMac Mortgage Investment Trust Common Shares of Beneficial Interest,$8.00,-0.07,-0.867%,"697,618,896",/market-activity/stocks/pmt,US_NASDAQ_PMT
LXU,"LSB Industries, Inc. Common Stock",$9.66,-0.18,-1.829%,"695,495,889",/market-activity/stocks/lxu,US_NASDAQ_LXU
PFLT,PennantPark Floating Rate Capital Ltd. Common Stock,$7.00,0.05,0.719%,"694,525,272",/market-activity/stocks/pflt,US_NASDAQ_PFLT
ESRT,"Empire State Realty Trust, Inc. Class A Common Stock",$4.03,-0.03,-0.739%,"693,827,541",/market-activity/stocks/esrt,US_NASDAQ_ESRT
ELVR,Elevra Lithium Limited American Depository Shares,$40.93,0.38,0.937%,"693,259,120",/market-activity/stocks/elvr,US_NASDAQ_ELVR
AROW,Arrow Financial Corporation Common Stock,$37.31,-0.48,-1.27%,"691,120,105",/market-activity/stocks/arow,US_NASDAQ_AROW
BLMN,"Bloomin' Brands, Inc. Common Stock",$8.06,0.15,1.896%,"690,104,591",/market-activity/stocks/blmn,US_NASDAQ_BLMN
OABI,"OmniAb, Inc. Common Stock",$4.74,UNCH,--,"689,150,487",/market-activity/stocks/oabi,US_NASDAQ_OABI
BCAL,California BanCorp Common Stock,$21.41,-0.18,-0.834%,"688,343,083",/market-activity/stocks/bcal,US_NASDAQ_BCAL
PFIS,Peoples Financial Services Corp. Common Stock,$68.76,-0.60,-0.865%,"688,312,835",/market-activity/stocks/pfis,US_NASDAQ_PFIS
LEGH,Legacy Housing Corporation Common Stock (TX),$28.94,-0.18,-0.618%,"688,281,120",/market-activity/stocks/legh,US_NASDAQ_LEGH
IRWD,"Ironwood Pharmaceuticals, Inc. Class A Common Stock",$4.16,0.04,0.971%,"687,398,180",/market-activity/stocks/irwd,US_NASDAQ_IRWD
CASS,"Cass Information Systems, Inc Common Stock",$53.64,-0.61,-1.124%,"686,921,832",/market-activity/stocks/cass,US_NASDAQ_CASS
INDI,"indie Semiconductor, Inc. Class A Common Stock",$2.96,0.06,2.069%,"686,154,294",/market-activity/stocks/indi,US_NASDAQ_INDI
GEMI,"Gemini Space Station, Inc. Class A Common Stock",$5.29,0.09,1.731%,"685,860,149",/market-activity/stocks/gemi,US_NASDAQ_GEMI
WHK,WhiteHawk Minerals Corp Class A Common Stock,$24.89,-0.83,-3.227%,"685,606,251",/market-activity/stocks/whk,US_NASDAQ_WHK
DBVT,DBV Technologies S.A. American Depositary Shares,$11.55,-0.09,-0.773%,"683,564,054",/market-activity/stocks/dbvt,US_NASDAQ_DBVT
PKOH,Park-Ohio Holdings Corp. Common Stock,$47.16,-0.28,-0.59%,"683,348,872",/market-activity/stocks/pkoh,US_NASDAQ_PKOH
LINC,Lincoln Educational Services Corporation Common Stock,$21.54,-0.18,-0.829%,"683,280,658",/market-activity/stocks/linc,US_NASDAQ_LINC
OBE,Obsidian Energy Ltd. Common Shares,$10.23,-0.44,-4.124%,"682,602,581",/market-activity/stocks/obe,US_NASDAQ_OBE
GPRK,Geopark Ltd Common Shares,$10.51,-0.17,-1.592%,"682,054,364",/market-activity/stocks/gprk,US_NASDAQ_GPRK
MDXG,"MiMedx Group, Inc Common Stock",$4.67,-0.01,-0.214%,"680,701,386",/market-activity/stocks/mdxg,US_NASDAQ_MDXG
MG,Mistras Group Inc Common Stock,$21.34,-0.25,-1.158%,"679,676,717",/market-activity/stocks/mg,US_NASDAQ_MG
BLSM,"BlossomHill Therapeutics, Inc. Common Stock",$21.37,0.03,0.141%,"679,243,505",/market-activity/stocks/blsm,US_NASDAQ_BLSM
XFLT,XAI Floating Rate & Alternative Income Trust Common Shares of Beneficial Interest,$19.15,-0.01,-0.052%,"679,222,388",/market-activity/stocks/xflt,US_NASDAQ_XFLT
EVC,Entravision Communications Corporation Common Stock,$7.34,0.06,0.824%,"677,396,159",/market-activity/stocks/evc,US_NASDAQ_EVC
EVEX,"Eve Holding, Inc. Common Stock",$1.94,-0.06,-3.00%,"676,063,486",/market-activity/stocks/evex,US_NASDAQ_EVEX
VLGEA,"Village Super Market, Inc. Class A Common Stock",$45.61,-0.50,-1.084%,"675,460,885",/market-activity/stocks/vlgea,US_NASDAQ_VLGEA
RGR,"Sturm, Ruger & Company, Inc. Common Stock",$42.18,0.14,0.333%,"673,962,838",/market-activity/stocks/rgr,US_NASDAQ_RGR
IVR,INVESCO MORTGAGE CAPITAL INC Common Stock,$6.26,0.01,0.16%,"673,829,010",/market-activity/stocks/ivr,US_NASDAQ_IVR
ZVRA,"Zevra Therapeutics, Inc. Common Stock",$11.34,0.04,0.354%,"673,412,077",/market-activity/stocks/zvra,US_NASDAQ_ZVRA
CNNE,"Cannae Holdings, Inc. Common Stock",$15.52,-0.06,-0.385%,"673,168,003",/market-activity/stocks/cnne,US_NASDAQ_CNNE
MSBI,"Midland States Bancorp, Inc. Common Stock",$32.39,-0.78,-2.352%,"672,160,908",/market-activity/stocks/msbi,US_NASDAQ_MSBI
DGICA,"Donegal Group, Inc. Class A Common Stock",$18.07,0.05,0.277%,"670,745,426",/market-activity/stocks/dgica,US_NASDAQ_DGICA
NVCT,"Nuvectis Pharma, Inc. Common Stock",$20.53,-0.28,-1.346%,"669,566,775",/market-activity/stocks/nvct,US_NASDAQ_NVCT
PZZA,"Papa John's International, Inc. Common Stock",$20.33,0.24,1.195%,"669,297,897",/market-activity/stocks/pzza,US_NASDAQ_PZZA
SMWB,Similarweb Ltd. Ordinary Shares,$7.69,0.10,1.318%,"668,772,016",/market-activity/stocks/smwb,US_NASDAQ_SMWB
HOV,"Hovnanian Enterprises, Inc. Class A Common Stock",$112.19,-1.29,-1.137%,"668,640,059",/market-activity/stocks/hov,US_NASDAQ_HOV
CARE,"Carter Bankshares, Inc. Common Stock",$30.12,0.46,1.551%,"667,577,602",/market-activity/stocks/care,US_NASDAQ_CARE
EVER,"EverQuote, Inc. Class A Common Stock",$18.91,0.32,1.721%,"666,383,691",/market-activity/stocks/ever,US_NASDAQ_EVER
PSNYW,Polestar Automotive Holding UK PLC Class C-1 ADS (ADW),$4.05,0.03,0.746%,"665,334,522",/market-activity/stocks/psnyw,US_NASDAQ_PSNYW
BHFAN,"Brighthouse Financial, Inc. Depositary shares, each representing a 1/1,000th interest in a share of 5.375% Non-Cumulative Preferred Stock, Series C",$11.56,-0.16,-1.365%,"664,833,668",/market-activity/stocks/bhfan,US_NASDAQ_BHFAN
KE,"Kimball Electronics, Inc. Common Stock",$27.71,0.18,0.654%,"664,818,181",/market-activity/stocks/ke,US_NASDAQ_KE
THM,"International Tower Hill Mines, Ltd. Ordinary Shares (Canada)",$2.54,-0.03,-1.167%,"664,559,181",/market-activity/stocks/thm,US_NASDAQ_THM
HNRG,Hallador Energy Company Common Stock,$14.09,-0.30,-2.085%,"664,249,900",/market-activity/stocks/hnrg,US_NASDAQ_HNRG
NEWTG,"NewtekOne, Inc. 8.50% Fixed Rate Senior Notes due 2029",$25.23,0.1501,0.598%,"664,100,326",/market-activity/stocks/newtg,US_NASDAQ_NEWTG
OFRM,"Once Upon a Farm, PBC Common Stock",$15.81,-0.63,-3.832%,"663,872,224",/market-activity/stocks/ofrm,US_NASDAQ_OFRM
FAC,Factorial Energy Inc. Class A Common Stock,$6.20,-0.18,-2.821%,"663,544,119",/market-activity/stocks/fac,US_NASDAQ_FAC
STLN,"Starling Oncology, Inc. Common Stock",$6.51,-0.13,-1.958%,"663,473,909",/market-activity/stocks/stln,US_NASDAQ_STLN
NMFC,New Mountain Finance Corporation Common Stock,$7.015,0.045,0.646%,"662,583,516",/market-activity/stocks/nmfc,US_NASDAQ_NMFC
CUBB,"Customers Bancorp, Inc 5.375% Subordinated Notes Due 2034",$20.944,-0.136,-0.645%,"662,322,375",/market-activity/stocks/cubb,US_NASDAQ_CUBB
NSLRL,Neostellar Capital Corp. 6.00% Notes due 2026,$24.9799,0.1099,0.442%,"661,298,438",/market-activity/stocks/nslrl,US_NASDAQ_NSLRL
RILYT,"BRC Group Holdings, Inc. 6.00% Senior Notes Due 2028",$21.68,1.18,5.756%,"661,176,391",/market-activity/stocks/rilyt,US_NASDAQ_RILYT
BWMX,"Betterware de Mexico, S.A.P.I. de C.V. Ordinary Shares",$16.74,-0.22,-1.297%,"660,979,787",/market-activity/stocks/bwmx,US_NASDAQ_BWMX
CLYM,"Climb Bio, Inc. Common Stock",$11.50,-0.24,-2.044%,"660,516,933",/market-activity/stocks/clym,US_NASDAQ_CLYM
NEWTI,"NewtekOne, Inc. 8.00% Fixed Rate Senior Notes due 2028",$25.05,UNCH,--,"659,362,393",/market-activity/stocks/newti,US_NASDAQ_NEWTI
CSHR,CoinShares PLC Ordinary Shares,$5.00,-0.12,-2.344%,"658,901,045",/market-activity/stocks/cshr,US_NASDAQ_CSHR
RRBI,"Red River Bancshares, Inc. Common Stock",$99.86,0.09,0.09%,"657,488,825",/market-activity/stocks/rrbi,US_NASDAQ_RRBI
MPLT,"MapLight Therapeutics, Inc. Common Stock",$10.15,-0.30,-2.871%,"657,452,101",/market-activity/stocks/mplt,US_NASDAQ_MPLT
OSPN,OneSpan Inc. Common Stock,$17.82,-0.06,-0.336%,"656,705,723",/market-activity/stocks/ospn,US_NASDAQ_OSPN
BSTZ,BlackRock Science and Technology Term Trust Common Shares of Beneficial Interest,$29.63,0.26,0.885%,"656,536,503",/market-activity/stocks/bstz,US_NASDAQ_BSTZ
STTK,"Shattuck Labs, Inc. Common Stock",$6.54,0.11,1.711%,"656,375,675",/market-activity/stocks/sttk,US_NASDAQ_STTK
HELE,Helen of Troy Limited Common Stock,$28.15,-1.01,-3.464%,"655,671,517",/market-activity/stocks/hele,US_NASDAQ_HELE
WOOF,"Petco Health and Wellness Company, Inc. Class A Common Stock",$2.28,0.01,0.441%,"653,036,134",/market-activity/stocks/woof,US_NASDAQ_WOOF
SOC,Sable Offshore Corp. Common Stock,$3.40,-0.17,-4.762%,"652,356,545",/market-activity/stocks/soc,US_NASDAQ_SOC
CD,Chaince Digital Holdings Inc. Ordinary Shares,$5.92,-0.60,-9.202%,"651,222,496",/market-activity/stocks/cd,US_NASDAQ_CD
TBLD,Thornburg Income Builder Opportunities Trust Common Stock,$20.29,-0.02,-0.098%,"650,941,406",/market-activity/stocks/tbld,US_NASDAQ_TBLD
BHB,"Bar Harbor Bankshares, Inc. Common Stock",$38.80,-0.41,-1.046%,"650,523,904",/market-activity/stocks/bhb,US_NASDAQ_BHB
TRON,Tron Inc. Common Stock,$1.37,-0.045,-3.18%,"649,903,428",/market-activity/stocks/tron,US_NASDAQ_TRON
MATV,"Mativ Holdings, Inc. Common Stock",$11.73,-0.11,-0.929%,"647,379,850",/market-activity/stocks/matv,US_NASDAQ_MATV
DDI,"DoubleDown Interactive Co., Ltd. American Depository Shares",$13.06,-0.03,-0.229%,"647,167,926",/market-activity/stocks/ddi,US_NASDAQ_DDI
NFGC,New Found Gold Corp Common Shares,$1.68,UNCH,--,"645,720,682",/market-activity/stocks/nfgc,US_NASDAQ_NFGC
ANGO,"AngioDynamics, Inc. Common Stock",$15.60,0.06,0.386%,"644,785,268",/market-activity/stocks/ango,US_NASDAQ_ANGO
PKE,Park Aerospace Corp. Common Stock,$29.60,-0.18,-0.604%,"643,835,846",/market-activity/stocks/pke,US_NASDAQ_PKE
PRTH,"Priority Technology Holdings, Inc. Common Stock",$7.79,0.02,0.257%,"642,210,498",/market-activity/stocks/prth,US_NASDAQ_PRTH
YEXT,"Yext, Inc. Common Stock",$6.48,0.05,0.778%,"641,382,002",/market-activity/stocks/yext,US_NASDAQ_YEXT
SCHL,Scholastic Corporation Common Stock,$34.80,1.22,3.633%,"640,648,651",/market-activity/stocks/schl,US_NASDAQ_SCHL
FWRG,"First Watch Restaurant Group, Inc. Common Stock",$10.38,0.23,2.266%,"640,575,075",/market-activity/stocks/fwrg,US_NASDAQ_FWRG
TIPT,Tiptree Inc. Common Stock,$17.20,-0.03,-0.174%,"640,522,702",/market-activity/stocks/tipt,US_NASDAQ_TIPT
SLRC,SLR Investment Corp. Common Stock,$11.71,0.07,0.601%,"638,834,764",/market-activity/stocks/slrc,US_NASDAQ_SLRC
ACNB,ACNB Corporation Common Stock,$62.81,-0.37,-0.586%,"638,773,303",/market-activity/stocks/acnb,US_NASDAQ_ACNB
AURA,"Aura Biosciences, Inc. Common Stock",$6.15,UNCH,--,"637,784,575",/market-activity/stocks/aura,US_NASDAQ_AURA
INN,"Summit Hotel Properties, Inc. Common Stock",$5.91,0.09,1.546%,"637,413,966",/market-activity/stocks/inn,US_NASDAQ_INN
TROX,Tronox Holdings plc Ordinary Shares (UK),$3.99,0.02,0.504%,"637,203,116",/market-activity/stocks/trox,US_NASDAQ_TROX
SUPV,Grupo Supervielle S.A. American Depositary Shares each Representing five Class B shares,$6.96,UNCH,--,"635,757,469",/market-activity/stocks/supv,US_NASDAQ_SUPV
CCSI,"Consensus Cloud Solutions, Inc. Common Stock",$34.69,0.25,0.726%,"635,691,544",/market-activity/stocks/ccsi,US_NASDAQ_CCSI
WCCB,West Coast Community Bancorp Common Stock,$60.34,-0.07,-0.116%,"635,023,168",/market-activity/stocks/wccb,US_NASDAQ_WCCB
ABTC,American Bitcoin Corp. Class A Common Stock,$8.72,-0.12,-1.357%,"634,987,897",/market-activity/stocks/abtc,US_NASDAQ_ABTC
DLY,DoubleLine Yield Opportunities Fund Common Shares of Beneficial Interest,$13.20,0.13,0.995%,"632,884,283",/market-activity/stocks/dly,US_NASDAQ_DLY
HPP,"Hudson Pacific Properties, Inc. Common Stock",$11.66,0.16,1.391%,"632,773,520",/market-activity/stocks/hpp,US_NASDAQ_HPP
SWBI,"Smith & Wesson Brands, Inc. Common Stock",$14.06,0.03,0.214%,"630,445,901",/market-activity/stocks/swbi,US_NASDAQ_SWBI
GAIN,Gladstone Investment Corporation Business Development Company,$15.83,0.12,0.764%,"630,381,738",/market-activity/stocks/gain,US_NASDAQ_GAIN
CLDT,Chatham Lodging Trust (REIT) Common Shares of Beneficial Interest,$13.48,0.15,1.125%,"627,704,477",/market-activity/stocks/cldt,US_NASDAQ_CLDT
CGNT,Cognyte Software Ltd. Ordinary Shares,$8.49,-0.04,-0.469%,"627,414,235",/market-activity/stocks/cgnt,US_NASDAQ_CGNT
RSVR,"Reservoir Media, Inc. Common Stock",$9.50,-0.05,-0.524%,"626,342,059",/market-activity/stocks/rsvr,US_NASDAQ_RSVR
UAMY,United States Antimony Corporation Common Stock,$4.18,-0.08,-1.878%,"625,618,025",/market-activity/stocks/uamy,US_NASDAQ_UAMY
HIFS,Hingham Institution for Savings Common Stock,$290.86,-5.02,-1.697%,"624,592,764",/market-activity/stocks/hifs,US_NASDAQ_HIFS
PHR,"Phreesia, Inc. Common Stock",$10.01,-0.09,-0.891%,"621,330,149",/market-activity/stocks/phr,US_NASDAQ_PHR
IPX,IperionX Limited American Depositary Share,$18.30,-0.45,-2.40%,"621,072,848",/market-activity/stocks/ipx,US_NASDAQ_IPX
VTEX,VTEX Class A Common Shares,$3.59,0.01,0.279%,"621,046,590",/market-activity/stocks/vtex,US_NASDAQ_VTEX
GDYN,"Grid Dynamics Holdings, Inc. Class A Common Stock",$7.64,0.05,0.659%,"619,809,371",/market-activity/stocks/gdyn,US_NASDAQ_GDYN
NXP,Nuveen Select Tax Free Income Portfolio Common Stock,$13.21,0.20,1.537%,"618,216,283",/market-activity/stocks/nxp,US_NASDAQ_NXP
CRMD,CorMedix Inc. Common Stock,$7.93,0.04,0.507%,"618,098,489",/market-activity/stocks/crmd,US_NASDAQ_CRMD
OIO,OIO Group Ordinary Shares,$1.77,0.32,22.069%,"615,999,131",/market-activity/stocks/oio,US_NASDAQ_OIO
RMT,"Royce Micro-Cap Trust, Inc. Common Stock",$13.29,-0.10,-0.747%,"614,916,432",/market-activity/stocks/rmt,US_NASDAQ_RMT
ARRY,"Array Technologies, Inc. Common Stock",$3.99,0.16,4.178%,"614,490,691",/market-activity/stocks/arry,US_NASDAQ_ARRY
SMC,Summit Midstream Corporation Common Stock,$30.22,-0.44,-1.435%,"613,710,329",/market-activity/stocks/smc,US_NASDAQ_SMC
CCB,Coastal Financial Corporation Common Stock,$39.98,2.435,6.486%,"611,147,353",/market-activity/stocks/ccb,US_NASDAQ_CCB
FWDI,"Forward Industries, Inc. Common Stock",$8.01,-0.04,-0.497%,"611,068,602",/market-activity/stocks/fwdi,US_NASDAQ_FWDI
CLMB,"Climb Global Solutions, Inc. Common Stock",$32.74,0.13,0.399%,"610,949,321",/market-activity/stocks/clmb,US_NASDAQ_CLMB
GOOD,Gladstone Commercial Corporation Real Estate Investment Trust,$12.62,0.15,1.203%,"610,902,663",/market-activity/stocks/good,US_NASDAQ_GOOD
MGRE,"Affiliated Managers Group, Inc. 6.750% Junior Subordinated Notes due 2064",$21.48,-0.30,-1.377%,"610,291,113",/market-activity/stocks/mgre,US_NASDAQ_MGRE
VINP,Vinci Compass Investments Ltd. Class A Common Shares,$9.32,0.03,0.323%,"609,733,953",/market-activity/stocks/vinp,US_NASDAQ_VINP
FLGT,"Fulgent Genetics, Inc. Common Stock",$22.08,-0.28,-1.252%,"607,537,669",/market-activity/stocks/flgt,US_NASDAQ_FLGT
MLR,"Miller Industries, Inc. Common Stock",$53.48,-0.55,-1.018%,"607,114,800",/market-activity/stocks/mlr,US_NASDAQ_MLR
MAMA,"Mama's Creations, Inc. Common Stock",$12.87,-0.28,-2.129%,"606,787,926",/market-activity/stocks/mama,US_NASDAQ_MAMA
MATW,Matthews International Corporation Class A Common Stock,$19.43,-0.09,-0.461%,"606,471,951",/market-activity/stocks/matw,US_NASDAQ_MATW
FOF,"Cohen & Steers Closed-End Opportunity Fund, Inc. Common Stock",$12.34,0.12,0.982%,"606,370,670",/market-activity/stocks/fof,US_NASDAQ_FOF
ISOU,IsoEnergy Ltd. Common Shares,$9.28,-0.01,-0.108%,"605,439,812",/market-activity/stocks/isou,US_NASDAQ_ISOU
RILYZ,"BRC Group Holdings, Inc. 5.25% Senior Notes due 2028",$19.84,0.53,2.745%,"605,061,789",/market-activity/stocks/rilyz,US_NASDAQ_RILYZ
SHEN,Shenandoah Telecommunications Co Common Stock,$11.33,-0.02,-0.176%,"604,621,824",/market-activity/stocks/shen,US_NASDAQ_SHEN
ENVX,Enovix Corporation Common Stock,$2.75,0.195,7.632%,"603,483,471",/market-activity/stocks/envx,US_NASDAQ_ENVX
EFSCP,"Enterprise Financial Services Corporation Depositary Shares Each Representing a 1/40th Interest in a Share of 5% Fixed Rate Non-Cumulative Perpetual Preferred Stock, Series A",$16.5699,-0.0301,-0.181%,"599,706,437",/market-activity/stocks/efscp,US_NASDAQ_EFSCP
CTMX,"CytomX Therapeutics, Inc. Common Stock",$2.75,0.06,2.23%,"599,223,031",/market-activity/stocks/ctmx,US_NASDAQ_CTMX
NTGR,"NETGEAR, Inc. Common Stock",$22.04,0.06,0.273%,"599,025,623",/market-activity/stocks/ntgr,US_NASDAQ_NTGR
HTZ,"Hertz Global Holdings, Inc Common Stock",$1.68,-0.01,-0.592%,"598,838,340",/market-activity/stocks/htz,US_NASDAQ_HTZ
GLAS,Glass House Brands Inc. Subordinate Voting Shares,$6.79,-0.06,-0.876%,"597,506,311",/market-activity/stocks/glas,US_NASDAQ_GLAS
VEL,"Velocity Financial, Inc. Common Stock",$15.12,-0.08,-0.526%,"596,959,630",/market-activity/stocks/vel,US_NASDAQ_VEL
PHAT,"Phathom Pharmaceuticals, Inc. Common Stock",$7.36,0.01,0.136%,"595,430,874",/market-activity/stocks/phat,US_NASDAQ_PHAT
BTBT,"Bit Digital, Inc. Ordinary Shares",$1.65,-0.03,-1.786%,"595,045,280",/market-activity/stocks/btbt,US_NASDAQ_BTBT
BME,Blackrock Health Sciences Trust,$44.62,-0.01,-0.022%,"594,919,263",/market-activity/stocks/bme,US_NASDAQ_BME
KIDS,OrthoPediatrics Corp. Common Stock,$22.76,0.18,0.797%,"594,258,775",/market-activity/stocks/kids,US_NASDAQ_KIDS
EGY,"VAALCO Energy, Inc.  Common Stock",$5.64,-0.12,-2.083%,"593,281,628",/market-activity/stocks/egy,US_NASDAQ_EGY
AGNT,"AGNT, Inc. Common Stock",$3.55,0.04,1.14%,"593,268,676",/market-activity/stocks/agnt,US_NASDAQ_AGNT
KRNY,Kearny Financial Corp Common Stock,$9.12,-0.05,-0.545%,"592,155,964",/market-activity/stocks/krny,US_NASDAQ_KRNY
AHG,Akso Health Group ADS,$0.691,-0.04,-5.472%,"591,982,586",/market-activity/stocks/ahg,US_NASDAQ_AHG
WEAV,"Weave Communications, Inc. Common Stock",$7.36,-0.01,-0.136%,"588,793,516",/market-activity/stocks/weav,US_NASDAQ_WEAV
BHFAM,"Brighthouse Financial, Inc. Depositary shares each representing a 1/1,000th Interest in a Share of 4.625% Non-Cumulative Preferred Stock, Series D",$10.23,-0.07,-0.68%,"588,343,289",/market-activity/stocks/bhfam,US_NASDAQ_BHFAM
RMR,The RMR Group Inc. Class A Common Stock,$18.32,-0.19,-1.026%,"587,709,740",/market-activity/stocks/rmr,US_NASDAQ_RMR
OOMA,"Ooma, Inc. Common Stock",$21.29,0.11,0.519%,"587,604,000",/market-activity/stocks/ooma,US_NASDAQ_OOMA
BXC,Bluelinx Holdings Inc. Common Stock,$74.74,-0.16,-0.214%,"587,472,619",/market-activity/stocks/bxc,US_NASDAQ_BXC
AQST,"Aquestive Therapeutics, Inc. Common Stock",$4.67,-0.08,-1.684%,"586,139,396",/market-activity/stocks/aqst,US_NASDAQ_AQST
ENHA,Enhanced Group Inc. Class A Common Stock,$1.48,-0.05,-3.268%,"585,156,572",/market-activity/stocks/enha,US_NASDAQ_ENHA
DDD,3D Systems Corporation Common Stock,$3.52,UNCH,--,"584,837,535",/market-activity/stocks/ddd,US_NASDAQ_DDD
TLRY,"Tilray Brands, Inc. Common Stock ",$3.95,-0.07,-1.741%,"583,739,457",/market-activity/stocks/tlry,US_NASDAQ_TLRY
EVO,Evotec SE American Depositary Shares,$1.64,0.05,3.145%,"583,439,125",/market-activity/stocks/evo,US_NASDAQ_EVO
ELMT,The Elmet Group Co. Common Stock,$19.15,0.51,2.736%,"583,299,387",/market-activity/stocks/elmt,US_NASDAQ_ELMT
VALN,Valneva SE American Depositary Shares,$6.14,-0.33,-5.10%,"582,597,701",/market-activity/stocks/valn,US_NASDAQ_VALN
WHFCL,"WhiteHorse Finance, Inc. 7.875% Notes due 2028",$25.06,0.02,0.08%,"582,471,785",/market-activity/stocks/whfcl,US_NASDAQ_WHFCL
GOTU,Gaotu Techedu Inc. American Depositary Shares,$2.44,-0.01,-0.408%,"581,798,094",/market-activity/stocks/gotu,US_NASDAQ_GOTU
ARQQ,Arqit Quantum Inc. Ordinary Shares,$24.12,-0.52,-2.11%,"581,064,910",/market-activity/stocks/arqq,US_NASDAQ_ARQQ
CBNK,"Capital Bancorp, Inc. Common Stock",$35.65,-0.47,-1.301%,"580,754,756",/market-activity/stocks/cbnk,US_NASDAQ_CBNK
SSII,SS Innovations International Inc. Common Stock,$2.89,UNCH,--,"579,113,907",/market-activity/stocks/ssii,US_NASDAQ_SSII
ALT,"Altimmune, Inc. Common Stock",$2.97,0.01,0.338%,"577,717,572",/market-activity/stocks/alt,US_NASDAQ_ALT
FBIZ,"First Business Financial Services, Inc. Common Stock",$68.95,-0.47,-0.677%,"576,995,664",/market-activity/stocks/fbiz,US_NASDAQ_FBIZ
NCDL,Nuveen Churchill Direct Lending Corp. Common Stock,$11.68,0.04,0.344%,"576,840,919",/market-activity/stocks/ncdl,US_NASDAQ_NCDL
DGICB,"Donegal Group, Inc. Class B Common Stock",$15.53,-1.06,-6.389%,"576,462,449",/market-activity/stocks/dgicb,US_NASDAQ_DGICB
IBEX,IBEX Limited Common Shares,$43.38,-0.95,-2.143%,"576,027,143",/market-activity/stocks/ibex,US_NASDAQ_IBEX
MAX,"MediaAlpha, Inc. Class A Common Stock",$9.38,0.18,1.957%,"574,656,114",/market-activity/stocks/max,US_NASDAQ_MAX
SGMT,Sagimet Biosciences Inc. Series A Common Stock,$9.33,-0.61,-6.137%,"574,645,513",/market-activity/stocks/sgmt,US_NASDAQ_SGMT
HY,"Hyster-Yale, Inc. Class A common stock",$32.00,0.13,0.408%,"573,772,384",/market-activity/stocks/hy,US_NASDAQ_HY
GCBC,"Greene County Bancorp, Inc. Common Stock",$33.66,-0.65,-1.894%,"573,077,825",/market-activity/stocks/gcbc,US_NASDAQ_GCBC
LMB,"Limbach Holdings, Inc. Common Stock",$47.95,-0.61,-1.256%,"571,803,414",/market-activity/stocks/lmb,US_NASDAQ_LMB
JBI,"Janus International Group, Inc. Common Stock",$4.19,-0.12,-2.784%,"571,665,960",/market-activity/stocks/jbi,US_NASDAQ_JBI
SPT,"Sprout Social, Inc Class A Common Stock",$9.41,-0.06,-0.634%,"570,172,715",/market-activity/stocks/spt,US_NASDAQ_SPT
TMS,Teamshares Inc. Common Stock,$7.74,0.01,0.129%,"570,132,394",/market-activity/stocks/tms,US_NASDAQ_TMS
KELYA,"Kelly Services, Inc. Class A Common Stock",$16.38,-0.16,-0.967%,"568,909,226",/market-activity/stocks/kelya,US_NASDAQ_KELYA
PACB,"Pacific Biosciences of California, Inc. Common Stock",$1.83,0.12,7.018%,"568,820,289",/market-activity/stocks/pacb,US_NASDAQ_PACB
DCBO,Docebo Inc. Common Shares,$22.78,-0.06,-0.263%,"568,306,191",/market-activity/stocks/dcbo,US_NASDAQ_DCBO
EBF,"Ennis, Inc. Common Stock",$22.46,0.05,0.223%,"568,199,189",/market-activity/stocks/ebf,US_NASDAQ_EBF
NGNE,Neurogene Inc. Common Stock ,$28.39,-0.09,-0.316%,"568,123,135",/market-activity/stocks/ngne,US_NASDAQ_NGNE
CTGO,Contango Silver & Gold Inc. Common Stock,$16.97,0.02,0.118%,"567,488,526",/market-activity/stocks/ctgo,US_NASDAQ_CTGO
BAK,Braskem SA ADR,$1.42,-0.07,-4.698%,"566,017,562",/market-activity/stocks/bak,US_NASDAQ_BAK
GRNT,"Granite Ridge Resources, Inc. Common Stock",$4.29,-0.02,-0.464%,"565,852,038",/market-activity/stocks/grnt,US_NASDAQ_GRNT
BWB,"Bridgewater Bancshares, Inc. Common Stock",$20.25,-0.38,-1.842%,"564,647,416",/market-activity/stocks/bwb,US_NASDAQ_BWB
SFST,"Southern First Bancshares, Inc. Common Stock",$59.55,-0.38,-0.634%,"564,043,010",/market-activity/stocks/sfst,US_NASDAQ_SFST
BRBI,BRBI BR Partners S.A. ADSs,$11.24,UNCH,--,"563,534,777",/market-activity/stocks/brbi,US_NASDAQ_BRBI
IIIN,"Insteel Industries, Inc. Common Stock",$29.09,-0.20,-0.683%,"563,131,405",/market-activity/stocks/iiin,US_NASDAQ_IIIN
VMO,Invesco Municipal Opportunity Trust Common Stock,$8.34,-0.03,-0.358%,"562,455,313",/market-activity/stocks/vmo,US_NASDAQ_VMO
XMAX,"XMAX, Inc. Common Stock",$8.65,-0.11,-1.256%,"561,174,165",/market-activity/stocks/xmax,US_NASDAQ_XMAX
PRME,"Prime Medicine, Inc. Common Stock",$3.09,0.215,7.478%,"560,454,485",/market-activity/stocks/prme,US_NASDAQ_PRME
CARS,Cars.com Inc. Common Stock ,$10.46,0.04,0.384%,"559,952,188",/market-activity/stocks/cars,US_NASDAQ_CARS
ADTN,"ADTRAN Holdings, Inc. Common Stock",$6.87,0.07,1.029%,"559,777,266",/market-activity/stocks/adtn,US_NASDAQ_ADTN
ALLO,"Allogene Therapeutics, Inc. Common Stock",$1.62,-0.01,-0.613%,"559,695,227",/market-activity/stocks/allo,US_NASDAQ_ALLO
HNST,"The Honest Company, Inc. Common Stock",$5.21,-0.09,-1.698%,"558,951,615",/market-activity/stocks/hnst,US_NASDAQ_HNST
PAR,PAR Technology Corporation Common Stock,$13.51,-0.13,-0.953%,"558,810,185",/market-activity/stocks/par,US_NASDAQ_PAR
LOT,Lotus Technology Inc. American Depositary Shares,$0.87,-0.0001,-0.011%,"558,618,191",/market-activity/stocks/lot,US_NASDAQ_LOT
FBRT,"Franklin BSP Realty Trust, Inc. Common Stock",$6.72,0.01,0.149%,"558,065,196",/market-activity/stocks/fbrt,US_NASDAQ_FBRT
YB,Yuanbao Inc. American Depositary Shares,$12.08,UNCH,--,"556,648,828",/market-activity/stocks/yb,US_NASDAQ_YB
FBIOP,"Fortress Biotech, Inc. 9.375% Series A Cumulative Redeemable Perpetual Preferred Stock",$16.67,0.15,0.908%,"555,961,053",/market-activity/stocks/fbiop,US_NASDAQ_FBIOP
ALOY,REalloys Inc. Common Stock,$8.00,-0.42,-4.988%,"555,351,448",/market-activity/stocks/aloy,US_NASDAQ_ALOY
TITN,Titan Machinery Inc. Common Stock,$23.48,0.01,0.043%,"552,552,422",/market-activity/stocks/titn,US_NASDAQ_TITN
CIVB,"Civista Bancshares, Inc. Common Stock",$26.55,-0.16,-0.599%,"552,087,019",/market-activity/stocks/civb,US_NASDAQ_CIVB
ITIC,Investors Title Company Common Stock,$292.09,2.62,0.905%,"551,464,752",/market-activity/stocks/itic,US_NASDAQ_ITIC
VFSWW,VinFast Auto Ltd. Warrant,$0.2357,UNCH,--,"551,428,638",/market-activity/stocks/vfsww,US_NASDAQ_VFSWW
UNTY,"Unity Bancorp, Inc. Common Stock",$54.84,-1.09,-1.949%,"550,734,978",/market-activity/stocks/unty,US_NASDAQ_UNTY
DCTH,"Delcath Systems, Inc. Common Stock",$15.85,0.04,0.253%,"549,975,901",/market-activity/stocks/dcth,US_NASDAQ_DCTH
NVRI,Enviri Corporation Common Stock,$19.50,0.15,0.775%,"549,707,321",/market-activity/stocks/nvri,US_NASDAQ_NVRI
ENRD,Einride AB American Depositary Shares,$3.74,-0.13,-3.359%,"548,618,016",/market-activity/stocks/enrd,US_NASDAQ_ENRD
CBIO,"Crescent Biopharma, Inc. Common Stock",$14.76,0.23,1.583%,"548,244,554",/market-activity/stocks/cbio,US_NASDAQ_CBIO
MGR,"Affiliated Managers Group, Inc. 5.875% Junior Subordinated Notes due 2059",$19.27,-0.38,-1.934%,"547,500,454",/market-activity/stocks/mgr,US_NASDAQ_MGR
EPRX,Eupraxia Pharmaceuticals Inc. Common Stock,$8.305,0.095,1.157%,"547,354,579",/market-activity/stocks/eprx,US_NASDAQ_EPRX
MSIF,"MSC Income Fund, Inc. Common Stock",$12.06,-0.02,-0.166%,"546,863,462",/market-activity/stocks/msif,US_NASDAQ_MSIF
NRDS,"NerdWallet, Inc. Class A Common Stock",$8.54,0.02,0.235%,"545,903,906",/market-activity/stocks/nrds,US_NASDAQ_NRDS
RYAM,Rayonier Advanced Materials Inc. Common Stock,$8.01,-0.14,-1.718%,"541,830,106",/market-activity/stocks/ryam,US_NASDAQ_RYAM
CMDB,Costamare Bulkers Holdings Limited Common Stock,$22.37,0.33,1.497%,"540,917,159",/market-activity/stocks/cmdb,US_NASDAQ_CMDB
GORO,Goldgroup Mining Inc. Common Shares,$3.20,-0.16,-4.762%,"540,886,224",/market-activity/stocks/goro,US_NASDAQ_GORO
AGCC,Agencia Comercial Spirits Ltd Class A Ordinary Shares,$14.50,0.30,2.113%,"540,654,250",/market-activity/stocks/agcc,US_NASDAQ_AGCC
NRIM,Northrim BanCorp Inc Common Stock,$24.28,-0.24,-0.979%,"540,102,918",/market-activity/stocks/nrim,US_NASDAQ_NRIM
BWAY,BrainsWay Ltd. American Depositary Shares,$13.48,0.23,1.736%,"539,645,190",/market-activity/stocks/bway,US_NASDAQ_BWAY
ITRG,Integra Resources Corp. Common Shares,$2.66,0.07,2.703%,"539,642,366",/market-activity/stocks/itrg,US_NASDAQ_ITRG
YDES,YD Bio Limited Ordinary Shares,$7.61,0.50,7.032%,"539,026,543",/market-activity/stocks/ydes,US_NASDAQ_YDES
BWBBP,"Bridgewater Bancshares, Inc. Depositary Shares, Each Representing a 1/100th Interest in a Share of 5.875% Non-Cumulative Perpetual Preferred Stock, Series A",$19.30,UNCH,--,"538,157,784",/market-activity/stocks/bwbbp,US_NASDAQ_BWBBP
ROMA,Roma Green Finance Limited Class A Ordinary Shares,$9.03,0.51,5.986%,"537,868,076",/market-activity/stocks/roma,US_NASDAQ_ROMA
NVEC,NVE Corporation Common Stock,$111.07,1.26,1.147%,"537,264,028",/market-activity/stocks/nvec,US_NASDAQ_NVEC
MNPR,Monopar Therapeutics Inc. Common Stock,$80.00,-3.72,-4.443%,"536,973,760",/market-activity/stocks/mnpr,US_NASDAQ_MNPR
TMQ,Trilogy Metals Inc. Common Stock,$3.10,-0.06,-1.899%,"535,511,481",/market-activity/stocks/tmq,US_NASDAQ_TMQ
BMM,Blue Moon Metals Inc. Common Shares,$5.10,0.11,2.204%,"534,801,305",/market-activity/stocks/bmm,US_NASDAQ_BMM
METC,"Ramaco Resources, Inc. Class A Common Stock",$8.38,-0.60,-6.682%,"533,665,836",/market-activity/stocks/metc,US_NASDAQ_METC
GMRS,GMR Solutions Inc. Class A Common Stock,$9.84,-0.18,-1.796%,"531,573,636",/market-activity/stocks/gmrs,US_NASDAQ_GMRS
SENS,"Senseonics Holdings, Inc. Common Stock",$10.05,0.21,2.134%,"531,384,233",/market-activity/stocks/sens,US_NASDAQ_SENS
HUYA,"HUYA Inc. American depositary shares, each  representing one Class A ordinary share",$2.32,-0.04,-1.695%,"529,809,336",/market-activity/stocks/huya,US_NASDAQ_HUYA
ETD,Ethan Allen Interiors Inc. Common Stock,$21.01,-0.19,-0.896%,"529,504,588",/market-activity/stocks/etd,US_NASDAQ_ETD
OCS,Oculis Holding AG Ordinary shares,$9.13,0.07,0.773%,"529,397,919",/market-activity/stocks/ocs,US_NASDAQ_OCS
UHT,Universal Health Realty Income Trust Common Stock,$38.01,-0.78,-2.011%,"528,288,979",/market-activity/stocks/uht,US_NASDAQ_UHT
MSBIP,"Midland States Bancorp, Inc. Depositary Shares Each Representing a 1/40th Interest in a Share of 7.750% Fixed-Rate Reset Non-Cumulative Perpetual Preferred Stock, Series A",$25.4432,0.1432,0.566%,"528,000,136",/market-activity/stocks/msbip,US_NASDAQ_MSBIP
EOLS,"Evolus, Inc. Common Stock",$7.99,0.03,0.377%,"527,743,016",/market-activity/stocks/eols,US_NASDAQ_EOLS
CWH,"Camping World Holdings, Inc. Class A Common Stock",$5.10,-0.07,-1.354%,"526,804,072",/market-activity/stocks/cwh,US_NASDAQ_CWH
WTI,"W&T Offshore, Inc. Common Stock",$3.49,-0.09,-2.514%,"526,790,902",/market-activity/stocks/wti,US_NASDAQ_WTI
BSVN,Bank7 Corp. Common stock,$55.28,-0.74,-1.321%,"526,589,320",/market-activity/stocks/bsvn,US_NASDAQ_BSVN
PANL,Pangaea Logistics Solutions Ltd. Common Shares,$8.03,0.02,0.25%,"525,754,389",/market-activity/stocks/panl,US_NASDAQ_PANL
NOAH,Noah Holdings Limited American Depositary Shares,$7.82,-0.14,-1.759%,"524,343,958",/market-activity/stocks/noah,US_NASDAQ_NOAH
HBCP,"Home Bancorp, Inc. Common Stock",$66.49,-0.57,-0.85%,"523,326,168",/market-activity/stocks/hbcp,US_NASDAQ_HBCP
HBB,Hamilton Beach Brands Holding Company Class A Common Stock ,$38.83,1.23,3.271%,"521,965,752",/market-activity/stocks/hbb,US_NASDAQ_HBB
SDHC,Smith Douglas Homes Corp. Class A Common Stock,$10.25,-0.03,-0.292%,"520,990,905",/market-activity/stocks/sdhc,US_NASDAQ_SDHC
BWFG,"Bankwell Financial Group, Inc. Common Stock",$65.33,-0.83,-1.255%,"520,808,931",/market-activity/stocks/bwfg,US_NASDAQ_BWFG
RFI,"Cohen & Steers Total Return Realty Fund, Inc. Common Stock",$10.58,0.10,0.954%,"519,886,684",/market-activity/stocks/rfi,US_NASDAQ_RFI
AGMB,AgomAb Therapeutics NV American Depositary Shares,$10.53,0.32,3.134%,"518,581,177",/market-activity/stocks/agmb,US_NASDAQ_AGMB
OPFI,OppFi Inc. Class A Common Stock,$6.08,-0.04,-0.654%,"518,066,142",/market-activity/stocks/opfi,US_NASDAQ_OPFI
SLDP,"Solid Power, Inc. Class A Common Stock",$2.27,0.01,0.442%,"517,971,351",/market-activity/stocks/sldp,US_NASDAQ_SLDP
GAU,Galiano Gold Inc.,$1.98,0.05,2.591%,"517,951,693",/market-activity/stocks/gau,US_NASDAQ_GAU
MTLS,Materialise NV American Depositary Shares,$8.75,0.17,1.981%,"516,837,878",/market-activity/stocks/mtls,US_NASDAQ_MTLS
LAES,SEALSQ Corp Ordinary Shares,$2.32,0.04,1.754%,"516,835,678",/market-activity/stocks/laes,US_NASDAQ_LAES
WNC,Wabash National Corporation Common Stock,$12.68,0.03,0.237%,"516,547,354",/market-activity/stocks/wnc,US_NASDAQ_WNC
SGHT,"Sight Sciences, Inc. Common Stock",$9.35,0.08,0.863%,"515,072,707",/market-activity/stocks/sght,US_NASDAQ_SGHT
DDL,Dingdong (Cayman) Limited American Depositary Shares (each two representing three Ordinary Shares),$2.18,-0.01,-0.457%,"514,976,353",/market-activity/stocks/ddl,US_NASDAQ_DDL
SWRD,Stewards Inc Common Stock,$2.43,0.05,2.101%,"513,094,410",/market-activity/stocks/swrd,US_NASDAQ_SWRD
AUXX,Gold X2 Mining Inc. Common Shares,$5.07,0.01,0.198%,"513,006,977",/market-activity/stocks/auxx,US_NASDAQ_AUXX
NPB,"Northpointe Bancshares, Inc. Common Stock",$14.83,-0.28,-1.853%,"512,848,717",/market-activity/stocks/npb,US_NASDAQ_NPB
NDMO,Nuveen Dynamic Municipal Opportunities Fund Common Shares of Beneficial Interest,$8.61,-0.05,-0.577%,"511,995,665",/market-activity/stocks/ndmo,US_NASDAQ_NDMO
MEI,"Methode Electronics, Inc. Common Stock",$14.34,0.28,1.991%,"511,150,060",/market-activity/stocks/mei,US_NASDAQ_MEI
TCMD,"Tactile Systems Technology, Inc. Common Stock",$22.53,-0.29,-1.271%,"510,356,004",/market-activity/stocks/tcmd,US_NASDAQ_TCMD
BRSP,"BrightSpire Capital, Inc. Class A Common Stock",$4.03,-0.03,-0.739%,"509,892,445",/market-activity/stocks/brsp,US_NASDAQ_BRSP
NB,NioCorp Developments Ltd. Common Stock,$3.49,0.02,0.576%,"509,015,209",/market-activity/stocks/nb,US_NASDAQ_NB
BSRR,Sierra Bancorp Common Stock,$39.17,-0.60,-1.509%,"507,776,260",/market-activity/stocks/bsrr,US_NASDAQ_BSRR
ORBS,Eightco Holdings Inc. Common Stock,$1.18,0.02,1.724%,"507,137,332",/market-activity/stocks/orbs,US_NASDAQ_ORBS
FWRD,Forward Air Corporation Common Stock,$15.01,-0.26,-1.703%,"507,050,739",/market-activity/stocks/fwrd,US_NASDAQ_FWRD
SLN,Silence Therapeutics Plc American Depository Share,$10.80,-0.40,-3.571%,"505,440,000",/market-activity/stocks/sln,US_NASDAQ_SLN
PBYI,Puma Biotechnology Inc Common Stock,$9.78,-0.04,-0.407%,"504,844,245",/market-activity/stocks/pbyi,US_NASDAQ_PBYI
JKS,JinkoSolar Holding Company Limited American Depositary Shares (each representing 4 Common Shares),$9.60,0.40,4.348%,"502,753,805",/market-activity/stocks/jks,US_NASDAQ_JKS
WRN,Western Copper and Gold Corporation Common Stock,$2.22,-0.02,-0.893%,"502,109,446",/market-activity/stocks/wrn,US_NASDAQ_WRN
KMDA,Kamada Ltd. Ordinary Shares,$8.695,0.075,0.87%,"501,791,102",/market-activity/stocks/kmda,US_NASDAQ_KMDA
MTC,"MMTec, Inc. Common Shares",$5.03,-0.27,-5.094%,"500,926,689",/market-activity/stocks/mtc,US_NASDAQ_MTC
OBT,"Orange County Bancorp, Inc. Common Stock",$37.31,-0.37,-0.982%,"500,251,100",/market-activity/stocks/obt,US_NASDAQ_OBT
DNUT,"Krispy Kreme, Inc. Common Stock",$2.88,-0.01,-0.346%,"499,680,000",/market-activity/stocks/dnut,US_NASDAQ_DNUT
YORW,York Water Company (The) Common Stock,$30.72,0.10,0.327%,"498,542,008",/market-activity/stocks/yorw,US_NASDAQ_YORW
ESEA,Euroseas Ltd. Common Stock (Marshall Islands),$70.62,1.41,2.037%,"498,286,316",/market-activity/stocks/esea,US_NASDAQ_ESEA
CAPR,"Capricor Therapeutics, Inc. Common Stock",$8.57,-0.14,-1.607%,"498,251,136",/market-activity/stocks/capr,US_NASDAQ_CAPR
SBC,SBC Medical Group Holdings Incorporated Common Stock,$4.84,-0.19,-3.777%,"497,779,204",/market-activity/stocks/sbc,US_NASDAQ_SBC
CERS,Cerus Corporation Common Stock,$2.47,0.02,0.816%,"497,766,498",/market-activity/stocks/cers,US_NASDAQ_CERS
NEXN,Nexxen International Ltd. Ordinary Shares,$8.93,0.15,1.708%,"497,586,556",/market-activity/stocks/nexn,US_NASDAQ_NEXN
SD,"SandRidge Energy, Inc. Common Stock",$13.42,-0.18,-1.324%,"497,550,472",/market-activity/stocks/sd,US_NASDAQ_SD
OVID,Ovid Therapeutics Inc. Common Stock,$2.54,0.08,3.252%,"496,056,557",/market-activity/stocks/ovid,US_NASDAQ_OVID
ETO,Eaton Vance Tax-Advantage Global Dividend Opp Common Stock,$30.26,0.11,0.365%,"495,905,056",/market-activity/stocks/eto,US_NASDAQ_ETO
ONT,"Onterris, Inc. Common Stock",$14.11,-0.53,-3.62%,"495,506,853",/market-activity/stocks/ont,US_NASDAQ_ONT
AUTL,Autolus Therapeutics plc American Depositary Share,$1.86,UNCH,--,"495,062,324",/market-activity/stocks/autl,US_NASDAQ_AUTL
AII,"American Integrity Insurance Group, Inc. Common Stock",$25.26,0.28,1.121%,"494,929,966",/market-activity/stocks/aii,US_NASDAQ_AII
PROK,ProKidney Corp. Class A Ordinary Shares,$1.63,0.02,1.242%,"492,785,928",/market-activity/stocks/prok,US_NASDAQ_PROK
NXRT,"NexPoint Residential Trust, Inc. Common Stock",$19.27,-0.57,-2.873%,"492,344,897",/market-activity/stocks/nxrt,US_NASDAQ_NXRT
BDN,Brandywine Realty Trust Common Stock,$2.82,UNCH,--,"492,306,850",/market-activity/stocks/bdn,US_NASDAQ_BDN
CSV,"Carriage Services, Inc. Common Stock",$30.98,-0.40,-1.275%,"492,033,530",/market-activity/stocks/csv,US_NASDAQ_CSV
IIM,Invesco Value Municipal Income Trust Common Stock,$10.45,-0.22,-2.062%,"491,865,188",/market-activity/stocks/iim,US_NASDAQ_IIM
RGNX,REGENXBIO Inc. Common Stock,$7.45,-0.02,-0.268%,"491,798,280",/market-activity/stocks/rgnx,US_NASDAQ_RGNX
DRUG,Bright Minds Biosciences Inc. Common Stock,$49.74,-1.92,-3.717%,"490,638,394",/market-activity/stocks/drug,US_NASDAQ_DRUG
ARVN,"Arvinas, Inc. Common Stock",$7.50,-0.01,-0.133%,"490,396,433",/market-activity/stocks/arvn,US_NASDAQ_ARVN
COFS,"ChoiceOne Financial Services, Inc. Common Stock",$32.78,-0.17,-0.516%,"490,241,946",/market-activity/stocks/cofs,US_NASDAQ_COFS
MASS,908 Devices Inc. Common Stock,$11.85,0.19,1.63%,"489,804,404",/market-activity/stocks/mass,US_NASDAQ_MASS
BBCP,"Concrete Pumping Holdings, Inc. Common Stock",$9.70,-0.20,-2.02%,"488,816,174",/market-activity/stocks/bbcp,US_NASDAQ_BBCP
MCFT,"MasterCraft Boat Holdings, Inc. Common Stock",$20.08,0.21,1.057%,"488,734,570",/market-activity/stocks/mcft,US_NASDAQ_MCFT
PBAM,"Private Bancorp of America, Inc. Common Stock",$85.15,-0.65,-0.758%,"487,891,448",/market-activity/stocks/pbam,US_NASDAQ_PBAM
TKNO,"Alpha Teknova, Inc. Common Stock",$9.08,-0.12,-1.304%,"487,489,274",/market-activity/stocks/tkno,US_NASDAQ_TKNO
WTBA,West Bancorporation Common Stock,$28.58,-0.38,-1.312%,"487,110,175",/market-activity/stocks/wtba,US_NASDAQ_WTBA
TRTX,"TPG RE Finance Trust, Inc. Common Stock",$6.34,0.01,0.158%,"486,715,517",/market-activity/stocks/trtx,US_NASDAQ_TRTX
PDLB,"Ponce Financial Group, Inc. Common Stock",$20.01,-0.20,-0.99%,"483,999,899",/market-activity/stocks/pdlb,US_NASDAQ_PDLB
FPI,Farmland Partners Inc. Common Stock,$11.09,0.35,3.259%,"483,864,707",/market-activity/stocks/fpi,US_NASDAQ_FPI
RWT,"Redwood Trust, Inc. Common Stock",$3.85,0.16,4.336%,"483,607,863",/market-activity/stocks/rwt,US_NASDAQ_RWT
OIS,"Oil States International, Inc. Common Stock",$8.01,-0.30,-3.61%,"483,184,178",/market-activity/stocks/ois,US_NASDAQ_OIS
OLP,"One Liberty Properties, Inc. Common Stock",$22.07,0.01,0.045%,"481,678,280",/market-activity/stocks/olp,US_NASDAQ_OLP
GLRE,"Greenlight Capital Re, Ltd. Class A Ordinary Shares",$14.75,-0.06,-0.405%,"481,459,824",/market-activity/stocks/glre,US_NASDAQ_GLRE
ILPT,Industrial Logistics Properties Trust Common Shares of Beneficial Interest,$7.18,-0.09,-1.238%,"479,235,426",/market-activity/stocks/ilpt,US_NASDAQ_ILPT
NMCO,Nuveen Municipal Credit Opportunities Fund Common Shares,$8.74,-0.07,-0.795%,"478,702,683",/market-activity/stocks/nmco,US_NASDAQ_NMCO
QUAD,"Quad Graphics, Inc Class A Common Stock",$9.30,-0.11,-1.169%,"478,590,109",/market-activity/stocks/quad,US_NASDAQ_QUAD
NPCE,"Neuropace, Inc. Common Stock",$13.94,-0.21,-1.484%,"478,480,380",/market-activity/stocks/npce,US_NASDAQ_NPCE
ASMB,"Assembly Biosciences, Inc. Common Stock",$23.48,-0.13,-0.551%,"478,066,794",/market-activity/stocks/asmb,US_NASDAQ_ASMB
FMAO,"Farmers & Merchants Bancorp, Inc. Common Stock",$34.71,-0.25,-0.715%,"478,066,453",/market-activity/stocks/fmao,US_NASDAQ_FMAO
AMCX,AMC Global Media Inc. Class A Common Stock,$11.54,-0.49,-4.073%,"476,024,665",/market-activity/stocks/amcx,US_NASDAQ_AMCX
KRUS,"Kura Sushi USA, Inc. Class A Common Stock",$39.17,0.35,0.902%,"475,909,076",/market-activity/stocks/krus,US_NASDAQ_KRUS
GFUZ,General Fusion Group Ltd. Common Shares,$7.48,-0.28,-3.608%,"475,344,433",/market-activity/stocks/gfuz,US_NASDAQ_GFUZ
HQL,abrdn Life Sciences Investors Shares of Beneficial Interest,$18.49,-0.41,-2.169%,"474,816,470",/market-activity/stocks/hql,US_NASDAQ_HQL
FTHY,First Trust High Yield Opportunities 2027 Term Fund Common Stock,$12.90,0.05,0.389%,"474,371,558",/market-activity/stocks/fthy,US_NASDAQ_FTHY
MFI,mF International Limited Class A Ordinary Shares,$9.3989,-0.3211,-3.303%,"471,603,765",/market-activity/stocks/mfi,US_NASDAQ_MFI
GRVY,"GRAVITY Co., Ltd. American Depository Shares",$67.73,0.92,1.377%,"470,648,997",/market-activity/stocks/grvy,US_NASDAQ_GRVY
VGM,Invesco Trust for Investment Grade Municipals Common Stock (DE),$8.66,-0.06,-0.688%,"469,648,843",/market-activity/stocks/vgm,US_NASDAQ_VGM
CMCO,Columbus McKinnon Corporation Common Stock,$16.27,-0.10,-0.611%,"469,621,250",/market-activity/stocks/cmco,US_NASDAQ_CMCO
ALTI,"AlTi Global, Inc. Class A Common Stock",$3.01,-0.08,-2.589%,"469,389,730",/market-activity/stocks/alti,US_NASDAQ_ALTI
ENTX,Entera Bio Ltd. Ordinary Shares,$2.69,UNCH,--,"467,851,331",/market-activity/stocks/entx,US_NASDAQ_ENTX
XRN,Chiron Real Estate Inc. Common Stock,$35.31,-0.11,-0.311%,"467,427,777",/market-activity/stocks/xrn,US_NASDAQ_XRN
CIX,CompX International Inc. Common Stock,$37.77,-1.14,-2.93%,"465,955,535",/market-activity/stocks/cix,US_NASDAQ_CIX
NRC,NRC Health Common Stock,$21.05,0.99,4.935%,"465,616,864",/market-activity/stocks/nrc,US_NASDAQ_NRC
OPTU,"Optimum Communications, Inc. Class A common stock",$1.02,0.01,0.99%,"464,696,552",/market-activity/stocks/optu,US_NASDAQ_OPTU
GTN,"Gray Media, Inc. Common Stock",$4.51,-0.08,-1.743%,"464,459,567",/market-activity/stocks/gtn,US_NASDAQ_GTN
JOUT,Johnson Outdoors Inc. Class A Common Stock,$44.24,UNCH,--,"463,620,601",/market-activity/stocks/jout,US_NASDAQ_JOUT
VKQ,Invesco Municipal Trust Common Stock,$8.37,-0.18,-2.105%,"463,158,261",/market-activity/stocks/vkq,US_NASDAQ_VKQ
WEYS,"Weyco Group, Inc. Common Stock",$48.47,1.33,2.821%,"462,936,146",/market-activity/stocks/weys,US_NASDAQ_WEYS
ULH,"Universal Logistics Holdings, Inc. Common Stock",$17.54,0.14,0.805%,"462,491,300",/market-activity/stocks/ulh,US_NASDAQ_ULH
LXFR,Luxfer Holdings PLC Ordinary Shares,$17.27,-0.01,-0.058%,"462,132,092",/market-activity/stocks/lxfr,US_NASDAQ_LXFR
VRRM,Verra Mobility Corporation Class A Common Stock,$3.04,0.05,1.672%,"462,027,724",/market-activity/stocks/vrrm,US_NASDAQ_VRRM
ARKO,ARKO Corp. Common Stock,$4.11,-0.15,-3.521%,"461,083,313",/market-activity/stocks/arko,US_NASDAQ_ARKO
SPCE,"Virgin Galactic Holdings, Inc. Common Stock",$3.04,-0.10,-3.185%,"460,851,545",/market-activity/stocks/spce,US_NASDAQ_SPCE
TATT,TAT Technologies Ltd. Ordinary Shares,$35.42,-0.22,-0.617%,"459,862,713",/market-activity/stocks/tatt,US_NASDAQ_TATT
MBUU,"Malibu Boats, Inc. Class A Common Stock",$23.33,0.20,0.865%,"459,070,849",/market-activity/stocks/mbuu,US_NASDAQ_MBUU
TECX,"Tectonic Therapeutic, Inc. Common Stock",$23.34,-0.17,-0.723%,"456,282,202",/market-activity/stocks/tecx,US_NASDAQ_TECX
IQI,Invesco Quality Municipal Income Trust Common Stock,$8.62,-0.08,-0.92%,"455,858,330",/market-activity/stocks/iqi,US_NASDAQ_IQI
TYG,Tortoise Energy Infrastructure Corporation Common Stock,$38.20,-0.22,-0.573%,"455,645,895",/market-activity/stocks/tyg,US_NASDAQ_TYG
IDR,"Idaho Strategic Resources, Inc. Common Stock",$28.71,-0.05,-0.174%,"454,369,341",/market-activity/stocks/idr,US_NASDAQ_IDR
MRAM,"Everspin Technologies, Inc. Common Stock",$18.63,0.50,2.758%,"453,640,668",/market-activity/stocks/mram,US_NASDAQ_MRAM
CZNC,Citizens & Northern Corp Common Stock,$25.28,-0.28,-1.095%,"453,393,438",/market-activity/stocks/cznc,US_NASDAQ_CZNC
SPIR,"Spire Global, Inc. Class A Common Stock",$11.15,-0.59,-5.026%,"452,939,437",/market-activity/stocks/spir,US_NASDAQ_SPIR
CMCL,Caledonia Mining Corporation Plc Common Shares,$23.42,0.12,0.515%,"452,827,550",/market-activity/stocks/cmcl,US_NASDAQ_CMCL
MGRB,"Affiliated Managers Group, Inc. 4.750% Junior Subordinated Notes due 2060",$15.91,-0.39,-2.393%,"452,035,922",/market-activity/stocks/mgrb,US_NASDAQ_MGRB
ETB,Eaton Vance Tax-Managed Buy-Write Income Fund Eaton Vance Tax-Managed Buy-Write Income Fund Common Shares of Beneficial Interest,$15.38,0.03,0.195%,"451,732,101",/market-activity/stocks/etb,US_NASDAQ_ETB
SRTA,"Strata Critical Medical, Inc. Class A Common Stock",$5.10,-0.13,-2.486%,"451,180,711",/market-activity/stocks/srta,US_NASDAQ_SRTA
PRTA,Prothena Corporation plc Ordinary Shares,$8.78,0.06,0.688%,"450,738,632",/market-activity/stocks/prta,US_NASDAQ_PRTA
AHRT,"AH Realty Trust, Inc. Common Stock",$6.02,0.12,2.034%,"449,049,812",/market-activity/stocks/ahrt,US_NASDAQ_AHRT
GENVR,Gen Digital Inc. Contingent Value Rights,$0.75,0.03,4.167%,"448,940,274",/market-activity/stocks/genvr,US_NASDAQ_GENVR
VHI,"Valhi, Inc. Common Stock",$15.83,0.32,2.063%,"448,324,485",/market-activity/stocks/vhi,US_NASDAQ_VHI
TWI,"Titan International, Inc. (DE) Common Stock",$6.93,-0.07,-1.00%,"447,278,499",/market-activity/stocks/twi,US_NASDAQ_TWI
CWCO,Consolidated Water Co. Ltd. Ordinary Shares,$27.93,0.40,1.453%,"447,239,319",/market-activity/stocks/cwco,US_NASDAQ_CWCO
AGEN,Agenus Inc. Common Stock,$9.89,0.46,4.878%,"446,651,349",/market-activity/stocks/agen,US_NASDAQ_AGEN
CLB,Core Laboratories Inc. Common Stock,$9.71,-0.32,-3.19%,"445,538,903",/market-activity/stocks/clb,US_NASDAQ_CLB
SLI,Standard Lithium Ltd. Common Shares,$1.80,-0.03,-1.639%,"444,211,492",/market-activity/stocks/sli,US_NASDAQ_SLI
PBFS,"Pioneer Bancorp, Inc. Common Stock",$17.85,0.13,0.734%,"443,423,685",/market-activity/stocks/pbfs,US_NASDAQ_PBFS
ASTL,Algoma Steel Group Inc. Common Shares,$4.20,-0.15,-3.448%,"442,632,200",/market-activity/stocks/astl,US_NASDAQ_ASTL
AMSF,"AMERISAFE, Inc. Common Stock",$23.87,0.11,0.463%,"442,455,704",/market-activity/stocks/amsf,US_NASDAQ_AMSF
DMAC,DiaMedica Therapeutics Inc. Common Stock,$8.20,-0.12,-1.442%,"442,190,715",/market-activity/stocks/dmac,US_NASDAQ_DMAC
TRC,Tejon Ranch Co Common Stock,$16.36,-0.05,-0.305%,"442,070,824",/market-activity/stocks/trc,US_NASDAQ_TRC
RBB,RBB Bancorp Common Stock,$26.11,-0.22,-0.836%,"441,675,820",/market-activity/stocks/rbb,US_NASDAQ_RBB
URG,Ur Energy Inc Common Shares (Canada),$1.11,-0.01,-0.893%,"441,628,729",/market-activity/stocks/urg,US_NASDAQ_URG
BMRC,Bank of Marin Bancorp Common Stock,$27.25,-0.22,-0.801%,"441,293,258",/market-activity/stocks/bmrc,US_NASDAQ_BMRC
LOCO,"El Pollo Loco Holdings, Inc. Common Stock",$14.44,0.34,2.411%,"439,451,610",/market-activity/stocks/loco,US_NASDAQ_LOCO
CDRO,"Codere Online Luxembourg, S.A. Ordinary Shares",$9.66,-0.15,-1.529%,"439,239,379",/market-activity/stocks/cdro,US_NASDAQ_CDRO
GLAD,Gladstone Capital Corporation Common Stock,$19.43,0.17,0.883%,"438,983,331",/market-activity/stocks/glad,US_NASDAQ_GLAD
FRBA,First Bank Common Stock,$17.46,-0.22,-1.244%,"438,846,676",/market-activity/stocks/frba,US_NASDAQ_FRBA
ZKH,"ZKH Group Limited American Depositary Shares, each representing thirty-five (35) Class A Ordinary Shares",$2.76,-0.09,-3.158%,"438,617,315",/market-activity/stocks/zkh,US_NASDAQ_ZKH
SPRY,"ARS Pharmaceuticals, Inc. Common Stock",$4.40,0.27,6.538%,"437,568,309",/market-activity/stocks/spry,US_NASDAQ_SPRY
ADUR,Aduro Clean Technologies Inc. Common Stock,$12.25,-0.06,-0.487%,"437,383,163",/market-activity/stocks/adur,US_NASDAQ_ADUR
ACIC,American Coastal Insurance Corporation Common Stock,$9.24,-0.02,-0.216%,"436,791,691",/market-activity/stocks/acic,US_NASDAQ_ACIC
SCTX,Scribe Therapeutics Inc. Common Stock,$23.03,1.26,5.788%,"435,996,590",/market-activity/stocks/sctx,US_NASDAQ_SCTX
IPI,"Intrepid Potash, Inc Common Stock",$32.35,0.01,0.031%,"435,323,404",/market-activity/stocks/ipi,US_NASDAQ_IPI
ASPN,"Aspen Aerogels, Inc. Common Stock",$5.22,0.05,0.967%,"433,201,452",/market-activity/stocks/aspn,US_NASDAQ_ASPN
CBAN,"Colony Bankcorp, Inc. Common Stock",$20.39,-0.19,-0.923%,"432,695,476",/market-activity/stocks/cban,US_NASDAQ_CBAN
CTNM,"Contineum Therapeutics, Inc. Class A Common Stock",$11.50,-1.23,-9.662%,"432,643,018",/market-activity/stocks/ctnm,US_NASDAQ_CTNM
CBK,"Commercial Bancgroup, Inc. Common Stock",$31.56,-0.43,-1.344%,"432,412,081",/market-activity/stocks/cbk,US_NASDAQ_CBK
ASIX,AdvanSix Inc. Common Stock ,$16.01,0.23,1.458%,"432,288,988",/market-activity/stocks/asix,US_NASDAQ_ASIX
VCV,Invesco California Value Municipal Income Trust Common Stock,$9.00,0.07,0.784%,"431,014,725",/market-activity/stocks/vcv,US_NASDAQ_VCV
DGXX,Digi Power X Inc. Subordinate Voting Shares,$4.25,0.03,0.711%,"430,921,759",/market-activity/stocks/dgxx,US_NASDAQ_DGXX
MNRO,"Monro, Inc. Common Stock",$13.76,0.36,2.687%,"430,193,466",/market-activity/stocks/mnro,US_NASDAQ_MNRO
ATNI,"ATN International, Inc. Common Stock",$27.92,-0.65,-2.275%,"430,061,727",/market-activity/stocks/atni,US_NASDAQ_ATNI
AVBC,"Avidia Bancorp, Inc. Common Stock",$21.53,-0.18,-0.829%,"429,960,688",/market-activity/stocks/avbc,US_NASDAQ_AVBC
CAL,"Caleres, Inc. Common Stock",$12.45,-0.08,-0.638%,"429,586,964",/market-activity/stocks/cal,US_NASDAQ_CAL
HVT,"Haverty Furniture Companies, Inc. Common Stock",$27.50,-0.33,-1.186%,"428,824,715",/market-activity/stocks/hvt,US_NASDAQ_HVT
PLBC,Plumas Bancorp,$61.57,-0.77,-1.235%,"428,466,615",/market-activity/stocks/plbc,US_NASDAQ_PLBC
EIKN,"Eikon Therapeutics, Inc. Common Stock",$7.91,UNCH,--,"428,445,387",/market-activity/stocks/eikn,US_NASDAQ_EIKN
KDK,"Kodiak AI, Inc. Common Stock ",$2.13,-0.14,-6.167%,"427,316,702",/market-activity/stocks/kdk,US_NASDAQ_KDK
GNE,Genie Energy Ltd. Class B Common Stock Stock,$16.15,0.15,0.938%,"425,061,911",/market-activity/stocks/gne,US_NASDAQ_GNE
KYTX,"Kyverna Therapeutics, Inc. Common Stock",$6.84,0.02,0.293%,"423,009,157",/market-activity/stocks/kytx,US_NASDAQ_KYTX
CTRN,"Citi Trends, Inc. Common Stock",$50.70,-0.12,-0.236%,"422,809,963",/market-activity/stocks/ctrn,US_NASDAQ_CTRN
ACTG,Acacia Research Corporation (Acacia Tech) Common Stock,$4.33,0.03,0.698%,"422,550,866",/market-activity/stocks/actg,US_NASDAQ_ACTG
XRX,Xerox Holdings Corporation Common Stock,$3.21,-0.05,-1.534%,"421,519,580",/market-activity/stocks/xrx,US_NASDAQ_XRX
IMSR,Terrestrial Energy Inc. Common Stock  ,$3.97,-0.15,-3.641%,"420,562,958",/market-activity/stocks/imsr,US_NASDAQ_IMSR
RILYL,"BRC Group Holdings, Inc. Depositary Shares each representing 1/1000th in a share of 7.375% Series B Cumulative Perpetual Preferred Stock, par value $0.0001",$10.45,-1.0718,-9.302%,"420,087,440",/market-activity/stocks/rilyl,US_NASDAQ_RILYL
SGU,Star Group L.P. Common Stock,$12.78,UNCH,--,"419,327,340",/market-activity/stocks/sgu,US_NASDAQ_SGU
MNTK,"Montauk Renewables, Inc. Common Stock",$2.94,0.14,5.00%,"418,482,949",/market-activity/stocks/mntk,US_NASDAQ_MNTK
EVGO,EVgo Inc. Class A Common Stock,$1.33,-0.01,-0.746%,"418,305,908",/market-activity/stocks/evgo,US_NASDAQ_EVGO
BTQ,BTQ Technologies Corp. Common Stock,$2.84,-0.02,-0.699%,"417,709,123",/market-activity/stocks/btq,US_NASDAQ_BTQ
USDE,StablecoinX Inc. Class A Common Stock,$15.32,-0.24,-1.542%,"416,506,816",/market-activity/stocks/usde,US_NASDAQ_USDE
MEC,"Mayville Engineering Company, Inc. Common Stock",$16.32,-0.53,-3.145%,"416,165,402",/market-activity/stocks/mec,US_NASDAQ_MEC
NATH,"Nathan's Famous, Inc. Common Stock",$101.55,0.07,0.069%,"416,117,475",/market-activity/stocks/nath,US_NASDAQ_NATH
BLW,Blackrock Limited Duration Income Trust,$11.65,0.12,1.041%,"416,036,097",/market-activity/stocks/blw,US_NASDAQ_BLW
MAGN,Magnera Corporation Common Stock,$11.62,-0.29,-2.435%,"415,996,000",/market-activity/stocks/magn,US_NASDAQ_MAGN
FVR,"FrontView REIT, Inc. Common Stock",$17.00,-0.64,-3.628%,"415,751,201",/market-activity/stocks/fvr,US_NASDAQ_FVR
AVIR,"Atea Pharmaceuticals, Inc. Common Stock",$5.18,-0.02,-0.385%,"415,460,341",/market-activity/stocks/avir,US_NASDAQ_AVIR
GUT,Gabelli Utility Trust (The) Common Stock,$5.66,-0.20,-3.413%,"415,438,504",/market-activity/stocks/gut,US_NASDAQ_GUT
CLFD,"Clearfield, Inc. Common Stock",$30.46,-0.20,-0.652%,"413,767,269",/market-activity/stocks/clfd,US_NASDAQ_CLFD
ALLT,Allot Ltd. Ordinary Shares,$8.44,-0.09,-1.055%,"412,910,956",/market-activity/stocks/allt,US_NASDAQ_ALLT
NGS,"Natural Gas Services Group, Inc. Common Stock",$31.98,-0.77,-2.351%,"412,487,154",/market-activity/stocks/ngs,US_NASDAQ_NGS
CHCT,Community Healthcare Trust Incorporated Common Stock,$14.39,0.08,0.559%,"412,328,786",/market-activity/stocks/chct,US_NASDAQ_CHCT
IRD,"Opus Genetics, Inc. Common Stock",$4.955,-0.095,-1.881%,"412,235,303",/market-activity/stocks/ird,US_NASDAQ_IRD
USCB,"USCB Financial Holdings, Inc. Class A Common Stock",$22.29,-0.36,-1.589%,"411,795,936",/market-activity/stocks/uscb,US_NASDAQ_USCB
RLGT,"Radiant Logistics, Inc. Common Stock",$8.78,0.03,0.343%,"411,731,691",/market-activity/stocks/rlgt,US_NASDAQ_RLGT
CYH,"Community Health Systems, Inc. Common Stock",$2.91,0.02,0.692%,"410,337,229",/market-activity/stocks/cyh,US_NASDAQ_CYH
DDT,Dillard's Capital Trust I,$26.25,-0.07,-0.266%,"410,010,589",/market-activity/stocks/ddt,US_NASDAQ_DDT
GLOO,"Gloo Holdings, Inc. Class A Common Stock",$4.47,-0.19,-4.077%,"409,143,753",/market-activity/stocks/gloo,US_NASDAQ_GLOO
LAND,Gladstone Land Corporation Common Stock,$9.48,0.11,1.174%,"408,934,712",/market-activity/stocks/land,US_NASDAQ_LAND
TRX,TRX Gold Corporation Common Stock,$1.24,0.02,1.639%,"406,067,771",/market-activity/stocks/trx,US_NASDAQ_TRX
ECX,ECARX Holdings Inc. Class A Ordinary shares,$1.065,-0.065,-5.752%,"405,828,883",/market-activity/stocks/ecx,US_NASDAQ_ECX
MGRD,"Affiliated Managers Group, Inc. 4.200% Junior Subordinated Notes due 2061",$14.28,-0.2786,-1.914%,"405,724,260",/market-activity/stocks/mgrd,US_NASDAQ_MGRD
MYGN,"Myriad Genetics, Inc. Common Stock",$4.23,-0.01,-0.236%,"404,597,998",/market-activity/stocks/mygn,US_NASDAQ_MYGN
FRPH,"FRP Holdings, Inc. Common Stock",$21.06,-0.03,-0.142%,"404,316,219",/market-activity/stocks/frph,US_NASDAQ_FRPH
ASPI,ASP Isotopes Inc. Common Stock,$2.635,0.035,1.346%,"403,970,216",/market-activity/stocks/aspi,US_NASDAQ_ASPI
VITL,"Vital Farms, Inc. Common Stock",$9.39,-0.28,-2.896%,"403,126,992",/market-activity/stocks/vitl,US_NASDAQ_VITL
ISTR,Investar Holding Corporation Common Stock,$29.17,-0.16,-0.546%,"401,875,848",/market-activity/stocks/istr,US_NASDAQ_ISTR
SERV,Serve Robotics Inc. Common Stock,$4.63,0.20,4.515%,"401,455,757",/market-activity/stocks/serv,US_NASDAQ_SERV
RILYP,"BRC Group Holdings, Inc. Depositary Shares, each representing a 1/1000th fractional interest in a share of Series A Cumulative Perpetual Preferred Stock",$9.96,-0.9211,-8.465%,"400,389,560",/market-activity/stocks/rilyp,US_NASDAQ_RILYP
TTRX,Turn Therapeutics Inc. Common Stock,$13.41,0.37,2.837%,"399,457,616",/market-activity/stocks/ttrx,US_NASDAQ_TTRX
HCMA,HCM III Acquisition Corp. Class A Ordinary Share,$10.29,UNCH,--,"399,380,625",/market-activity/stocks/hcma,US_NASDAQ_HCMA
EVH,"Evolent Health, Inc Class A Common Stock",$3.52,-0.13,-3.562%,"397,968,859",/market-activity/stocks/evh,US_NASDAQ_EVH
RLMD,"Relmada Therapeutics, Inc. Common Stock",$3.73,-0.06,-1.583%,"397,878,526",/market-activity/stocks/rlmd,US_NASDAQ_RLMD
EDIT,"Editas Medicine, Inc. Common Stock",$2.59,0.08,3.187%,"397,772,291",/market-activity/stocks/edit,US_NASDAQ_EDIT
OFIX,Orthofix Medical Inc. Common Stock (DE),$9.75,-0.09,-0.915%,"397,142,928",/market-activity/stocks/ofix,US_NASDAQ_OFIX
SAZ,Saratoga Investment Corp 8.50% Notes due 2028,$25.31,-0.005,-0.02%,"396,560,396",/market-activity/stocks/saz,US_NASDAQ_SAZ
GREEL,Vulcan Infrastructure and Power Inc. 8.50% Senior Notes due 2026,$25.28,-0.0699,-0.276%,"396,223,982",/market-activity/stocks/greel,US_NASDAQ_GREEL
PHOE,Phoenix Asia Holdings Limited Ordinary Shares,$18.34,-0.61,-3.219%,"396,144,000",/market-activity/stocks/phoe,US_NASDAQ_PHOE
RZLT,"Rezolute, Inc. Common Stock (NV)",$4.09,-0.09,-2.153%,"395,594,342",/market-activity/stocks/rzlt,US_NASDAQ_RZLT
TRVG,trivago N.V. American Depositary Shares,$5.59,0.02,0.359%,"394,763,978",/market-activity/stocks/trvg,US_NASDAQ_TRVG
BNED,"Barnes & Noble Education, Inc Common Stock",$11.38,0.20,1.789%,"394,487,472",/market-activity/stocks/bned,US_NASDAQ_BNED
SAJ,Saratoga Investment Corp 8.00% Notes due 2027,$25.175,0.0002,0.001%,"394,445,198",/market-activity/stocks/saj,US_NASDAQ_SAJ
SAY,Saratoga Investment Corp 8.125% Notes due 2027,$25.1699,0.0399,0.159%,"394,365,290",/market-activity/stocks/say,US_NASDAQ_SAY
GALT,Galectin Therapeutics Inc. Common Stock,$3.91,-0.02,-0.509%,"394,322,108",/market-activity/stocks/galt,US_NASDAQ_GALT
FSTR,L.B. Foster Company Common Stock,$37.36,-0.24,-0.638%,"393,018,346",/market-activity/stocks/fstr,US_NASDAQ_FSTR
PKBK,"Parke Bancorp, Inc. Common Stock",$33.37,-0.28,-0.832%,"392,480,254",/market-activity/stocks/pkbk,US_NASDAQ_PKBK
CHMG,Chemung Financial Corp Common Stock,$81.34,-0.39,-0.477%,"392,178,532",/market-activity/stocks/chmg,US_NASDAQ_CHMG
BOC,Boston Omaha Corporation Class A Common Stock,$13.00,-0.23,-1.738%,"391,645,358",/market-activity/stocks/boc,US_NASDAQ_BOC
CGC,Canopy Growth Corporation Common Shares,$0.9251,-0.0003,-0.032%,"391,352,153",/market-activity/stocks/cgc,US_NASDAQ_CGC
VGZ,Vista Gold Corp Common Stock,$2.68,-0.01,-0.372%,"391,203,207",/market-activity/stocks/vgz,US_NASDAQ_VGZ
SI,"Shoulder Innovations, Inc. Common Stock",$18.79,0.84,4.68%,"391,188,202",/market-activity/stocks/si,US_NASDAQ_SI
CINT,CI&T Inc Class A Common Shares,$3.03,0.14,4.844%,"390,535,952",/market-activity/stocks/cint,US_NASDAQ_CINT
ACCO,Acco Brands Corporation Common Stock,$4.23,-0.09,-2.083%,"390,461,013",/market-activity/stocks/acco,US_NASDAQ_ACCO
FCBM,"First Carolina Financial Services, Inc. Common Stock",$12.55,-0.09,-0.712%,"389,914,093",/market-activity/stocks/fcbm,US_NASDAQ_FCBM
PCB,PCB Bancorp Common Stock,$27.73,0.14,0.507%,"389,456,813",/market-activity/stocks/pcb,US_NASDAQ_PCB
ARCT,Arcturus Therapeutics Holdings Inc. Common Stock,$13.70,-0.76,-5.256%,"389,396,045",/market-activity/stocks/arct,US_NASDAQ_ARCT
RMNI,"Rimini Street, Inc. (DE) Common Stock",$4.16,-0.05,-1.188%,"388,360,960",/market-activity/stocks/rmni,US_NASDAQ_RMNI
NUAIW,"New Era Energy & Digital, Inc. Warrants",$3.64,0.04,1.111%,"387,875,994",/market-activity/stocks/nuaiw,US_NASDAQ_NUAIW
TCI,"Transcontinental Realty Investors, Inc. Common Stock",$44.18,1.06,2.458%,"387,633,774",/market-activity/stocks/tci,US_NASDAQ_TCI
IQMXW,IQM Quantum Computers Oyj Warrants to purchase American Depositary Shares,$2.045,0.245,13.611%,"387,519,766",/market-activity/stocks/iqmxw,US_NASDAQ_IQMXW
PRE,Prenetics Global Limited Class A Ordinary Share,$22.84,0.08,0.351%,"386,857,525",/market-activity/stocks/pre,US_NASDAQ_PRE
DRTSW,Alpha Tau Medical Ltd. Warrant,$4.18,0.08,1.951%,"386,558,684",/market-activity/stocks/drtsw,US_NASDAQ_DRTSW
KPLT,"Katapult Holdings, Inc. Common Stock",$4.54,-0.08,-1.732%,"385,214,710",/market-activity/stocks/kplt,US_NASDAQ_KPLT
NMG,Nouveau Monde Graphite Inc. Common Shares,$1.17,-0.08,-6.40%,"385,113,491",/market-activity/stocks/nmg,US_NASDAQ_NMG
CZFS,"Citizens Financial Services, Inc. Common Stock",$80.06,-0.38,-0.472%,"385,076,991",/market-activity/stocks/czfs,US_NASDAQ_CZFS
CCCC,"C4 Therapeutics, Inc. Common Stock",$3.13,0.015,0.482%,"385,068,676",/market-activity/stocks/cccc,US_NASDAQ_CCCC
CARL,"Carlsmed, Inc. Common Stock",$14.09,-0.09,-0.635%,"384,695,649",/market-activity/stocks/carl,US_NASDAQ_CARL
TWIN,"Twin Disc, Incorporated Common Stock",$26.45,-0.01,-0.038%,"384,554,328",/market-activity/stocks/twin,US_NASDAQ_TWIN
GRRR,Gorilla Technology Group Inc. Ordinary shares,$13.85,0.14,1.021%,"384,441,015",/market-activity/stocks/grrr,US_NASDAQ_GRRR
ATLCZ,Atlanticus Holdings Corporation 9.25% Senior Notes due 2029,$25.40,-0.10,-0.392%,"384,186,405",/market-activity/stocks/atlcz,US_NASDAQ_ATLCZ
QNC,Quantum eMotion Corp. Common Shares,$1.75,-0.45,-20.455%,"383,984,423",/market-activity/stocks/qnc,US_NASDAQ_QNC
ZURA,Zura Bio Limited Class A Ordinary Shares,$4.00,-0.10,-2.439%,"383,316,548",/market-activity/stocks/zura,US_NASDAQ_ZURA
MVBF,MVB Financial Corp. Common Stock,$29.50,-0.17,-0.573%,"382,541,457",/market-activity/stocks/mvbf,US_NASDAQ_MVBF
ATLCL,Atlanticus Holdings Corporation 6.125% Senior Notes due 2026,$25.26,0.005,0.02%,"382,068,842",/market-activity/stocks/atlcl,US_NASDAQ_ATLCL
FRST,Primis Financial Corp. Common Stock,$15.37,-0.17,-1.094%,"381,161,737",/market-activity/stocks/frst,US_NASDAQ_FRST
FNLC,"First Bancorp, Inc  (ME) Common Stock",$33.77,-0.53,-1.545%,"381,004,622",/market-activity/stocks/fnlc,US_NASDAQ_FNLC
TACO,Berto Acquisition Corp. Ordinary Shares,$10.45,-0.005,-0.048%,"380,821,324",/market-activity/stocks/taco,US_NASDAQ_TACO
STRZ,Starz Entertainment Corp. Common Shares,$22.18,0.68,3.163%,"379,814,113",/market-activity/stocks/strz,US_NASDAQ_STRZ
INDP,"Indaptus Therapeutics, Inc. Common Stock",$2.85,-0.44,-13.374%,"379,740,623",/market-activity/stocks/indp,US_NASDAQ_INDP
VFF,"Village Farms International, Inc. Common Shares",$3.10,-0.04,-1.274%,"379,087,521",/market-activity/stocks/vff,US_NASDAQ_VFF
SDHY,PGIM Short Duration High Yield Opportunities Fund Common Shares,$15.36,0.13,0.854%,"378,978,140",/market-activity/stocks/sdhy,US_NASDAQ_SDHY
ADV,Advantage Solutions Inc. Class A Common Stock,$29.55,-2.38,-7.454%,"378,896,897",/market-activity/stocks/adv,US_NASDAQ_ADV
OPRT,Oportun Financial Corporation Common Stock,$8.23,-0.05,-0.604%,"378,475,092",/market-activity/stocks/oprt,US_NASDAQ_OPRT
VALU,"Value Line, Inc. Common Stock",$40.34,0.555,1.395%,"378,473,833",/market-activity/stocks/valu,US_NASDAQ_VALU
FENC,Fennec Pharmaceuticals Inc. Common Stock,$10.80,-0.15,-1.37%,"378,367,200",/market-activity/stocks/fenc,US_NASDAQ_FENC
SUJA,"Suja Life, Inc. Class A Common Stock",$9.78,0.84,9.396%,"377,752,617",/market-activity/stocks/suja,US_NASDAQ_SUJA
SOR,"Source Capital, Inc. Cmn Shs of BI",$45.24,-0.01,-0.022%,"377,504,411",/market-activity/stocks/sor,US_NASDAQ_SOR
CPS,Cooper-Standard Holdings Inc. Common Stock,$21.21,-0.56,-2.572%,"376,884,902",/market-activity/stocks/cps,US_NASDAQ_CPS
CCOI,"Cogent Communications Holdings, Inc.",$7.34,-0.09,-1.211%,"375,923,502",/market-activity/stocks/ccoi,US_NASDAQ_CCOI
SRZN,"Surrozen, Inc. Common Stock",$31.98,2.34,7.895%,"375,878,785",/market-activity/stocks/srzn,US_NASDAQ_SRZN
CRMLW,Critical Metals Corp. Warrants,$2.555,-0.225,-8.094%,"375,569,039",/market-activity/stocks/crmlw,US_NASDAQ_CRMLW
AUNA,Auna SA Class A Ordinary Shares,$5.07,0.05,0.996%,"375,245,733",/market-activity/stocks/auna,US_NASDAQ_AUNA
PACK,Ranpak Holdings Corp Class A Common Stock,$4.37,0.02,0.46%,"374,763,723",/market-activity/stocks/pack,US_NASDAQ_PACK
OXM,"Oxford Industries, Inc. Common Stock",$25.01,-0.84,-3.25%,"374,606,633",/market-activity/stocks/oxm,US_NASDAQ_OXM
SLP,"Simulations Plus, Inc. Common Stock",$18.48,UNCH,--,"373,755,006",/market-activity/stocks/slp,US_NASDAQ_SLP
KREF,KKR Real Estate Finance Trust Inc. Common Stock,$6.38,0.12,1.917%,"373,727,308",/market-activity/stocks/kref,US_NASDAQ_KREF
GCO,Genesco Inc. Common Stock,$34.50,-0.39,-1.118%,"373,295,244",/market-activity/stocks/gco,US_NASDAQ_GCO
HTT,"High Templar Tech Limited American depositary shares, each representing one Class A ordinary share",$2.40,0.01,0.418%,"372,680,410",/market-activity/stocks/htt,US_NASDAQ_HTT
MOVE,"Corvex, Inc. Common Stock",$11.81,0.57,5.071%,"372,632,368",/market-activity/stocks/move,US_NASDAQ_MOVE
WDH,Waterdrop Inc. American Depositary Shares (each representing the right to receive 10 Class A Ordinary Shares),$1.03,UNCH,--,"370,081,012",/market-activity/stocks/wdh,US_NASDAQ_WDH
RCEL,"Avita Medical, Inc. Common Stock",$11.96,0.29,2.485%,"369,885,090",/market-activity/stocks/rcel,US_NASDAQ_RCEL
OCGN,"Ocugen, Inc. Common Stock",$1.09,0.06,5.825%,"369,630,337",/market-activity/stocks/ocgn,US_NASDAQ_OCGN
AIOT,"PowerFleet, Inc. Common Stock",$2.75,0.13,4.962%,"369,121,275",/market-activity/stocks/aiot,US_NASDAQ_AIOT
ENTA,"Enanta Pharmaceuticals, Inc. Common Stock",$12.64,0.025,0.198%,"368,145,081",/market-activity/stocks/enta,US_NASDAQ_ENTA
EVN,Eaton Vance Municipal Income Trust Common Stock,$9.28,-0.08,-0.855%,"368,111,273",/market-activity/stocks/evn,US_NASDAQ_EVN
IIIV,"i3 Verticals, Inc. Class A Common Stock",$13.98,-0.43,-2.984%,"367,981,686",/market-activity/stocks/iiiv,US_NASDAQ_IIIV
NKLR,Terra Innovatum Global N.V. Ordinary shares,$3.33,-0.07,-2.059%,"367,968,024",/market-activity/stocks/nklr,US_NASDAQ_NKLR
CTEV,Claritev Corporation Class A Common Stock,$21.64,-0.83,-3.694%,"366,743,099",/market-activity/stocks/ctev,US_NASDAQ_CTEV
OBIO,"Orchestra BioMed Holdings, Inc. Ordinary Shares",$6.08,0.19,3.226%,"365,438,698",/market-activity/stocks/obio,US_NASDAQ_OBIO
BKKT,"Bakkt, Inc. Class A Common Stock",$8.10,0.10,1.25%,"365,062,610",/market-activity/stocks/bkkt,US_NASDAQ_BKKT
RDIB,Reading International Inc Class B Common Stock,$15.92,-0.41,-2.511%,"364,410,822",/market-activity/stocks/rdib,US_NASDAQ_RDIB
FOSL,"Fossil Group, Inc. Common Stock",$6.16,0.14,2.326%,"364,290,400",/market-activity/stocks/fosl,US_NASDAQ_FOSL
JILL,"J. Jill, Inc. Common Stock",$24.48,0.26,1.073%,"363,845,677",/market-activity/stocks/jill,US_NASDAQ_JILL
NWFL,Norwood Financial Corp. Common Stock,$33.34,-0.56,-1.652%,"363,475,147",/market-activity/stocks/nwfl,US_NASDAQ_NWFL
ATLCP,"Atlanticus Holdings Corporation 7.625% Series B Cumulative Perpetual Preferred Stock, no par value per share",$23.92,-0.08,-0.333%,"362,867,309",/market-activity/stocks/atlcp,US_NASDAQ_ATLCP
OTLY,Oatly Group AB American Depositary Shares,$11.37,-0.49,-4.132%,"362,842,373",/market-activity/stocks/otly,US_NASDAQ_OTLY
NECB,"NorthEast Community Bancorp, Inc. Common Stock",$26.34,-0.29,-1.089%,"362,597,994",/market-activity/stocks/necb,US_NASDAQ_NECB
VOGX,Vogenx Inc Common Stock,$24.315,2.315,10.523%,"361,201,440",/market-activity/stocks/vogx,US_NASDAQ_VOGX
REAX,Real REMAX Group Inc. Common Stock,$16.42,0.39,2.433%,"359,926,400",/market-activity/stocks/reax,US_NASDAQ_REAX
MCI,Barings Corporate Investors Common Stock,$17.75,0.02,0.113%,"359,645,512",/market-activity/stocks/mci,US_NASDAQ_MCI
BRCB,"Black Rock Coffee Bar, Inc. Class A Common Stock",$7.18,0.08,1.127%,"359,521,835",/market-activity/stocks/brcb,US_NASDAQ_BRCB
WSBF,"Waterstone Financial, Inc. Common Stock (MD)",$19.98,-0.22,-1.089%,"359,181,019",/market-activity/stocks/wsbf,US_NASDAQ_WSBF
CLPT,"ClearPoint Neuro, Inc. Common Stock",$11.77,-3.54,-23.122%,"359,034,752",/market-activity/stocks/clpt,US_NASDAQ_CLPT
RR,Richtech Robotics Inc. Class B Common Stock,$1.59,0.02,1.274%,"357,912,089",/market-activity/stocks/rr,US_NASDAQ_RR
BCBP,"BCB Bancorp, Inc. (NJ) Common Stock",$8.55,UNCH,--,"356,978,078",/market-activity/stocks/bcbp,US_NASDAQ_BCBP
NWCLW,newcleo plc Warrants,$0.70,-0.05,-6.667%,"356,565,251",/market-activity/stocks/nwclw,US_NASDAQ_NWCLW
DIN,"Dine Brands Global, Inc. Common Stock",$28.14,-0.71,-2.461%,"356,228,481",/market-activity/stocks/din,US_NASDAQ_DIN
SHIP,Seanergy Maritime Holdings Corp. Common Stock,$16.425,0.005,0.03%,"355,900,152",/market-activity/stocks/ship,US_NASDAQ_SHIP
CV,"CapsoVision, Inc. Common Stock",$6.69,-0.23,-3.324%,"355,878,510",/market-activity/stocks/cv,US_NASDAQ_CV
GBLI,"Global Indemnity Group, LLC Class A Common Stock ",$24.29,-0.21,-0.857%,"355,620,514",/market-activity/stocks/gbli,US_NASDAQ_GBLI
SHOE,"Shoe Station Group, Inc. Common Stock",$13.07,-0.14,-1.06%,"355,292,462",/market-activity/stocks/shoe,US_NASDAQ_SHOE
EBS,Emergent BioSolutions Inc. Common Stock,$6.92,0.06,0.875%,"354,811,485",/market-activity/stocks/ebs,US_NASDAQ_EBS
LSAK,"Lesaka Technologies, Inc. Common Stock",$4.13,-0.04,-0.959%,"354,453,508",/market-activity/stocks/lsak,US_NASDAQ_LSAK
KNOP,KNOT Offshore Partners LP Common Units representing Limited Partner Interests,$10.50,0.01,0.095%,"353,433,591",/market-activity/stocks/knop,US_NASDAQ_KNOP
FLXS,"Flexsteel Industries, Inc. Common Stock",$86.36,-1.17,-1.337%,"353,362,753",/market-activity/stocks/flxs,US_NASDAQ_FLXS
CION,CION Investment Corporation Common Stock,$7.16,0.09,1.273%,"352,291,361",/market-activity/stocks/cion,US_NASDAQ_CION
VOXR,Vox Royalty Corp. Common Stock,$5.065,-0.045,-0.881%,"351,993,613",/market-activity/stocks/voxr,US_NASDAQ_VOXR
RNGR,"Ranger Energy Services, Inc. Class A Common Stock",$15.04,-0.22,-1.442%,"351,966,426",/market-activity/stocks/rngr,US_NASDAQ_RNGR
IMXI,"International Money Express, Inc. Common Stock",$11.65,UNCH,--,"351,965,455",/market-activity/stocks/imxi,US_NASDAQ_IMXI
VMD,"Viemed Healthcare, Inc. Common Shares",$9.23,0.12,1.317%,"351,554,344",/market-activity/stocks/vmd,US_NASDAQ_VMD
CCAP,"Crescent Capital BDC, Inc. Common stock",$9.54,0.04,0.421%,"351,510,382",/market-activity/stocks/ccap,US_NASDAQ_CCAP
TJGC,TJGC Group Limited Class A Ordinary Shares,$34.795,6.255,21.917%,"351,430,300",/market-activity/stocks/tjgc,US_NASDAQ_TJGC
OPI,Office Properties Income Trust Common shares of beneficial interest,$15.95,-0.60,-3.625%,"350,159,553",/market-activity/stocks/opi,US_NASDAQ_OPI
LND,Brasilagro Brazilian Agric Real Estate Co Sponsored ADR (Brazil),$3.41,-0.10,-2.849%,"350,150,544",/market-activity/stocks/lnd,US_NASDAQ_LND
CURR,Currenc Group Inc. Ordinary Shares,$3.11,UNCH,--,"349,196,662",/market-activity/stocks/curr,US_NASDAQ_CURR
TSBK,"Timberland Bancorp, Inc. Common Stock",$44.88,-0.14,-0.311%,"348,971,980",/market-activity/stocks/tsbk,US_NASDAQ_TSBK
CYPH,Cypherpunk Technologies Inc. Common Stock,$3.23,-0.08,-2.417%,"348,078,954",/market-activity/stocks/cyph,US_NASDAQ_CYPH
API,"Agora, Inc. American Depositary Shares",$4.15,UNCH,--,"347,666,250",/market-activity/stocks/api,US_NASDAQ_API
VELO,"Velo3D, Inc. Common stock",$10.80,-0.17,-1.55%,"347,210,474",/market-activity/stocks/velo,US_NASDAQ_VELO
LZM,Lifezone Metals Limited Ordinary Shares,$3.86,0.01,0.26%,"347,070,190",/market-activity/stocks/lzm,US_NASDAQ_LZM
CRNC,Cerence Inc. Common Stock,$7.67,-0.13,-1.667%,"346,916,071",/market-activity/stocks/crnc,US_NASDAQ_CRNC
CUB,Lionheart Holdings Class A Ordinary Shares,$10.90,UNCH,--,"346,277,478",/market-activity/stocks/cub,US_NASDAQ_CUB
CLNE,Clean Energy Fuels Corp. Common Stock,$1.57,-0.02,-1.258%,"346,098,674",/market-activity/stocks/clne,US_NASDAQ_CLNE
NL,"NLI Holdings, Inc. Common Stock",$7.07,0.07,1.00%,"345,714,049",/market-activity/stocks/nl,US_NASDAQ_NL
HQWWW,Horizon Quantum Holdings Ltd. Warrant,$6.40,-0.07,-1.082%,"345,421,312",/market-activity/stocks/hqwww,US_NASDAQ_HQWWW
GTE,Gran Tierra Energy Inc. Common Stock,$9.75,0.10,1.036%,"344,959,183",/market-activity/stocks/gte,US_NASDAQ_GTE
FSBW,"FS Bancorp, Inc. Common Stock",$43.83,-0.64,-1.439%,"344,597,947",/market-activity/stocks/fsbw,US_NASDAQ_FSBW
ERII,"Energy Recovery, Inc. Common Stock",$6.75,0.03,0.446%,"344,552,906",/market-activity/stocks/erii,US_NASDAQ_ERII
BRBS,"Blue Ridge Bankshares, Inc. Common Stock",$3.84,0.01,0.261%,"344,405,196",/market-activity/stocks/brbs,US_NASDAQ_BRBS
GMTL,Guardian Metal Resources PLC ADS,$8.66,-0.50,-5.459%,"344,316,421",/market-activity/stocks/gmtl,US_NASDAQ_GMTL
ARTNA,Artesian Resources Corporation Class A Common Stock,$33.30,0.41,1.247%,"343,893,129",/market-activity/stocks/artna,US_NASDAQ_ARTNA
ARTV,"Artiva Biotherapeutics, Inc. Common Stock",$7.03,-0.02,-0.284%,"343,697,551",/market-activity/stocks/artv,US_NASDAQ_ARTV
AVBH,"Avidbank Holdings, Inc. Common stock",$31.23,-0.18,-0.573%,"343,014,080",/market-activity/stocks/avbh,US_NASDAQ_AVBH
TCPC,BlackRock TCP Capital Corp. Common Stock,$4.08,0.10,2.513%,"342,323,322",/market-activity/stocks/tcpc,US_NASDAQ_TCPC
DSX,Diana Shipping inc. common stock,$2.75,-0.05,-1.786%,"342,137,678",/market-activity/stocks/dsx,US_NASDAQ_DSX
TREE,"LendingTree, Inc. Common Stock",$24.35,0.14,0.578%,"341,863,310",/market-activity/stocks/tree,US_NASDAQ_TREE
SOHU,Sohu.com Limited American Depositary Shares,$13.11,0.01,0.076%,"341,764,878",/market-activity/stocks/sohu,US_NASDAQ_SOHU
LEO,"BNY Mellon Strategic Municipals, Inc. Common Stock",$5.47,-0.06,-1.085%,"340,730,971",/market-activity/stocks/leo,US_NASDAQ_LEO
ORN,"Orion Group Holdings, Inc. Common",$8.41,0.06,0.719%,"340,565,389",/market-activity/stocks/orn,US_NASDAQ_ORN
RCKY,"Rocky Brands, Inc. Common Stock",$45.44,0.41,0.911%,"340,432,436",/market-activity/stocks/rcky,US_NASDAQ_RCKY
BNTC,Benitec Biopharma Inc. Common Stock,$9.75,-0.27,-2.695%,"340,106,579",/market-activity/stocks/bntc,US_NASDAQ_BNTC
NPWR,NET Power Inc. Class A Common Stock,$1.51,-0.05,-3.205%,"339,536,427",/market-activity/stocks/npwr,US_NASDAQ_NPWR
BMBL,Bumble Inc. Class A Common Stock,$2.57,0.04,1.581%,"339,158,567",/market-activity/stocks/bmbl,US_NASDAQ_BMBL
LTRX,"Lantronix, Inc. Common Stock",$7.22,UNCH,--,"338,469,268",/market-activity/stocks/ltrx,US_NASDAQ_LTRX
PERI,Perion Network Ltd. Ordinary Shares,$8.60,0.16,1.896%,"338,240,743",/market-activity/stocks/peri,US_NASDAQ_PERI
SFIX,"Stitch Fix, Inc. Class A Common Stock",$2.53,0.06,2.429%,"338,017,328",/market-activity/stocks/sfix,US_NASDAQ_SFIX
VKI,Invesco Advantage Municipal Income Trust II Common Shares of Beneficial Interest (DE),$7.58,-0.05,-0.655%,"336,597,632",/market-activity/stocks/vki,US_NASDAQ_VKI
BCML,BayCom Corp Common Stock,$30.78,-0.09,-0.292%,"336,121,201",/market-activity/stocks/bcml,US_NASDAQ_BCML
REI,"Ring Energy, Inc. Common Stock",$1.29,-0.02,-1.527%,"336,096,093",/market-activity/stocks/rei,US_NASDAQ_REI
CABA,"Cabaletta Bio, Inc. Common Stock",$1.98,-0.02,-1.00%,"335,699,981",/market-activity/stocks/caba,US_NASDAQ_CABA
IA,"Innovative Solutions and Support, Inc. Common Stock",$18.73,-0.17,-0.899%,"335,251,510",/market-activity/stocks/ia,US_NASDAQ_IA
CVEO,Civeo Corporation (Canada) Common Shares,$32.39,0.20,0.621%,"334,810,863",/market-activity/stocks/cveo,US_NASDAQ_CVEO
SNDL,SNDL Inc. Common Shares,$1.36,-0.03,-2.158%,"334,724,346",/market-activity/stocks/sndl,US_NASDAQ_SNDL
RPAY,Repay Holdings Corporation Class A Common Stock,$3.72,-0.03,-0.80%,"334,281,607",/market-activity/stocks/rpay,US_NASDAQ_RPAY
FIP,FTAI Infrastructure Inc. Common Stock ,$2.82,-0.07,-2.422%,"333,272,498",/market-activity/stocks/fip,US_NASDAQ_FIP
NNDM,Nano Dimension Ltd. American Depositary Shares,$1.58,0.02,1.282%,"333,125,637",/market-activity/stocks/nndm,US_NASDAQ_NNDM
LVWR,"LiveWire Group, Inc. Common Stock",$1.62,0.06,3.846%,"332,768,180",/market-activity/stocks/lvwr,US_NASDAQ_LVWR
NOA,North American Construction Group Ltd. Common Shares (no par),$11.95,-0.21,-1.727%,"331,140,021",/market-activity/stocks/noa,US_NASDAQ_NOA
MPTI,"M-tron Industries, Inc. Common Stock",$76.09,0.65,0.862%,"330,723,359",/market-activity/stocks/mpti,US_NASDAQ_MPTI
GASS,"StealthGas, Inc. Common Stock",$8.89,0.02,0.225%,"330,580,749",/market-activity/stocks/gass,US_NASDAQ_GASS
EH,EHang Holdings Limited ADS,$4.35,-0.05,-1.136%,"329,927,325",/market-activity/stocks/eh,US_NASDAQ_EH
GEVO,"Gevo, Inc. Common Stock",$1.33,-0.01,-0.746%,"328,825,348",/market-activity/stocks/gevo,US_NASDAQ_GEVO
OEC,Orion S.A. Common Shares,$5.81,-0.06,-1.022%,"328,396,881",/market-activity/stocks/oec,US_NASDAQ_OEC
BIOA,"BioAge Labs, Inc. Common Stock",$7.14,-0.04,-0.557%,"327,703,930",/market-activity/stocks/bioa,US_NASDAQ_BIOA
PESI,"Perma-Fix Environmental Services, Inc. Common Stock",$15.41,-0.23,-1.471%,"326,974,789",/market-activity/stocks/pesi,US_NASDAQ_PESI
EMBC,Embecta Corp. Common Stock,$5.76,-0.17,-2.867%,"326,359,290",/market-activity/stocks/embc,US_NASDAQ_EMBC
LRMR,"Larimar Therapeutics, Inc. Common Stock",$3.14,-0.03,-0.946%,"326,192,422",/market-activity/stocks/lrmr,US_NASDAQ_LRMR
NEWT,"NewtekOne, Inc. Common Stock",$11.22,0.03,0.268%,"324,086,682",/market-activity/stocks/newt,US_NASDAQ_NEWT
ELA,Envela Corporation Common Stock,$12.46,0.22,1.797%,"323,504,911",/market-activity/stocks/ela,US_NASDAQ_ELA
JMSB,"John Marshall Bancorp, Inc. Common Stock",$22.90,-0.20,-0.866%,"323,167,869",/market-activity/stocks/jmsb,US_NASDAQ_JMSB
SVIA,"Silvia, Inc. Common Stock",$3.83,-0.07,-1.795%,"322,908,985",/market-activity/stocks/svia,US_NASDAQ_SVIA
PPT,Franklin Premier Income Trust Shares of Beneficial Interest,$3.24,UNCH,--,"322,471,572",/market-activity/stocks/ppt,US_NASDAQ_PPT
SMTI,Sanara MedTech Inc. Common Stock,$35.09,-0.01,-0.028%,"322,408,148",/market-activity/stocks/smti,US_NASDAQ_SMTI
CFFI,C&F Financial Corporation Common Stock,$99.15,4.46,4.71%,"322,405,163",/market-activity/stocks/cffi,US_NASDAQ_CFFI
DBI,Designer Brands Inc. Class A Common Stock,$6.30,0.01,0.159%,"322,077,445",/market-activity/stocks/dbi,US_NASDAQ_DBI
HTZWW,"Hertz Global Holdings, Inc Warrant",$0.90,-0.0169,-1.843%,"320,806,254",/market-activity/stocks/htzww,US_NASDAQ_HTZWW
NNBR,"NN, Inc. Common Stock",$3.88,0.16,4.301%,"320,413,752",/market-activity/stocks/nnbr,US_NASDAQ_NNBR
RBBN,Ribbon Communications Inc. Common Stock,$1.79,0.06,3.468%,"320,093,800",/market-activity/stocks/rbbn,US_NASDAQ_RBBN
FDBC,"Fidelity D & D Bancorp, Inc. Common Stock",$55.07,0.23,0.419%,"319,874,536",/market-activity/stocks/fdbc,US_NASDAQ_FDBC
MLP,"Maui Land & Pineapple Company, Inc. Common Stock",$16.10,-0.07,-0.433%,"319,732,396",/market-activity/stocks/mlp,US_NASDAQ_MLP
ZH,"Zhihu Inc. American Depositary Shares, each representing three (3) Class A Ordinary Shares",$3.60,-0.20,-5.263%,"319,625,150",/market-activity/stocks/zh,US_NASDAQ_ZH
OFSSH,OFS Capital Corporation 4.95% Notes due 2028,$23.84,UNCH,--,"319,410,180",/market-activity/stocks/ofssh,US_NASDAQ_OFSSH
LWAY,"Lifeway Foods, Inc. Common Stock",$21.14,-0.22,-1.03%,"319,356,632",/market-activity/stocks/lway,US_NASDAQ_LWAY
FTW,Presidio Production Company Class A Common Stock,$10.19,0.04,0.394%,"319,210,055",/market-activity/stocks/ftw,US_NASDAQ_FTW
CHSCP,CHS Inc. 8%  Cumulative Redeemable Preferred Stock,$25.98,0.06,0.231%,"318,826,638",/market-activity/stocks/chscp,US_NASDAQ_CHSCP
ELVA,Electrovaya Inc. Common Shares,$6.35,0.22,3.589%,"317,492,996",/market-activity/stocks/elva,US_NASDAQ_ELVA
FVCB,"FVCBankcorp, Inc. Common Stock",$17.59,-0.16,-0.901%,"317,221,666",/market-activity/stocks/fvcb,US_NASDAQ_FVCB
PRLD,Prelude Therapeutics Incorporated Common Stock,$3.96,0.05,1.279%,"316,021,801",/market-activity/stocks/prld,US_NASDAQ_PRLD
PNRG,PrimeEnergy Resources Corporation Common Stock,$199.54,-7.24,-3.501%,"315,792,004",/market-activity/stocks/pnrg,US_NASDAQ_PNRG
MKTW,"MarketWise, Inc. Class A Common Stock",$19.97,0.18,0.91%,"315,016,465",/market-activity/stocks/mktw,US_NASDAQ_MKTW
KTF,DWS Municipal Income Trust,$7.97,-0.09,-1.117%,"314,822,476",/market-activity/stocks/ktf,US_NASDAQ_KTF
COSO,"CoastalSouth Bancshares, Inc. Common Stock",$26.33,-0.23,-0.866%,"314,760,563",/market-activity/stocks/coso,US_NASDAQ_COSO
CHSCO,CHS Inc. Class B Cumulative Redeemable Preferred Stock,$25.63,0.02,0.078%,"314,531,437",/market-activity/stocks/chsco,US_NASDAQ_CHSCO
BBOT,"BridgeBio Oncology Therapeutics, Inc. Common Stock  ",$3.92,0.11,2.887%,"314,283,127",/market-activity/stocks/bbot,US_NASDAQ_BBOT
BBW,"Build-A-Bear Workshop, Inc. Common Stock",$25.45,0.09,0.355%,"313,527,076",/market-activity/stocks/bbw,US_NASDAQ_BBW
EGHT,8x8 Inc Common Stock,$2.17,-0.055,-2.472%,"313,425,037",/market-activity/stocks/eght,US_NASDAQ_EGHT
CLW,Clearwater Paper Corporation Common Stock,$19.39,-0.50,-2.514%,"312,717,344",/market-activity/stocks/clw,US_NASDAQ_CLW
ABAT,American Battery Technology Company Common Stock,$2.19,-0.08,-3.524%,"312,245,290",/market-activity/stocks/abat,US_NASDAQ_ABAT
PINE,"Alpine Income Property Trust, Inc. Common Stock",$17.32,0.43,2.546%,"310,641,249",/market-activity/stocks/pine,US_NASDAQ_PINE
HRZN,Horizon Technology Finance Corporation Common Stock,$4.63,0.095,2.095%,"310,366,999",/market-activity/stocks/hrzn,US_NASDAQ_HRZN
CBNA,"Chain Bridge Bancorp, Inc. Class A Common Stock",$47.21,-0.27,-0.569%,"309,783,381",/market-activity/stocks/cbna,US_NASDAQ_CBNA
OPAL,OPAL Fuels Inc. Class A Common Stock,$1.77,-0.03,-1.667%,"309,201,300",/market-activity/stocks/opal,US_NASDAQ_OPAL
FISN,"Deep Fission, Inc. Common Stock",$5.245,-0.175,-3.229%,"308,961,645",/market-activity/stocks/fisn,US_NASDAQ_FISN
PMO,Franklin Municipal Opportunities Trust Shares of Beneficial Interest,$9.07,0.01,0.11%,"308,212,813",/market-activity/stocks/pmo,US_NASDAQ_PMO
CHSCL,"CHS Inc Class B Cumulative Redeemable Preferred Stock, Series 4",$25.10,0.06,0.24%,"308,027,275",/market-activity/stocks/chscl,US_NASDAQ_CHSCL
BDSX,"Biodesix, Inc. Common Stock",$29.14,-1.28,-4.208%,"307,459,579",/market-activity/stocks/bdsx,US_NASDAQ_BDSX
FVRR,"Fiverr International Ltd. Ordinary Shares, no par value",$8.55,-0.01,-0.117%,"307,378,724",/market-activity/stocks/fvrr,US_NASDAQ_FVRR
PPHC,"Public Policy Holding Company, Inc. Common Stock",$10.27,-0.96,-8.549%,"307,024,618",/market-activity/stocks/pphc,US_NASDAQ_PPHC
PSFE,Paysafe Limited Common Shares,$5.87,-0.15,-2.492%,"306,504,821",/market-activity/stocks/psfe,US_NASDAQ_PSFE
SUPX,SuperX AI Technology Limited Ordinary Shares,$7.06,0.06,0.857%,"305,108,737",/market-activity/stocks/supx,US_NASDAQ_SUPX
SWKHL,SWK Holdings Corporation 9.00% Senior Notes due 2027,$25.05,0.04,0.16%,"304,292,145",/market-activity/stocks/swkhl,US_NASDAQ_SWKHL
VNDA,Vanda Pharmaceuticals Inc. Common Stock,$5.03,-0.14,-2.708%,"304,127,316",/market-activity/stocks/vnda,US_NASDAQ_VNDA
NODK,"NI Holdings, Inc. Common Stock",$14.90,-0.01,-0.067%,"304,030,373",/market-activity/stocks/nodk,US_NASDAQ_NODK
EFT,Eaton Vance Floating Rate Income Trust Common Shares of Beneficial Interest,$10.44,0.03,0.288%,"303,703,933",/market-activity/stocks/eft,US_NASDAQ_EFT
FCCO,First Community Corporation Common Stock,$32.29,-0.28,-0.86%,"303,517,314",/market-activity/stocks/fcco,US_NASDAQ_FCCO
CDZI,"CADIZ, Inc. Common Stock",$3.58,UNCH,--,"303,143,929",/market-activity/stocks/cdzi,US_NASDAQ_CDZI
LEGO,Legato Merger Corp. IV Ordinary Shares,$10.00,UNCH,--,"303,070,360",/market-activity/stocks/lego,US_NASDAQ_LEGO
EVMN,"Evommune, Inc. Common Stock",$8.35,-0.04,-0.477%,"303,039,144",/market-activity/stocks/evmn,US_NASDAQ_EVMN
LE,"Lands' End, Inc. Common Stock",$10.23,-0.19,-1.823%,"302,236,695",/market-activity/stocks/le,US_NASDAQ_LE
GOGO,Gogo Inc. Common Stock,$2.23,0.01,0.45%,"302,182,532",/market-activity/stocks/gogo,US_NASDAQ_GOGO
TLS,Telos Corporation Common Stock,$4.04,-0.02,-0.493%,"301,936,628",/market-activity/stocks/tls,US_NASDAQ_TLS
ELLO,Ellomay Capital Ltd Ordinary Shares (Israel),$21.90,1.1852,5.722%,"301,852,737",/market-activity/stocks/ello,US_NASDAQ_ELLO
TMCI,"Treace Medical Concepts, Inc. Common Stock",$4.62,0.14,3.125%,"300,459,630",/market-activity/stocks/tmci,US_NASDAQ_TMCI
CHSCN,CHS Inc Preferred Class B Series 2 Reset Rate,$24.48,0.2299,0.948%,"300,418,633",/market-activity/stocks/chscn,US_NASDAQ_CHSCN
MOBI,"Mobia Medical, Inc. Common Stock",$9.02,0.19,2.152%,"300,285,686",/market-activity/stocks/mobi,US_NASDAQ_MOBI
AFRI,Forafric Global PLC Ordinary Shares,$11.13,-0.02,-0.179%,"300,107,261",/market-activity/stocks/afri,US_NASDAQ_AFRI
NREF,"NexPoint Real Estate Finance, Inc. Common Stock",$15.91,0.45,2.911%,"299,872,141",/market-activity/stocks/nref,US_NASDAQ_NREF
AIV,Apartment Investment and Management Company Common Stock,$2.06,-0.08,-3.738%,"299,188,010",/market-activity/stocks/aiv,US_NASDAQ_AIV
CATX,"Perspective Therapeutics, Inc. Common Stock",$2.62,0.12,4.80%,"299,077,357",/market-activity/stocks/catx,US_NASDAQ_CATX
SEG,Seaport Entertainment Group Inc. Common Stock,$23.33,0.24,1.039%,"298,846,475",/market-activity/stocks/seg,US_NASDAQ_SEG
IPSC,"Century Therapeutics, Inc. Common Stock",$1.65,-0.02,-1.198%,"298,774,280",/market-activity/stocks/ipsc,US_NASDAQ_IPSC
OPTX,"Syntec Optics Holdings, Inc. Class A Common Stock",$7.41,0.32,4.513%,"298,473,896",/market-activity/stocks/optx,US_NASDAQ_OPTX
PHOS,First Phosphate Corp. American Depositary Shares,$15.78,-0.37,-2.291%,"298,470,068",/market-activity/stocks/phos,US_NASDAQ_PHOS
FNKO,"Funko, Inc. Class A Common Stock",$5.33,-0.13,-2.381%,"298,457,433",/market-activity/stocks/fnko,US_NASDAQ_FNKO
ZJYL,JIN MEDICAL INTERNATIONAL LTD. Class A Ordinary Shares,$1.88,-0.07,-3.59%,"297,405,722",/market-activity/stocks/zjyl,US_NASDAQ_ZJYL
FINS,Angel Oak Financial Strategies Income Term Trust Common Shares of Beneficial Interest,$11.86,UNCH,--,"297,242,887",/market-activity/stocks/fins,US_NASDAQ_FINS
AIRJ,AirJoule Technologies Corporation Class A Common Stock,$3.95,-0.09,-2.228%,"297,067,247",/market-activity/stocks/airj,US_NASDAQ_AIRJ
HLLY,Holley Inc. Common Stock,$2.45,0.03,1.24%,"297,023,650",/market-activity/stocks/hlly,US_NASDAQ_HLLY
BPRN,"Princeton Bancorp, Inc. Common Stock (PA)",$43.53,0.06,0.138%,"296,578,640",/market-activity/stocks/bprn,US_NASDAQ_BPRN
SILC,Silicom Ltd Ordinary Shares,$51.37,0.28,0.548%,"295,254,777",/market-activity/stocks/silc,US_NASDAQ_SILC
ABEO,Abeona Therapeutics Inc. Common Stock,$5.16,-0.13,-2.457%,"295,069,528",/market-activity/stocks/abeo,US_NASDAQ_ABEO
EYPT,"EyePoint, Inc. Common Stock",$3.42,0.11,3.323%,"294,845,512",/market-activity/stocks/eypt,US_NASDAQ_EYPT
MYFW,"First Western Financial, Inc. Common Stock",$30.16,-0.36,-1.18%,"294,516,291",/market-activity/stocks/myfw,US_NASDAQ_MYFW
CUVL,Clinuvel Pharmaceuticals Limited American Depositary Shares,$5.87,0.12,2.087%,"293,856,309",/market-activity/stocks/cuvl,US_NASDAQ_CUVL
SABS,"SAB Biotherapeutics, Inc. Common Stock",$3.22,0.005,0.156%,"292,976,105",/market-activity/stocks/sabs,US_NASDAQ_SABS
RCMT,"RCM Technologies, Inc. Common Stock",$41.20,0.53,1.303%,"292,963,271",/market-activity/stocks/rcmt,US_NASDAQ_RCMT
CHSCM,"CHS Inc Class B Reset Rate Cumulative Redeemable Preferred Stock, Series 3",$23.77,0.22,0.934%,"291,705,511",/market-activity/stocks/chscm,US_NASDAQ_CHSCM
ASYS,"Amtech Systems, Inc. Common Stock",$16.61,0.76,4.795%,"290,809,558",/market-activity/stocks/asys,US_NASDAQ_ASYS
IHRT,"iHeartMedia, Inc. Class A Common Stock",$2.175,-0.045,-2.027%,"290,795,601",/market-activity/stocks/ihrt,US_NASDAQ_IHRT
BGIN,Bgin Blockchain Limited Class A Ordinary Shares,$2.57,0.6632,34.781%,"290,759,368",/market-activity/stocks/bgin,US_NASDAQ_BGIN
OCCIN,"OFS Credit Company, Inc. 5.25% Series E Term Preferred Stock Due 2026",$24.99,0.04,0.16%,"290,296,585",/market-activity/stocks/occin,US_NASDAQ_OCCIN
ISBA,Isabella Bank Corporation Common stock,$38.03,0.15,0.396%,"290,126,040",/market-activity/stocks/isba,US_NASDAQ_ISBA
JAKK,"JAKKS Pacific, Inc. Common Stock",$25.33,0.08,0.317%,"289,902,154",/market-activity/stocks/jakk,US_NASDAQ_JAKK
SLNH,"Soluna Holdings, Inc. Common Stock",$1.17,-0.01,-0.847%,"288,641,395",/market-activity/stocks/slnh,US_NASDAQ_SLNH
TDUP,ThredUp Inc. Class A Common Stock,$2.19,-0.01,-0.455%,"287,620,694",/market-activity/stocks/tdup,US_NASDAQ_TDUP
XFOR,"X4 Pharmaceuticals, Inc. Common Stock",$2.90,-0.115,-3.814%,"287,525,555",/market-activity/stocks/xfor,US_NASDAQ_XFOR
FUND,"Sprott Focus Trust, Inc. Common Stock",$9.69,0.01,0.103%,"287,149,167",/market-activity/stocks/fund,US_NASDAQ_FUND
PMTS,CPI Card Group Inc. Common Stock,$24.77,-0.02,-0.081%,"287,133,394",/market-activity/stocks/pmts,US_NASDAQ_PMTS
SVCO,"Silvaco Group, Inc. Common Stock",$8.45,0.30,3.681%,"286,334,655",/market-activity/stocks/svco,US_NASDAQ_SVCO
MGPI,"MGP Ingredients, Inc.",$13.34,0.56,4.382%,"285,663,774",/market-activity/stocks/mgpi,US_NASDAQ_MGPI
ALCO,"Alico, Inc. Common Stock",$38.50,-0.65,-1.66%,"285,614,599",/market-activity/stocks/alco,US_NASDAQ_ALCO
NXH,"Neighborhood Intelligence, Inc. Common Stock",$2.99,-0.10,-3.236%,"285,538,072",/market-activity/stocks/nxh,US_NASDAQ_NXH
OVLY,Oak Valley Bancorp (CA) Common Stock,$33.90,-0.38,-1.109%,"285,190,801",/market-activity/stocks/ovly,US_NASDAQ_OVLY
FATE,"Fate Therapeutics, Inc. Common Stock",$2.38,UNCH,--,"285,172,823",/market-activity/stocks/fate,US_NASDAQ_FATE
RCKT,"Rocket Pharmaceuticals, Inc. Common Stock",$2.59,-0.02,-0.766%,"284,316,206",/market-activity/stocks/rckt,US_NASDAQ_RCKT
UPB,"Upstream Bio, Inc. Common Stock",$5.19,-0.11,-2.075%,"284,261,703",/market-activity/stocks/upb,US_NASDAQ_UPB
FGBIP,"First Guaranty Bancshares, Inc. 6.75% Series A Fixed-Rate Non-Cumulative Perpetual Preferred Stock",$17.1849,-0.1651,-0.952%,"284,222,676",/market-activity/stocks/fgbip,US_NASDAQ_FGBIP
CHAD,DeFi Development Corp. Variable Rate Series C Perpetual Preferred Stock,$8.70,-0.05,-0.571%,"283,800,873",/market-activity/stocks/chad,US_NASDAQ_CHAD
TBI,"TrueBlue, Inc. Common Stock",$9.32,-0.31,-3.219%,"283,741,286",/market-activity/stocks/tbi,US_NASDAQ_TBI
QTTB,Q32 Bio Inc. Common Stock,$9.53,0.30,3.25%,"283,703,011",/market-activity/stocks/qttb,US_NASDAQ_QTTB
FNRN,First Northern Community Bancorp Common stock,$17.30,0.06,0.348%,"283,638,742",/market-activity/stocks/fnrn,US_NASDAQ_FNRN
SOUNW,"SoundHound AI, Inc. Warrant",$0.5895,0.0195,3.421%,"283,552,261",/market-activity/stocks/sounw,US_NASDAQ_SOUNW
XYF,"X Financial American Depositary Shares, each representing six Class A Ordinary Shares",$5.17,0.04,0.78%,"283,227,283",/market-activity/stocks/xyf,US_NASDAQ_XYF
DUOT,"Duos Technologies Group, Inc. Common Stock",$8.97,-0.02,-0.222%,"282,308,316",/market-activity/stocks/duot,US_NASDAQ_DUOT
FULC,"Fulcrum Therapeutics, Inc. Common Stock",$3.70,-0.02,-0.538%,"282,299,851",/market-activity/stocks/fulc,US_NASDAQ_FULC
RM,Regional Management Corp. Common Stock,$30.57,0.14,0.46%,"282,032,523",/market-activity/stocks/rm,US_NASDAQ_RM
BKTI,BK Technologies Corporation Common Stock,$74.79,-0.03,-0.04%,"281,912,603",/market-activity/stocks/bkti,US_NASDAQ_BKTI
IKT,"Inhibikase Therapeutics, Inc. Common Stock",$2.02,-0.03,-1.463%,"281,862,518",/market-activity/stocks/ikt,US_NASDAQ_IKT
RWAY,Runway Growth Finance Corp. Common Stock,$6.72,0.03,0.448%,"281,634,555",/market-activity/stocks/rway,US_NASDAQ_RWAY
ALTO,"Alto Ingredients, Inc. Common Stock",$3.63,-0.04,-1.09%,"281,570,257",/market-activity/stocks/alto,US_NASDAQ_ALTO
FRAF,Franklin Financial Services Corporation Common Stock,$62.47,-0.28,-0.446%,"281,088,888",/market-activity/stocks/fraf,US_NASDAQ_FRAF
NC,"NACCO Industries, Inc. Common Stock",$37.19,-0.59,-1.562%,"280,661,587",/market-activity/stocks/nc,US_NASDAQ_NC
LXEO,"Lexeo Therapeutics, Inc. Common Stock",$3.42,0.28,8.917%,"280,598,192",/market-activity/stocks/lxeo,US_NASDAQ_LXEO
NXDT,NexPoint Diversified Real Estate Trust Common Stock,$5.28,0.05,0.956%,"280,399,823",/market-activity/stocks/nxdt,US_NASDAQ_NXDT
ATLO,Ames National Corporation Common Stock,$31.65,-0.14,-0.44%,"280,331,013",/market-activity/stocks/atlo,US_NASDAQ_ATLO
FUNC,First United Corporation Common Stock,$43.42,-0.42,-0.958%,"280,225,559",/market-activity/stocks/func,US_NASDAQ_FUNC
LAB,Standard BioTools Inc. Common Stock,$0.7133,-0.014,-1.925%,"280,026,464",/market-activity/stocks/lab,US_NASDAQ_LAB
FRD,Friedman Industries Inc. Common Stock,$38.74,-0.68,-1.725%,"279,423,523",/market-activity/stocks/frd,US_NASDAQ_FRD
ZIP,"ZipRecruiter, Inc. Class A Common Stock",$3.39,-0.09,-2.586%,"278,746,693",/market-activity/stocks/zip,US_NASDAQ_ZIP
RFMZ,"RiverNorth Flexible Municipal Income Fund II, Inc. Common Stock",$11.44,UNCH,--,"278,584,089",/market-activity/stocks/rfmz,US_NASDAQ_RFMZ
AMRN,Amarin Corporation plc,$13.14,-0.11,-0.83%,"277,554,039",/market-activity/stocks/amrn,US_NASDAQ_AMRN
GBAB,Guggenheim Taxable Municipal Bond & Investment Grade Debt Trust Common Shares of Beneficial Interest,$12.39,-0.15,-1.196%,"277,497,653",/market-activity/stocks/gbab,US_NASDAQ_GBAB
NEGG,"Newegg Commerce, Inc. Common Shares",$13.23,0.19,1.457%,"277,478,386",/market-activity/stocks/negg,US_NASDAQ_NEGG
WNEB,"Western New England Bancorp, Inc. Common Stock",$13.83,-0.14,-1.002%,"277,234,410",/market-activity/stocks/wneb,US_NASDAQ_WNEB
TSSI,"TSS, Inc. Common Stock",$9.82,0.10,1.029%,"277,111,267",/market-activity/stocks/tssi,US_NASDAQ_TSSI
MFIN,Medallion Financial Corp. Common Stock,$12.04,-0.01,-0.083%,"276,441,398",/market-activity/stocks/mfin,US_NASDAQ_MFIN
QNBC,QNB Corp. Common Stock,$45.69,0.05,0.11%,"276,360,031",/market-activity/stocks/qnbc,US_NASDAQ_QNBC
PRHIZ,"Presurance Holdings, Inc. 9.75% Senior Unsecured Notes due 2028",$22.54,-1.7049,-7.032%,"275,503,738",/market-activity/stocks/prhiz,US_NASDAQ_PRHIZ
REFI,"Chicago Atlantic Real Estate Finance, Inc. Common Stock",$10.70,0.04,0.375%,"274,146,262",/market-activity/stocks/refi,US_NASDAQ_REFI
SAR,Saratoga Investment Corp New,$17.03,0.23,1.369%,"273,857,999",/market-activity/stocks/sar,US_NASDAQ_SAR
SHMD,SCHMID Group N.V. Class A Ordinary Shares,$4.49,0.115,2.629%,"273,705,474",/market-activity/stocks/shmd,US_NASDAQ_SHMD
IFRX,InflaRx N.V. Common Stock,$1.85,0.03,1.648%,"272,631,209",/market-activity/stocks/ifrx,US_NASDAQ_IFRX
CNCK,Coincheck Group N.V. Ordinary Shares,$1.42,-0.10,-6.579%,"272,353,122",/market-activity/stocks/cnck,US_NASDAQ_CNCK
SY,So-Young International Inc. American Depository Shares,$2.71,0.02,0.743%,"271,818,883",/market-activity/stocks/sy,US_NASDAQ_SY
USNA,"USANA Health Sciences, Inc. Common Stock",$14.70,-0.12,-0.81%,"271,605,050",/market-activity/stocks/usna,US_NASDAQ_USNA
HQI,"HireQuest, Inc. Common Stock (DE)",$19.49,-0.24,-1.216%,"270,911,000",/market-activity/stocks/hqi,US_NASDAQ_HQI
GBFH,GBank Financial Holdings Inc. Common Stock,$18.65,-0.46,-2.407%,"270,731,923",/market-activity/stocks/gbfh,US_NASDAQ_GBFH
UXIN,Uxin Limited ADS,$1.23,-0.12,-8.889%,"270,575,721",/market-activity/stocks/uxin,US_NASDAQ_UXIN
TTGT,"TechTarget, Inc. Common Stock",$3.74,-0.04,-1.058%,"270,524,148",/market-activity/stocks/ttgt,US_NASDAQ_TTGT
FXNC,First National Corporation Common Stock,$29.91,-0.07,-0.233%,"270,465,033",/market-activity/stocks/fxnc,US_NASDAQ_FXNC
GLSI,"Greenwich LifeSciences, Inc. Common Stock",$18.38,-0.21,-1.13%,"269,785,463",/market-activity/stocks/glsi,US_NASDAQ_GLSI
XPER,Xperi Inc. Common Stock ,$5.53,0.05,0.912%,"269,708,176",/market-activity/stocks/xper,US_NASDAQ_XPER
PTLO,Portillo's Inc. Class A Common Stock,$3.55,0.03,0.852%,"269,598,445",/market-activity/stocks/ptlo,US_NASDAQ_PTLO
METCB,"Ramaco Resources, Inc. Class B Common Stock",$4.23,-0.11,-2.535%,"269,380,249",/market-activity/stocks/metcb,US_NASDAQ_METCB
NKSH,"National Bankshares, Inc. Common Stock",$42.25,-0.31,-0.728%,"269,158,695",/market-activity/stocks/nksh,US_NASDAQ_NKSH
ARL,"American Realty Investors, Inc. Common Stock",$16.63,0.69,4.329%,"268,608,475",/market-activity/stocks/arl,US_NASDAQ_ARL
MTRX,Matrix Service Company Common Stock,$9.47,-0.16,-1.661%,"267,924,492",/market-activity/stocks/mtrx,US_NASDAQ_MTRX
IMRX,Immuneering Corporation Class A Common Stock,$4.13,-0.03,-0.721%,"267,200,270",/market-activity/stocks/imrx,US_NASDAQ_IMRX
PMM,Franklin Managed Municipal Income Trust Shares of Beneficial Interest,$5.48,-0.03,-0.544%,"267,088,673",/market-activity/stocks/pmm,US_NASDAQ_PMM
OIA,Invesco Municipal Income Opportunities Trust Common Stock,$5.61,0.23,4.275%,"267,067,354",/market-activity/stocks/oia,US_NASDAQ_OIA
STRO,"Sutro Biopharma, Inc. Common Stock",$16.10,0.07,0.437%,"266,956,853",/market-activity/stocks/stro,US_NASDAQ_STRO
ANIK,Anika Therapeutics Inc. Common Stock,$19.945,-0.735,-3.554%,"266,923,257",/market-activity/stocks/anik,US_NASDAQ_ANIK
MIN,Aberdeen Intermediate Income Fund Common Shares of Beneficial Interest,$2.32,UNCH,--,"266,562,829",/market-activity/stocks/min,US_NASDAQ_MIN
FBLA,"FB Bancorp, Inc. Common Stock",$16.71,0.26,1.581%,"266,494,054",/market-activity/stocks/fbla,US_NASDAQ_FBLA
ESCA,"Escalade, Incorporated Common Stock",$19.34,-0.03,-0.155%,"266,235,871",/market-activity/stocks/esca,US_NASDAQ_ESCA
KWY,Kingsway Corporation Common Stock,$9.19,-0.01,-0.109%,"265,875,890",/market-activity/stocks/kwy,US_NASDAQ_KWY
POWW,Outdoor Holding Company Common Stock,$2.29,0.02,0.881%,"265,779,532",/market-activity/stocks/poww,US_NASDAQ_POWW
LCNB,LCNB Corporation Common Stock,$18.62,-0.20,-1.063%,"265,427,877",/market-activity/stocks/lcnb,US_NASDAQ_LCNB
STRT,STRATTEC SECURITY CORPORATION Common Stock,$66.55,-0.04,-0.06%,"265,202,615",/market-activity/stocks/strt,US_NASDAQ_STRT
CAN,Canaan Inc. American Depositary Shares,$0.3725,-0.0012,-0.321%,"264,985,010",/market-activity/stocks/can,US_NASDAQ_CAN
DSC,DSC Holdings Ltd. American Depositary Shares,$5.29,-0.41,-7.193%,"264,883,483",/market-activity/stocks/dsc,US_NASDAQ_DSC
LAW,"CS Disco, Inc. Common Stock",$4.08,-0.08,-1.923%,"264,872,641",/market-activity/stocks/law,US_NASDAQ_LAW
PCYO,Pure Cycle Corporation Common Stock,$10.99,0.06,0.549%,"264,830,096",/market-activity/stocks/pcyo,US_NASDAQ_PCYO
ACIU,AC Immune SA Common Stock,$2.60,-0.01,-0.383%,"264,611,290",/market-activity/stocks/aciu,US_NASDAQ_ACIU
HWBK,"Hawthorn Bancshares, Inc. Common Stock",$38.30,-0.24,-0.623%,"264,295,967",/market-activity/stocks/hwbk,US_NASDAQ_HWBK
TMCR,The Metals Royalty Company Inc. Common Stock,$3.92,-0.70,-15.152%,"264,262,966",/market-activity/stocks/tmcr,US_NASDAQ_TMCR
MSB,Mesabi Trust Common Stock,$20.13,0.17,0.852%,"264,105,801",/market-activity/stocks/msb,US_NASDAQ_MSB
FCNCN,"First Citizens BancShares, Inc. Depositary Shares, each representing a 1/40th interest in a share of 6.625% Non-Cumulative Perpetual Preferred Stock, Series E",$23.37,-0.0266,-0.114%,"263,920,214",/market-activity/stocks/fcncn,US_NASDAQ_FCNCN
OSUR,"OraSure Technologies, Inc. Common Stock",$3.82,-0.13,-3.291%,"263,460,155",/market-activity/stocks/osur,US_NASDAQ_OSUR
ARDC,"Ares Dynamic Credit Allocation Fund, Inc. Common Shares",$11.49,0.08,0.701%,"263,292,649",/market-activity/stocks/ardc,US_NASDAQ_ARDC
III,Information Services Group Inc. Common Stock,$5.43,0.06,1.117%,"262,885,099",/market-activity/stocks/iii,US_NASDAQ_III
TLSI,"TriSalus Life Sciences, Inc. Common Stock",$4.25,-0.14,-3.189%,"261,692,050",/market-activity/stocks/tlsi,US_NASDAQ_TLSI
VABK,Virginia National Bankshares Corporation Common Stock,$48.17,-0.74,-1.513%,"261,335,834",/market-activity/stocks/vabk,US_NASDAQ_VABK
AIBZ,Bitzero Holdings Inc. Common Shares,$4.20,0.08,1.942%,"261,281,966",/market-activity/stocks/aibz,US_NASDAQ_AIBZ
SWMR,"Swarmer, Inc Common Stock",$16.37,-1.81,-9.956%,"260,888,379",/market-activity/stocks/swmr,US_NASDAQ_SWMR
AUDC,AudioCodes Ltd. Common Stock,$10.60,0.05,0.474%,"260,662,999",/market-activity/stocks/audc,US_NASDAQ_AUDC
INFU,"InfuSystems Holdings, Inc. Common Stock",$13.03,0.16,1.243%,"259,520,868",/market-activity/stocks/infu,US_NASDAQ_INFU
KINS,"Kingstone Companies, Inc. Common Stock",$17.87,-0.11,-0.612%,"258,688,497",/market-activity/stocks/kins,US_NASDAQ_KINS
TII,Titan Mining Corporation Common Shares,$2.61,-0.06,-2.247%,"258,338,651",/market-activity/stocks/tii,US_NASDAQ_TII
OFLX,"Omega Flex, Inc. Common Stock",$25.59,-0.08,-0.312%,"258,313,700",/market-activity/stocks/oflx,US_NASDAQ_OFLX
JACK,Jack In The Box Inc. Common Stock,$13.46,-0.24,-1.752%,"258,153,782",/market-activity/stocks/jack,US_NASDAQ_JACK
CMRC,"Commerce.com, Inc. Series 1 Common Stock",$3.11,-0.06,-1.893%,"257,691,462",/market-activity/stocks/cmrc,US_NASDAQ_CMRC
PDYN,Palladyne AI Corp. Common Stock,$5.22,-0.06,-1.136%,"257,547,022",/market-activity/stocks/pdyn,US_NASDAQ_PDYN
RELL,"Richardson Electronics, Ltd. Common Stock",$17.30,0.19,1.11%,"257,150,971",/market-activity/stocks/rell,US_NASDAQ_RELL
ZNTL,"Zentalis Pharmaceuticals, Inc. Common Stock",$2.715,0.115,4.423%,"257,025,162",/market-activity/stocks/zntl,US_NASDAQ_ZNTL
EVI,"EVI Industries, Inc.  Common Stock",$19.94,-0.04,-0.20%,"256,797,928",/market-activity/stocks/evi,US_NASDAQ_EVI
RMMZ,"RiverNorth Managed Duration Municipal Income Fund II, Inc. Common Stock",$12.99,-0.03,-0.23%,"256,417,768",/market-activity/stocks/rmmz,US_NASDAQ_RMMZ
MMT,Aberdeen Multi-Market Income Fund Common Shares of Beneficial Interest,$4.30,0.07,1.655%,"256,057,712",/market-activity/stocks/mmt,US_NASDAQ_MMT
PPIH,"Perma-Pipe International Holdings, Inc. Common Stock",$31.21,-0.67,-2.102%,"255,771,537",/market-activity/stocks/ppih,US_NASDAQ_PPIH
CHPT,"ChargePoint Holdings, Inc. Common Stock",$9.52,0.78,8.924%,"255,615,084",/market-activity/stocks/chpt,US_NASDAQ_CHPT
BCYC,Bicycle Therapeutics plc American Depositary Shares,$3.65,-0.06,-1.617%,"255,473,979",/market-activity/stocks/bcyc,US_NASDAQ_BCYC
SBMT,Silver Bow Mining Corp. Common Shares,$8.59,0.19,2.262%,"253,649,815",/market-activity/stocks/sbmt,US_NASDAQ_SBMT
ASLE,AerSale Corporation Common Stock,$5.31,-0.01,-0.188%,"253,429,112",/market-activity/stocks/asle,US_NASDAQ_ASLE
ACV,Virtus Diversified Income & Convertible Fund Common Shares of Beneficial Interest,$24.41,-0.02,-0.082%,"252,959,707",/market-activity/stocks/acv,US_NASDAQ_ACV
PALI,"Palisade Bio, Inc. Common Stock",$1.45,-0.05,-3.333%,"252,692,309",/market-activity/stocks/pali,US_NASDAQ_PALI
BRT,BRT Apartments Corp. (MD) Common Stock,$13.44,-0.14,-1.031%,"252,581,643",/market-activity/stocks/brt,US_NASDAQ_BRT
GENC,"Gencor Industries, Inc. Common Stock",$17.23,-0.08,-0.462%,"252,552,205",/market-activity/stocks/genc,US_NASDAQ_GENC
FXHO,UTime Limited Class A Ordinary Shares,$9.25,-0.28,-2.938%,"252,306,062",/market-activity/stocks/fxho,US_NASDAQ_FXHO
AVNW,"Aviat Networks, Inc. Common Stock",$19.61,-0.20,-1.01%,"252,157,754",/market-activity/stocks/avnw,US_NASDAQ_AVNW
PAMT,PAMT CORP Common Stock,$12.02,-0.09,-0.743%,"251,725,929",/market-activity/stocks/pamt,US_NASDAQ_PAMT
IVVD,"Invivyd, Inc. Common Stock",$0.8501,-0.0999,-10.516%,"250,574,410",/market-activity/stocks/ivvd,US_NASDAQ_IVVD
RMBI,"Richmond Mutual Bancorporation, Inc. Common Stock",$14.92,-0.19,-1.257%,"250,044,966",/market-activity/stocks/rmbi,US_NASDAQ_RMBI
ACB,Aurora Cannabis Inc. Common Shares,$4.03,-0.06,-1.467%,"249,686,404",/market-activity/stocks/acb,US_NASDAQ_ACB
HITI,High Tide Inc. Common Shares,$2.80,-0.01,-0.356%,"249,599,319",/market-activity/stocks/hiti,US_NASDAQ_HITI
BGS,"B&G Foods, Inc. Common Stock",$3.07,0.01,0.327%,"249,516,310",/market-activity/stocks/bgs,US_NASDAQ_BGS
LFCR,"Lifecore Biomedical, Inc. Common Stock",$6.59,0.07,1.074%,"249,451,665",/market-activity/stocks/lfcr,US_NASDAQ_LFCR
ONIT,Onity Group Inc. Common Stock,$29.85,0.37,1.255%,"249,382,422",/market-activity/stocks/onit,US_NASDAQ_ONIT
MVST,"Microvast Holdings, Inc. Common Stock",$0.6477,0.0016,0.248%,"249,062,987",/market-activity/stocks/mvst,US_NASDAQ_MVST
VPV,Invesco Pennsylvania Value Municipal Income Trust Common Stock (DE),$10.45,0.07,0.674%,"249,018,735",/market-activity/stocks/vpv,US_NASDAQ_VPV
ALIT,"Alight, Inc. Class A Common Stock",$9.23,-0.64,-6.484%,"248,647,828",/market-activity/stocks/alit,US_NASDAQ_ALIT
SIGA,SIGA Technologies Inc. Common Stock,$3.44,-0.02,-0.578%,"247,163,023",/market-activity/stocks/siga,US_NASDAQ_SIGA
EFSI,Eagle Financial Services Inc Common Stock,$45.60,-0.31,-0.675%,"246,769,644",/market-activity/stocks/efsi,US_NASDAQ_EFSI
TG,Tredegar Corporation Common Stock,$7.04,0.01,0.142%,"246,006,915",/market-activity/stocks/tg,US_NASDAQ_TG
CNDT,Conduent Incorporated Common Stock ,$1.58,0.01,0.637%,"245,722,864",/market-activity/stocks/cndt,US_NASDAQ_CNDT
ALMU,"Aeluma, Inc. Common Stock",$12.75,-0.01,-0.078%,"245,637,305",/market-activity/stocks/almu,US_NASDAQ_ALMU
HCKT,Hackett Group Inc (The). Common Stock,$9.87,0.09,0.92%,"245,544,607",/market-activity/stocks/hckt,US_NASDAQ_HCKT
AKBA,"Akebia Therapeutics, Inc. Common Stock",$0.8861,-0.007,-0.784%,"245,543,844",/market-activity/stocks/akba,US_NASDAQ_AKBA
CAMP,CAMP4 Therapeutics Corporation Common Stock,$3.91,0.06,1.558%,"245,365,012",/market-activity/stocks/camp,US_NASDAQ_CAMP
CPZ,Calamos Long/Short Equity & Dynamic Income Trust Common Stock,$12.46,-0.10,-0.796%,"244,617,137",/market-activity/stocks/cpz,US_NASDAQ_CPZ
GPRO,"GoPro, Inc. Class A Common Stock",$1.325,-0.005,-0.376%,"244,468,342",/market-activity/stocks/gpro,US_NASDAQ_GPRO
ACU,Acme United Corporation. Common Stock,$63.72,-0.04,-0.063%,"244,291,202",/market-activity/stocks/acu,US_NASDAQ_ACU
AZ,A2Z Cust2Mate Solutions Corp. Common Shares,$5.54,0.20,3.745%,"243,906,627",/market-activity/stocks/az,US_NASDAQ_AZ
USAU,U.S. Gold Corp. Common Stock,$14.75,-0.05,-0.338%,"243,797,779",/market-activity/stocks/usau,US_NASDAQ_USAU
TRDA,"Entrada Therapeutics, Inc. Common Stock",$6.26,0.04,0.643%,"243,743,548",/market-activity/stocks/trda,US_NASDAQ_TRDA
BLND,"Blend Labs, Inc. Class A Common Stock",$1.03,-0.06,-5.505%,"243,608,719",/market-activity/stocks/blnd,US_NASDAQ_BLND
RMM,"RiverNorth Managed Duration Municipal Income Fund, Inc. Common Stock",$12.33,-0.05,-0.404%,"243,389,613",/market-activity/stocks/rmm,US_NASDAQ_RMM
RDNW,"RideNow Group, Inc. Class B Common Stock",$6.23,0.03,0.484%,"243,039,078",/market-activity/stocks/rdnw,US_NASDAQ_RDNW
IONR,ioneer Ltd American Depositary Shares,$3.15,0.02,0.639%,"242,127,424",/market-activity/stocks/ionr,US_NASDAQ_IONR
PYXS,"Pyxis Oncology, Inc. Common Stock",$2.90,UNCH,--,"241,883,345",/market-activity/stocks/pyxs,US_NASDAQ_PYXS
SSP,E.W. Scripps Company (The) Class A Common Stock,$2.61,-0.08,-2.974%,"241,866,067",/market-activity/stocks/ssp,US_NASDAQ_SSP
BNC,BNB Standard Corporation Common Stock,$5.87,0.24,4.263%,"241,690,500",/market-activity/stocks/bnc,US_NASDAQ_BNC
IMMR,Immersion Corporation Common Stock,$7.26,0.01,0.138%,"241,075,858",/market-activity/stocks/immr,US_NASDAQ_IMMR
SNFCA,Security National Financial Corporation Class A Common Stock,$8.80,UNCH,--,"240,920,143",/market-activity/stocks/snfca,US_NASDAQ_SNFCA
MGNX,"MacroGenics, Inc. Common Stock",$3.77,-0.29,-7.143%,"240,149,705",/market-activity/stocks/mgnx,US_NASDAQ_MGNX
LCTX,"Lineage Cell Therapeutics, Inc. Common Stock",$0.9475,-0.0235,-2.42%,"239,629,822",/market-activity/stocks/lctx,US_NASDAQ_LCTX
YSG,"Yatsen Holding Limited American Depositary Shares, each representing twenty (20) Class A Ordinary Shares",$2.55,0.02,0.791%,"239,356,775",/market-activity/stocks/ysg,US_NASDAQ_YSG
GWRS,"Global Water Resources, Inc. Common Stock",$7.98,0.03,0.377%,"238,803,862",/market-activity/stocks/gwrs,US_NASDAQ_GWRS
UTMD,"Utah Medical Products, Inc. Common Stock",$74.95,0.46,0.618%,"238,627,159",/market-activity/stocks/utmd,US_NASDAQ_UTMD
EOT,Eaton Vance Municipal Income Trust EATON VANCE NATIONAL MUNICIPAL OPPORTUNITIES TRUST,$15.25,0.09,0.594%,"238,280,045",/market-activity/stocks/eot,US_NASDAQ_EOT
PEBK,"Peoples Bancorp of North Carolina, Inc. Common Stock",$43.55,0.40,0.927%,"237,847,890",/market-activity/stocks/pebk,US_NASDAQ_PEBK
PSQLW,Pasqal Holding SA Warrant,$1.12,-0.11,-8.943%,"237,768,934",/market-activity/stocks/psqlw,US_NASDAQ_PSQLW
AENT,Alliance Entertainment Holding Corporation Class A Common Stock,$4.66,-0.13,-2.714%,"237,565,076",/market-activity/stocks/aent,US_NASDAQ_AENT
ELMD,"Electromed, Inc. Common Stock",$28.33,0.16,0.568%,"237,013,398",/market-activity/stocks/elmd,US_NASDAQ_ELMD
SLGL,Sol-Gel Technologies Ltd. Ordinary Shares,$72.25,2.80,4.032%,"236,546,428",/market-activity/stocks/slgl,US_NASDAQ_SLGL
CURV,Torrid Holdings Inc. Common Stock,$2.37,-0.03,-1.25%,"236,335,061",/market-activity/stocks/curv,US_NASDAQ_CURV
LTBR,Lightbridge Corporation Common Stock,$6.30,-0.18,-2.778%,"235,985,973",/market-activity/stocks/ltbr,US_NASDAQ_LTBR
LYEL,"Lyell Immunopharma, Inc. Common Stock",$9.63,-0.11,-1.129%,"235,984,508",/market-activity/stocks/lyel,US_NASDAQ_LYEL
VUZI,Vuzix Corporation Common Stock,$2.77,UNCH,--,"233,827,417",/market-activity/stocks/vuzi,US_NASDAQ_VUZI
NAGE,"Niagen Bioscience, Inc. Common Stock",$2.95,-0.03,-1.007%,"233,421,706",/market-activity/stocks/nage,US_NASDAQ_NAGE
FUFU,BitFuFu Inc. Class A Ordinary Shares,$1.40,0.03,2.19%,"233,315,037",/market-activity/stocks/fufu,US_NASDAQ_FUFU
PRQR,ProQR Therapeutics N.V. Ordinary Shares,$1.65,UNCH,--,"232,850,435",/market-activity/stocks/prqr,US_NASDAQ_PRQR
SION,"Sionna Therapeutics, Inc. Common Stock",$5.15,0.03,0.586%,"232,843,855",/market-activity/stocks/sion,US_NASDAQ_SION
ANGI,Angi Inc. Class A Common Stock,$5.72,0.16,2.878%,"231,981,756",/market-activity/stocks/angi,US_NASDAQ_ANGI
CMTV,Community Bancorp. Common Stock,$41.325,-0.095,-0.229%,"231,457,275",/market-activity/stocks/cmtv,US_NASDAQ_CMTV
BRCC,BRC Inc. Class A Common Stock,$9.21,0.16,1.768%,"230,514,751",/market-activity/stocks/brcc,US_NASDAQ_BRCC
KLC,"KinderCare Learning Companies, Inc. Common Stock",$1.94,-0.07,-3.483%,"229,923,044",/market-activity/stocks/klc,US_NASDAQ_KLC
DPRO,Draganfly Inc. Common Shares,$6.20,0.605,10.813%,"229,400,000",/market-activity/stocks/dpro,US_NASDAQ_DPRO
TBCH,Turtle Beach Corporation Common Stock,$12.79,0.10,0.788%,"229,065,204",/market-activity/stocks/tbch,US_NASDAQ_TBCH
INBK,First Internet Bancorp Common Stock,$26.11,-0.05,-0.191%,"228,033,617",/market-activity/stocks/inbk,US_NASDAQ_INBK
ACRE,Ares Commercial Real Estate Corporation Common Stock,$4.11,UNCH,--,"228,027,374",/market-activity/stocks/acre,US_NASDAQ_ACRE
OPBK,OP Bancorp Common Stock,$15.19,-0.02,-0.131%,"226,826,422",/market-activity/stocks/opbk,US_NASDAQ_OPBK
IMPP,Imperial Petroleum Inc. Common Shares,$5.005,0.015,0.301%,"226,294,358",/market-activity/stocks/impp,US_NASDAQ_IMPP
SMRT,"SmartRent, Inc. Class A Common Stock",$1.18,-0.01,-0.84%,"226,101,923",/market-activity/stocks/smrt,US_NASDAQ_SMRT
PLAY,"Dave & Buster's Entertainment, Inc. Common Stock",$6.49,0.08,1.248%,"226,050,880",/market-activity/stocks/play,US_NASDAQ_PLAY
MRBK,Meridian Corporation Common Stock,$18.94,-0.17,-0.89%,"225,936,169",/market-activity/stocks/mrbk,US_NASDAQ_MRBK
RAIL,"FreightCar America, Inc. Common Stock",$6.89,-0.21,-2.958%,"225,931,919",/market-activity/stocks/rail,US_NASDAQ_RAIL
BMEZ,BlackRock Health Sciences Term Trust Common Shares of Beneficial Interest,$16.91,0.08,0.475%,"225,461,334",/market-activity/stocks/bmez,US_NASDAQ_BMEZ
FOA,Finance of America Companies Inc. Class A Common Stock,$13.02,-0.36,-2.691%,"225,335,708",/market-activity/stocks/foa,US_NASDAQ_FOA
LOVE,The Lovesac Company Common Stock,$15.62,0.20,1.297%,"225,294,023",/market-activity/stocks/love,US_NASDAQ_LOVE
YARW,"Yarrow Bioscience, Inc. Common Stock",$24.19,0.19,0.792%,"225,072,493",/market-activity/stocks/yarw,US_NASDAQ_YARW
NATR,"Nature's Sunshine Products, Inc. Common Stock",$12.76,-0.07,-0.546%,"224,518,835",/market-activity/stocks/natr,US_NASDAQ_NATR
RGCO,RGC Resources Inc. Common Stock,$21.53,-0.07,-0.324%,"224,333,041",/market-activity/stocks/rgco,US_NASDAQ_RGCO
PDEX,"Pro-Dex, Inc. Common Stock",$70.02,-1.60,-2.234%,"224,297,447",/market-activity/stocks/pdex,US_NASDAQ_PDEX
AMWL,American Well Corporation Class A Common Stock,$13.14,-0.30,-2.232%,"223,495,080",/market-activity/stocks/amwl,US_NASDAQ_AMWL
NUS,"Nu Skin Enterprises, Inc. Common Stock",$4.59,-0.05,-1.078%,"223,425,750",/market-activity/stocks/nus,US_NASDAQ_NUS
EU,enCore Energy Corp. Common Shares,$1.15,-0.05,-4.167%,"223,423,117",/market-activity/stocks/eu,US_NASDAQ_EU
SMHI,SEACOR Marine Holdings Inc. Common Stock ,$8.23,-0.24,-2.834%,"223,303,158",/market-activity/stocks/smhi,US_NASDAQ_SMHI
EAF,GrafTech International Ltd. Common Stock,$8.55,-1.41,-14.157%,"223,088,002",/market-activity/stocks/eaf,US_NASDAQ_EAF
AIAI,AIAI Holdings Corporation Class A Common Stock,$3.145,-0.595,-15.909%,"222,809,689",/market-activity/stocks/aiai,US_NASDAQ_AIAI
EICA,Eagle Point Income Company 5.00% Series A Term Preferred Shares due 2026,$24.971,-0.019,-0.076%,"222,444,365",/market-activity/stocks/eica,US_NASDAQ_EICA
CGEN,Compugen Ltd. Ordinary Shares,$2.35,0.02,0.858%,"222,273,895",/market-activity/stocks/cgen,US_NASDAQ_CGEN
FF,FutureFuel Corp.  Common shares,$5.06,-0.02,-0.394%,"221,948,389",/market-activity/stocks/ff,US_NASDAQ_FF
KROS,"Keros Therapeutics, Inc. Common Stock",$11.19,-0.09,-0.798%,"221,866,234",/market-activity/stocks/kros,US_NASDAQ_KROS
ASUR,"Asure Software, Inc Common Stock",$7.65,-0.07,-0.907%,"220,926,859",/market-activity/stocks/asur,US_NASDAQ_ASUR
FORR,"Forrester Research, Inc. Common Stock",$11.59,0.26,2.295%,"220,662,010",/market-activity/stocks/forr,US_NASDAQ_FORR
KGEI,Kolibri Global Energy Inc. Common stock,$6.13,-0.30,-4.666%,"220,382,664",/market-activity/stocks/kgei,US_NASDAQ_KGEI
RZLVW,Rezolve AI PLC Warrants,$0.55,0.005,0.917%,"220,215,471",/market-activity/stocks/rzlvw,US_NASDAQ_RZLVW
PMA,PMA Graphene Technology Group Inc. Class A Ordinary Shares,$1.35,0.048,3.687%,"220,016,250",/market-activity/stocks/pma,US_NASDAQ_PMA
ZSQR,Z Squared Inc. Common Stock,$4.15,-0.39,-8.59%,"219,951,648",/market-activity/stocks/zsqr,US_NASDAQ_ZSQR
LMNR,Limoneira Co Common Stock,$12.12,0.07,0.581%,"219,759,925",/market-activity/stocks/lmnr,US_NASDAQ_LMNR
LIEN,"Chicago Atlantic BDC, Inc. Common Stock",$9.61,0.04,0.418%,"219,305,870",/market-activity/stocks/lien,US_NASDAQ_LIEN
RNAC,"Cartesian Therapeutics, Inc. Common Stock",$7.24,0.03,0.416%,"219,048,748",/market-activity/stocks/rnac,US_NASDAQ_RNAC
CFBK,CF Bankshares Inc. Common Stock,$34.13,-0.12,-0.35%,"218,961,425",/market-activity/stocks/cfbk,US_NASDAQ_CFBK
MBI,MBIA Inc. Common Stock,$4.29,-0.02,-0.464%,"218,860,545",/market-activity/stocks/mbi,US_NASDAQ_MBI
AVXL,Anavex Life Sciences Corp. Common Stock,$2.36,0.01,0.426%,"218,764,547",/market-activity/stocks/avxl,US_NASDAQ_AVXL
INBKZ,First Internet Bancorp 6.0% Fixed-to-Floating Rate Subordinated Notes Due 2029,$25.10,-0.05,-0.199%,"218,698,659",/market-activity/stocks/inbkz,US_NASDAQ_INBKZ
QMLS,"QumulusAI, Inc. Common Stock",$6.53,-0.63,-8.799%,"218,484,103",/market-activity/stocks/qmls,US_NASDAQ_QMLS
PNNT,PennantPark Investment Corporation Common Stock,$3.34,0.05,1.52%,"218,088,954",/market-activity/stocks/pnnt,US_NASDAQ_PNNT
SPOK,"Spok Holdings, Inc. Common Stock",$10.41,0.04,0.386%,"217,757,806",/market-activity/stocks/spok,US_NASDAQ_SPOK
TONX,TON Strategy Company Common Stock,$3.95,-0.03,-0.754%,"217,534,357",/market-activity/stocks/tonx,US_NASDAQ_TONX
XPOF,"Xponential Fitness, Inc. Class A Common Stock",$4.40,0.49,12.532%,"217,025,600",/market-activity/stocks/xpof,US_NASDAQ_XPOF
HDSN,"Hudson Technologies, Inc. Common Stock",$5.15,0.05,0.98%,"216,756,017",/market-activity/stocks/hdsn,US_NASDAQ_HDSN
PLX,"Protalix BioTherapeutics, Inc. (DE) Common Stock",$2.69,UNCH,--,"216,737,717",/market-activity/stocks/plx,US_NASDAQ_PLX
FTF,Franklin Limited Duration Income Trust Common Shares of Beneficial Interest,$5.36,0.03,0.563%,"216,572,805",/market-activity/stocks/ftf,US_NASDAQ_FTF
SCM,Stellus Capital Investment Corporation Common Stock,$7.60,0.09,1.198%,"216,447,521",/market-activity/stocks/scm,US_NASDAQ_SCM
NCMI,"National CineMedia, Inc. Common Stock",$2.30,0.09,4.072%,"216,362,019",/market-activity/stocks/ncmi,US_NASDAQ_NCMI
OSS,"One Stop Systems, Inc. Common Stock",$8.65,-0.26,-2.918%,"215,732,125",/market-activity/stocks/oss,US_NASDAQ_OSS
FCNCO,"First Citizens BancShares, Inc. 5.625% Non-Cumulative Perpetual Preferred Stock, Series C",$19.07,-0.23,-1.192%,"215,359,798",/market-activity/stocks/fcnco,US_NASDAQ_FCNCO
ECC           ,Eagle Point Credit Company Common Share of Beneficial Interest,$3.55,0.09,2.601%,"215,351,960",/market-activity/stocks/ecc           ,US_NASDAQ_ECC           
EXOD,"Exodus Movement, Inc. Class A Common Stock",$7.11,-0.29,-3.919%,"214,745,164",/market-activity/stocks/exod,US_NASDAQ_EXOD
SND,"Smart Sand, Inc. Common Stock",$5.06,-0.195,-3.711%,"214,539,249",/market-activity/stocks/snd,US_NASDAQ_SND
AIRO,"AIRO Group Holdings, Inc. Common Stock",$6.79,-0.18,-2.582%,"214,264,676",/market-activity/stocks/airo,US_NASDAQ_AIRO
AOUT,"American Outdoor Brands, Inc. Common Stock ",$16.90,-0.18,-1.054%,"213,298,703",/market-activity/stocks/aout,US_NASDAQ_AOUT
HKD,AMTD Digital Inc. American Depositary Shares (every five of which represent two Class A Ordinary Shares),$1.69,UNCH,--,"213,217,111",/market-activity/stocks/hkd,US_NASDAQ_HKD
WHWK,"Whitehawk Therapeutics, Inc. Common Stock",$3.73,-0.03,-0.798%,"212,643,607",/market-activity/stocks/whwk,US_NASDAQ_WHWK
ADAG,Adagene Inc. American Depositary Shares,$3.21,0.01,0.313%,"212,025,617",/market-activity/stocks/adag,US_NASDAQ_ADAG
DHX,"DHI Group, Inc. Common Stock",$4.88,0.25,5.40%,"211,910,047",/market-activity/stocks/dhx,US_NASDAQ_DHX
ZUMZ,Zumiez Inc. Common Stock,$13.78,-0.36,-2.546%,"211,255,847",/market-activity/stocks/zumz,US_NASDAQ_ZUMZ
RICK,"RCI Hospitality Holdings, Inc. Common Stock",$27.48,-0.09,-0.326%,"210,070,860",/market-activity/stocks/rick,US_NASDAQ_RICK
GSIT,GSI Technology Common Stock,$5.46,0.03,0.552%,"209,841,941",/market-activity/stocks/gsit,US_NASDAQ_GSIT
OVBC,Ohio Valley Banc Corp. Common Stock,$44.53,-0.16,-0.358%,"209,780,875",/market-activity/stocks/ovbc,US_NASDAQ_OVBC
QSI,Quantum-Si Incorporated Class A Common Stock,$0.9581,0.1631,20.516%,"209,712,676",/market-activity/stocks/qsi,US_NASDAQ_QSI
USBC,"USBC, Inc. Common Stock",$0.5399,0.0129,2.448%,"209,559,177",/market-activity/stocks/usbc,US_NASDAQ_USBC
FHTX,Foghorn Therapeutics Inc. Common Stock,$3.52,UNCH,--,"209,036,309",/market-activity/stocks/fhtx,US_NASDAQ_FHTX
PROF,Profound Medical Corp. Common Stock,$5.72,-0.20,-3.378%,"208,966,438",/market-activity/stocks/prof,US_NASDAQ_PROF
ALEC,"Alector, Inc. Common Stock",$1.87,-0.05,-2.604%,"208,798,439",/market-activity/stocks/alec,US_NASDAQ_ALEC
FIRY,Firy Inc. Class A Common Stock,$12.55,0.04,0.32%,"208,609,325",/market-activity/stocks/firy,US_NASDAQ_FIRY
GLND,Greenland Energy Company Common Stock,$4.75,0.26,5.791%,"207,718,422",/market-activity/stocks/glnd,US_NASDAQ_GLND
OWLS,OBOOK Holdings Inc. Class A Common Shares,$5.49,-0.05,-0.903%,"207,661,506",/market-activity/stocks/owls,US_NASDAQ_OWLS
GLDG,GoldMining Inc. Common Shares,$0.9695,0.0095,0.99%,"207,575,959",/market-activity/stocks/gldg,US_NASDAQ_GLDG
FCNCP,"First Citizens BancShares, Inc. Depositary Shares",$18.36,-0.35,-1.871%,"207,341,683",/market-activity/stocks/fcncp,US_NASDAQ_FCNCP
FCAP,"First Capital, Inc. Common Stock",$61.68,1.05,1.732%,"206,296,470",/market-activity/stocks/fcap,US_NASDAQ_FCAP
REA,"Rare Earths Americas, Inc. Common Stock",$10.04,-0.20,-1.953%,"205,944,305",/market-activity/stocks/rea,US_NASDAQ_REA
ESOA,Energy Services of America Corporation Common Stock,$11.035,-0.095,-0.854%,"205,904,062",/market-activity/stocks/esoa,US_NASDAQ_ESOA
NSLR,Neostellar Capital Corp. Common Stock,$7.76,-0.08,-1.02%,"205,432,203",/market-activity/stocks/nslr,US_NASDAQ_NSLR
CZWI,"Citizens Community Bancorp, Inc. Common Stock",$21.25,0.13,0.616%,"205,067,409",/market-activity/stocks/czwi,US_NASDAQ_CZWI
QUIK,QuickLogic Corporation Common Stock,$11.19,0.28,2.566%,"204,975,522",/market-activity/stocks/quik,US_NASDAQ_QUIK
LDI,"loanDepot, Inc. Class A Common Stock",$0.6061,-0.0037,-0.607%,"204,955,908",/market-activity/stocks/ldi,US_NASDAQ_LDI
RC,Ready Capital Corporation Common Stock,$1.24,-0.06,-4.615%,"204,836,830",/market-activity/stocks/rc,US_NASDAQ_RC
NGEN,NervGen Pharma Corp. Common stock,$1.92,0.04,2.128%,"204,312,255",/market-activity/stocks/ngen,US_NASDAQ_NGEN
EXFY,"Expensify, Inc. Class A Common Stock",$2.24,0.09,4.186%,"204,258,127",/market-activity/stocks/exfy,US_NASDAQ_EXFY
SGC,"Superior Group of Companies, Inc. Common Stock",$12.80,0.25,1.992%,"204,098,573",/market-activity/stocks/sgc,US_NASDAQ_SGC
TROO,"TROOPS, Inc. Ordinary Shares ",$1.67,-0.03,-1.765%,"204,007,477",/market-activity/stocks/troo,US_NASDAQ_TROO
CRDL,Cardiol Therapeutics Inc. Class A Common Shares,$1.69,UNCH,--,"203,916,152",/market-activity/stocks/crdl,US_NASDAQ_CRDL
AUC,ATIF Holdings Limited Ordinary Shares,$9.20,-0.08,-0.862%,"203,581,078",/market-activity/stocks/auc,US_NASDAQ_AUC
ELDN,"Eledon Pharmaceuticals, Inc. Common Stock",$2.50,-0.14,-5.303%,"203,152,880",/market-activity/stocks/eldn,US_NASDAQ_ELDN
TAYD,"Taylor Devices, Inc. Common Stock",$62.95,-2.19,-3.362%,"203,036,727",/market-activity/stocks/tayd,US_NASDAQ_TAYD
KTWO,K2 Capital Acquisition Corporation Class A Ordinary Share,$10.08,UNCH,--,"202,014,893",/market-activity/stocks/ktwo,US_NASDAQ_KTWO
KLTR,"Kaltura, Inc. Common Stock",$1.32,0.02,1.538%,"201,367,614",/market-activity/stocks/kltr,US_NASDAQ_KLTR
XGN,Exagen Inc. Common Stock,$8.30,-0.18,-2.123%,"201,070,314",/market-activity/stocks/xgn,US_NASDAQ_XGN
MFM,Aberdeen Municipal Income Fund Common Shares of Beneficial Interest,$4.88,0.01,0.205%,"200,995,639",/market-activity/stocks/mfm,US_NASDAQ_MFM
RVII,Robinhood Ventures Fund II Common Shares of Beneficial Interest,$22.10,0.17,0.775%,"200,367,086",/market-activity/stocks/rvii,US_NASDAQ_RVII
RBKB,"Rhinebeck Bancorp, Inc. Common Stock",$12.80,0.11,0.867%,"200,140,365",/market-activity/stocks/rbkb,US_NASDAQ_RBKB
CHCI,"Comstock Holding Companies, Inc. Class A Common Stock",$19.45,-0.08,-0.41%,"199,983,966",/market-activity/stocks/chci,US_NASDAQ_CHCI
BNR,Burning Rock Biotech Limited American Depositary Shares,$18.94,1.31,7.431%,"199,747,736",/market-activity/stocks/bnr,US_NASDAQ_BNR
MPAA,"Motorcar Parts  of America, Inc. Common Stock",$10.55,0.02,0.19%,"199,745,334",/market-activity/stocks/mpaa,US_NASDAQ_MPAA
LCUT,"Lifetime Brands, Inc. Common Stock",$8.68,-0.54,-5.857%,"199,543,096",/market-activity/stocks/lcut,US_NASDAQ_LCUT
CMT,Core Molding Technologies Inc Common Stock,$22.51,0.01,0.044%,"199,191,755",/market-activity/stocks/cmt,US_NASDAQ_CMT
TPVG,TriplePoint Venture Growth BDC Corp. Common Stock,$4.89,0.11,2.301%,"199,070,545",/market-activity/stocks/tpvg,US_NASDAQ_TPVG
RXST,"RxSight, Inc. Common Stock",$4.77,0.10,2.141%,"198,399,831",/market-activity/stocks/rxst,US_NASDAQ_RXST
SES,SES AI Corporation Class A Common Stock,$0.5343,0.0021,0.395%,"198,378,858",/market-activity/stocks/ses,US_NASDAQ_SES
CMPX,"Compass Therapeutics, Inc. Common Stock",$1.10,-0.01,-0.901%,"198,096,707",/market-activity/stocks/cmpx,US_NASDAQ_CMPX
RILY,"BRC Group Holdings, Inc. Common Stock",$4.92,-0.57,-10.383%,"197,782,795",/market-activity/stocks/rily,US_NASDAQ_RILY
GDEV,GDEV Inc. Ordinary Shares,$10.86,0.16,1.495%,"197,114,311",/market-activity/stocks/gdev,US_NASDAQ_GDEV
ESP,Espey Mfg. & Electronics Corp. Common Stock,$64.64,-0.88,-1.343%,"196,303,406",/market-activity/stocks/esp,US_NASDAQ_ESP
CXDO,"Crexendo, Inc. Common Stock",$5.87,0.01,0.171%,"195,199,747",/market-activity/stocks/cxdo,US_NASDAQ_CXDO
ORMP,Oramed Pharmaceuticals Inc. Common Stock,$4.69,-0.06,-1.263%,"195,091,590",/market-activity/stocks/ormp,US_NASDAQ_ORMP
CPSS,"Consumer Portfolio Services, Inc. Common Stock",$9.05,0.08,0.892%,"195,070,162",/market-activity/stocks/cpss,US_NASDAQ_CPSS
BAFN,BayFirst Financial Corp. Common Stock,$7.21,0.77,11.957%,"194,401,896",/market-activity/stocks/bafn,US_NASDAQ_BAFN
BETR,Better Home & Finance Holding Company Class A Common Stock,$10.23,0.15,1.488%,"194,355,463",/market-activity/stocks/betr,US_NASDAQ_BETR
LARK,Landmark Bancorp Inc. Common Stock,$31.85,-0.10,-0.313%,"194,302,008",/market-activity/stocks/lark,US_NASDAQ_LARK
GCTS,"GCT Semiconductor Holding, Inc. Common Stock",$2.11,-0.07,-3.211%,"194,056,122",/market-activity/stocks/gcts,US_NASDAQ_GCTS
ALTG,Alta Equipment Group Inc. Class A Common Stock,$5.93,0.15,2.595%,"193,714,551",/market-activity/stocks/altg,US_NASDAQ_ALTG
AREC,American Resources Corporation Class A Common Stock,$1.81,-0.02,-1.093%,"193,618,002",/market-activity/stocks/arec,US_NASDAQ_AREC
VLN,Valens Semiconductor Ltd. Ordinary Shares,$1.83,0.02,1.105%,"192,685,641",/market-activity/stocks/vln,US_NASDAQ_VLN
PERF,Perfect Corp. Class A Ordinary Share,$1.89,-0.01,-0.526%,"192,493,988",/market-activity/stocks/perf,US_NASDAQ_PERF
ANTX,"AN2 Therapeutics, Inc. Common Stock",$5.09,0.08,1.597%,"192,077,446",/market-activity/stocks/antx,US_NASDAQ_ANTX
SRI,"Stoneridge, Inc. Common Stock",$6.71,0.04,0.60%,"191,388,485",/market-activity/stocks/sri,US_NASDAQ_SRI
CBFV,"CB Financial Services, Inc. Common Stock",$37.59,0.55,1.485%,"191,016,743",/market-activity/stocks/cbfv,US_NASDAQ_CBFV
FC,Franklin Covey Company Common Stock,$16.84,-0.11,-0.649%,"190,188,821",/market-activity/stocks/fc,US_NASDAQ_FC
DEFT,"Defi Technologies, Inc. Common Stock",$0.49,-0.0015,-0.305%,"190,165,680",/market-activity/stocks/deft,US_NASDAQ_DEFT
ETX           ,Eaton Vance Municipal Income 2028 Term Trust Common Shares of Beneficial Interest,$17.45,0.20,1.159%,"189,942,482",/market-activity/stocks/etx           ,US_NASDAQ_ETX           
MITT,"TPG Mortgage Investment Trust, Inc. Common Stock",$5.97,-0.08,-1.322%,"189,866,746",/market-activity/stocks/mitt,US_NASDAQ_MITT
TARA,"Protara Therapeutics, Inc.  Common Stock",$3.21,-0.04,-1.231%,"189,696,516",/market-activity/stocks/tara,US_NASDAQ_TARA
ACOG,Alpha Cognition Inc. Common Stock,$8.71,0.11,1.279%,"189,652,446",/market-activity/stocks/acog,US_NASDAQ_ACOG
CNTN,"Canton Strategic Holdings, Inc. Common Stock",$2.38,-0.31,-11.524%,"189,641,639",/market-activity/stocks/cntn,US_NASDAQ_CNTN
APC,ARKO Petroleum Corp. Class A Common Stock,$15.07,-1.04,-6.456%,"189,433,261",/market-activity/stocks/apc,US_NASDAQ_APC
OMSE,OMS Energy Technologies Inc. Ordinary Shares,$4.45,0.22,5.201%,"188,896,733",/market-activity/stocks/omse,US_NASDAQ_OMSE
NKTX,"Nkarta, Inc. Common Stock",$2.62,-0.05,-1.873%,"187,656,952",/market-activity/stocks/nktx,US_NASDAQ_NKTX
ALXO,ALX Oncology Holdings Inc. Common Stock,$1.35,-0.04,-2.878%,"186,673,946",/market-activity/stocks/alxo,US_NASDAQ_ALXO
NUCL,Eagle Nuclear Energy Corp. Common stock,$6.30,-0.03,-0.474%,"186,352,727",/market-activity/stocks/nucl,US_NASDAQ_NUCL
AP,Ampco-Pittsburgh Corporation Common Stock,$9.00,0.12,1.351%,"185,927,589",/market-activity/stocks/ap,US_NASDAQ_AP
STRW,"Strawberry Fields REIT, Inc. Common Stock",$13.10,UNCH,--,"185,461,102",/market-activity/stocks/strw,US_NASDAQ_STRW
CUE,"Cue Biopharma, Inc. Common Stock",$25.51,-1.94,-7.067%,"185,315,201",/market-activity/stocks/cue,US_NASDAQ_CUE
CRNT,Ceragon Networks Ltd. Ordinary Shares,$2.03,-0.04,-1.932%,"185,299,439",/market-activity/stocks/crnt,US_NASDAQ_CRNT
VRXA,Veraxa Biotech AG Ordinary Shares,$1.31,-0.06,-4.38%,"185,244,235",/market-activity/stocks/vrxa,US_NASDAQ_VRXA
SIDU,"Sidus Space, Inc. Class A Common Stock",$1.83,-0.18,-8.955%,"185,242,347",/market-activity/stocks/sidu,US_NASDAQ_SIDU
SBFG,"SB Financial Group, Inc. Common Stock",$29.62,-0.37,-1.234%,"185,213,623",/market-activity/stocks/sbfg,US_NASDAQ_SBFG
OSG,"Octave Specialty Group, Inc. Common Stock",$4.10,UNCH,--,"184,711,093",/market-activity/stocks/osg,US_NASDAQ_OSG
CIA,"Citizens, Inc. Class A Common Stock ($1.00 Par)",$3.62,0.01,0.277%,"183,328,051",/market-activity/stocks/cia,US_NASDAQ_CIA
DERM,Journey Medical Corporation Common Stock,$6.49,0.06,0.933%,"183,176,324",/market-activity/stocks/derm,US_NASDAQ_DERM
HLP,Hongli Group Inc. Class A Ordinary Shares,$2.45,0.06,2.51%,"183,109,938",/market-activity/stocks/hlp,US_NASDAQ_HLP
FNWD,Finward Bancorp Common Stock,$42.17,-0.28,-0.66%,"182,722,694",/market-activity/stocks/fnwd,US_NASDAQ_FNWD
MSLE,Satellos Bioscience Inc. Common Stock,$8.60,-0.21,-2.384%,"182,461,375",/market-activity/stocks/msle,US_NASDAQ_MSLE
CHRS,"Coherus Oncology, Inc. Common Stock",$1.18,0.04,3.509%,"182,311,140",/market-activity/stocks/chrs,US_NASDAQ_CHRS
CMTG,"Claros Mortgage Trust, Inc. Common Stock",$1.29,0.02,1.575%,"181,998,626",/market-activity/stocks/cmtg,US_NASDAQ_CMTG
DFDV,DeFi Development Corp. Common Stock,$5.57,-0.005,-0.09%,"181,697,800",/market-activity/stocks/dfdv,US_NASDAQ_DFDV
WHG,Westwood Holdings Group Inc Common Stock,$19.00,-0.20,-1.042%,"181,319,888",/market-activity/stocks/whg,US_NASDAQ_WHG
MINE,Mayfair Gold Corp. Common Shares,$2.68,-0.18,-6.294%,"179,931,169",/market-activity/stocks/mine,US_NASDAQ_MINE
MRLN,"Merlin, Inc. Common Stock",$1.78,0.03,1.714%,"179,900,656",/market-activity/stocks/mrln,US_NASDAQ_MRLN
STIM,"Neuronetics, Inc. Common Stock",$2.36,-0.195,-7.632%,"179,825,444",/market-activity/stocks/stim,US_NASDAQ_STIM
BVFL,"BV Financial, Inc. Common Stock",$21.22,0.34,1.628%,"179,746,217",/market-activity/stocks/bvfl,US_NASDAQ_BVFL
HNVR,"Hanover Bancorp, Inc. Common Stock",$25.47,-0.26,-1.01%,"179,701,649",/market-activity/stocks/hnvr,US_NASDAQ_HNVR
ECBK,"ECB Bancorp, Inc. Common Stock",$20.50,-0.73,-3.439%,"179,122,891",/market-activity/stocks/ecbk,US_NASDAQ_ECBK
MSC,"Studio City International Holdings Limited American depositary shares, each representing four  Class A ordinary shares",$0.85,0.015,1.796%,"179,108,698",/market-activity/stocks/msc,US_NASDAQ_MSC
IPHA,Innate Pharma S.A. ADS,$1.60,-0.10,-5.882%,"178,720,555",/market-activity/stocks/ipha,US_NASDAQ_IPHA
LODE,Comstock Inc. Common Stock,$2.35,-0.07,-2.893%,"178,583,660",/market-activity/stocks/lode,US_NASDAQ_LODE
ORGO,Organogenesis Holdings Inc. Class A Common Stock,$1.385,0.005,0.362%,"178,214,249",/market-activity/stocks/orgo,US_NASDAQ_ORGO
MDWD,MediWound Ltd. Ordinary Shares,$13.80,-0.13,-0.933%,"178,161,836",/market-activity/stocks/mdwd,US_NASDAQ_MDWD
TORO,Toro Corp. Common Shares,$5.15,-0.09,-1.718%,"177,980,550",/market-activity/stocks/toro,US_NASDAQ_TORO
VTN,Invesco Trust for Investment Grade New York Municipals Common Stock,$9.13,-0.02,-0.219%,"177,906,988",/market-activity/stocks/vtn,US_NASDAQ_VTN
BZUN,Baozun Inc. American Depositary Shares,$3.05,-0.04,-1.294%,"177,291,586",/market-activity/stocks/bzun,US_NASDAQ_BZUN
FT,Franklin Universal Trust Common Stock,$7.05,0.10,1.439%,"177,179,853",/market-activity/stocks/ft,US_NASDAQ_FT
MNSB,"MainStreet Bancshares, Inc. Common Stock",$24.87,0.11,0.444%,"177,101,160",/market-activity/stocks/mnsb,US_NASDAQ_MNSB
EPSN,Epsilon Energy Ltd. Common Share,$5.80,-0.16,-2.685%,"175,645,918",/market-activity/stocks/epsn,US_NASDAQ_EPSN
GPJA,"Georgia Power Company Series 2017A 5.00% Junior Subordinated Notes due October 1, 2077",$18.95,-0.27,-1.405%,"175,505,425",/market-activity/stocks/gpja,US_NASDAQ_GPJA
CURI,CuriosityStream Inc. Class A Common Stock,$2.95,0.05,1.724%,"175,047,183",/market-activity/stocks/curi,US_NASDAQ_CURI
AOMR,"Angel Oak Mortgage REIT, Inc. Common Stock",$7.53,0.16,2.171%,"174,808,024",/market-activity/stocks/aomr,US_NASDAQ_AOMR
NAKA,Nakamoto Inc. Common Stock,$9.76,0.04,0.412%,"174,654,644",/market-activity/stocks/naka,US_NASDAQ_NAKA
MNSBP,"MainStreet Bancshares, Inc. Depositary Shares",$24.50,-0.44,-1.764%,"174,466,362",/market-activity/stocks/mnsbp,US_NASDAQ_MNSBP
ANNA,"AleAnna, Inc. Class A Common Stock",$2.60,UNCH,--,"174,029,440",/market-activity/stocks/anna,US_NASDAQ_ANNA
HTLM,HomesToLife Ltd Ordinary Shares,$1.9391,0.1891,10.806%,"173,913,031",/market-activity/stocks/htlm,US_NASDAQ_HTLM
NAUT,"Nautilus Biotechnology, Inc. Common Stock",$1.365,0.255,22.973%,"173,703,379",/market-activity/stocks/naut,US_NASDAQ_NAUT
QTRX,Quanterix Corporation Common Stock,$3.67,0.15,4.261%,"173,565,549",/market-activity/stocks/qtrx,US_NASDAQ_QTRX
AMBR,Amber International Holding Limited American Depositary Shares,$1.84,0.065,3.662%,"173,466,462",/market-activity/stocks/ambr,US_NASDAQ_AMBR
HSDT,Solana Company Class A Common Stock (DE),$2.86,0.02,0.704%,"172,911,891",/market-activity/stocks/hsdt,US_NASDAQ_HSDT
JELD,"JELD-WEN Holding, Inc. Common Stock",$1.99,0.22,12.429%,"172,659,130",/market-activity/stocks/jeld,US_NASDAQ_JELD
PED,Pedevco Corp. Common Stock,$12.98,-0.12,-0.916%,"172,530,329",/market-activity/stocks/ped,US_NASDAQ_PED
AMPY,Amplify Energy Corp. Common Stock,$4.15,-0.04,-0.955%,"172,044,268",/market-activity/stocks/ampy,US_NASDAQ_AMPY
WW,"WW International, Inc.  Common Stock",$17.10,2.07,13.772%,"170,978,796",/market-activity/stocks/ww,US_NASDAQ_WW
DTIL,"Precision BioSciences, Inc. Common Stock",$6.18,-0.06,-0.962%,"170,577,604",/market-activity/stocks/dtil,US_NASDAQ_DTIL
FOCL,EDAP TMS S.A. American Depositary Shares,$4.54,0.01,0.221%,"170,376,893",/market-activity/stocks/focl,US_NASDAQ_FOCL
RDCM,Radcom Ltd. Ordinary Shares,$10.18,0.06,0.593%,"169,908,852",/market-activity/stocks/rdcm,US_NASDAQ_RDCM
SDEV,Stablecoin Development Corporation Common Stock,$3.27,1.70,108.28%,"169,226,944",/market-activity/stocks/sdev,US_NASDAQ_SDEV
SJT,San Juan Basin Royalty Trust Common Stock,$3.63,-0.09,-2.419%,"169,189,929",/market-activity/stocks/sjt,US_NASDAQ_SJT
EBMT,"Eagle Bancorp Montana, Inc. Common Stock",$21.22,-0.14,-0.655%,"169,026,446",/market-activity/stocks/ebmt,US_NASDAQ_EBMT
MRT,"Marti Technologies, Inc. Class A Ordinary Shares",$1.96,-0.20,-9.259%,"168,643,743",/market-activity/stocks/mrt,US_NASDAQ_MRT
OZ,"Belpointe PREP, LLC Class A Units",$41.52,-0.48,-1.143%,"168,308,212",/market-activity/stocks/oz,US_NASDAQ_OZ
OCSAW,Oculis Holding AG Warrants,$2.90,0.164,5.994%,"168,154,870",/market-activity/stocks/ocsaw,US_NASDAQ_OCSAW
FLWS,"1-800-FLOWERS.COM, Inc. Common Stock",$2.60,-0.04,-1.515%,"166,881,250",/market-activity/stocks/flws,US_NASDAQ_FLWS
UIS,Unisys Corporation New Common Stock,$2.28,0.04,1.786%,"166,248,377",/market-activity/stocks/uis,US_NASDAQ_UIS
TNXP,Tonix Pharmaceuticals Holding Corp. Common Stock,$9.65,-0.25,-2.525%,"165,507,382",/market-activity/stocks/tnxp,US_NASDAQ_TNXP
ATOM,Atomera Incorporated Common Stock,$4.23,0.08,1.928%,"165,071,698",/market-activity/stocks/atom,US_NASDAQ_ATOM
MPV,Barings Participation Investors Common Stock,$15.53,0.11,0.713%,"164,644,401",/market-activity/stocks/mpv,US_NASDAQ_MPV
LUCD,Lucid Diagnostics Inc. Common Stock,$0.809,0.0033,0.41%,"164,424,372",/market-activity/stocks/lucd,US_NASDAQ_LUCD
SANG,Sangoma Technologies Corporation Common Shares,$4.93,1.34,37.326%,"164,360,935",/market-activity/stocks/sang,US_NASDAQ_SANG
PLG,Platinum Group Metals Ltd. Ordinary Shares (Canada),$1.28,-0.01,-0.775%,"163,692,943",/market-activity/stocks/plg,US_NASDAQ_PLG
SEVN,Seven Hills Realty Trust Common Stock,$7.22,UNCH,--,"163,580,695",/market-activity/stocks/sevn,US_NASDAQ_SEVN
GRX,The Gabelli Healthcare & Wellness Trust Common Shares of Beneficial Interest,$9.57,-0.04,-0.416%,"163,579,752",/market-activity/stocks/grx,US_NASDAQ_GRX
SITC,SITE Centers Corp. Common Stock,$3.11,0.06,1.967%,"163,198,304",/market-activity/stocks/sitc,US_NASDAQ_SITC
AIIO,Robo.ai Inc. Class B Ordinary Shares,$1.37,-0.02,-1.439%,"163,078,739",/market-activity/stocks/aiio,US_NASDAQ_AIIO
AEHL,Antelope Enterprise Holdings Limited Class A Ordinary Shares,$8.59,0.36,4.374%,"162,908,113",/market-activity/stocks/aehl,US_NASDAQ_AEHL
VYGR,"Voyager Therapeutics, Inc. Common Stock",$2.64,-0.06,-2.222%,"162,671,383",/market-activity/stocks/vygr,US_NASDAQ_VYGR
TOYO,"TOYO Co., Ltd Ordinary Shares",$4.26,0.05,1.188%,"162,619,076",/market-activity/stocks/toyo,US_NASDAQ_TOYO
ABOS,"Acumen Pharmaceuticals, Inc. Common Stock",$2.245,-0.055,-2.391%,"162,352,305",/market-activity/stocks/abos,US_NASDAQ_ABOS
ONEW,OneWater Marine Inc. Class A Common Stock,$9.73,-0.03,-0.307%,"162,156,473",/market-activity/stocks/onew,US_NASDAQ_ONEW
PEPG,PepGen Inc. Common Stock,$2.34,-0.25,-9.653%,"162,067,270",/market-activity/stocks/pepg,US_NASDAQ_PEPG
ENGS,Energys Group Limited Ordinary Shares,$2.99,0.03,1.014%,"161,987,843",/market-activity/stocks/engs,US_NASDAQ_ENGS
EARN,Ellington Credit Company Common Shares of Beneficial Interest,$4.28,0.07,1.663%,"160,753,355",/market-activity/stocks/earn,US_NASDAQ_EARN
LEE,"Lee Enterprises, Incorporated Common Stock",$7.20,0.40,5.882%,"160,502,717",/market-activity/stocks/lee,US_NASDAQ_LEE
NERV,"Minerva Neurosciences, Inc Common Stock",$3.35,-0.05,-1.471%,"159,954,323",/market-activity/stocks/nerv,US_NASDAQ_NERV
GNT,"GAMCO Natural Resources, Gold & Income Trust",$8.65,0.01,0.116%,"159,812,547",/market-activity/stocks/gnt,US_NASDAQ_GNT
NBP,NovaBridge Biosciences American Depositary Shares,$1.37,0.01,0.735%,"158,072,918",/market-activity/stocks/nbp,US_NASDAQ_NBP
JRVR,"James River Group Holdings, Inc. Common Stock",$3.41,-0.03,-0.872%,"157,709,220",/market-activity/stocks/jrvr,US_NASDAQ_JRVR
OPRX,OptimizeRx Corporation Common Stock,$8.36,0.55,7.042%,"157,468,550",/market-activity/stocks/oprx,US_NASDAQ_OPRX
ADCT,ADC Therapeutics SA Common Shares,$1.23,-0.03,-2.381%,"157,031,265",/market-activity/stocks/adct,US_NASDAQ_ADCT
FINW,FinWise Bancorp Common Stock,$11.26,-0.13,-1.141%,"156,318,977",/market-activity/stocks/finw,US_NASDAQ_FINW
BSET,"Bassett Furniture Industries, Incorporated Common Stock",$18.05,-0.13,-0.715%,"156,281,755",/market-activity/stocks/bset,US_NASDAQ_BSET
HUCK,"Huckleberry.ai, Inc. Class B Common Stock",$3.32,0.01,0.302%,"156,160,055",/market-activity/stocks/huck,US_NASDAQ_HUCK
MENS,Jyong Biotech Ltd. Ordinary Shares,$2.03,0.06,3.046%,"154,336,164",/market-activity/stocks/mens,US_NASDAQ_MENS
IMSRW,Terrestrial Energy Inc. Warrant,$1.45,-0.03,-2.027%,"153,606,118",/market-activity/stocks/imsrw,US_NASDAQ_IMSRW
OWLT,"Owlet, Inc. Class A Common Stock",$5.24,0.13,2.544%,"153,121,587",/market-activity/stocks/owlt,US_NASDAQ_OWLT
SKYX,SKYX Platforms Corp. Common Stock,$1.13,-0.04,-3.419%,"153,037,023",/market-activity/stocks/skyx,US_NASDAQ_SKYX
ELME,Elme Communities Common Stock,$1.72,0.02,1.176%,"152,835,559",/market-activity/stocks/elme,US_NASDAQ_ELME
PCTTW,"PureCycle Technologies, Inc. Warrant",$0.76,UNCH,--,"152,687,656",/market-activity/stocks/pcttw,US_NASDAQ_PCTTW
OTLK,"Outlook Therapeutics, Inc. Common Stock",$0.6257,0.0046,0.741%,"152,325,135",/market-activity/stocks/otlk,US_NASDAQ_OTLK
MRDN,Meridian Holdings Inc. Common Stock,$12.00,-0.26,-2.121%,"152,033,748",/market-activity/stocks/mrdn,US_NASDAQ_MRDN
KZIA,Kazia Therapeutics Limited American Depositary Shares,$9.75,0.15,1.563%,"151,601,561",/market-activity/stocks/kzia,US_NASDAQ_KZIA
CSHRW,CoinShares PLC Warrants,$1.15,0.14,13.861%,"151,547,240",/market-activity/stocks/cshrw,US_NASDAQ_CSHRW
EDRY,EuroDry Ltd. Common Shares ,$52.84,1.02,1.968%,"151,470,668",/market-activity/stocks/edry,US_NASDAQ_EDRY
WHF,"WhiteHorse Finance, Inc. Common Stock",$7.05,0.08,1.148%,"151,409,121",/market-activity/stocks/whf,US_NASDAQ_WHF
PIM,Franklin Master Intermediate Income Trust Shares of Beneficial Interest,$3.01,UNCH,--,"151,262,716",/market-activity/stocks/pim,US_NASDAQ_PIM
BIPI,BIP Bermuda Holdings I Limited 5.125% Perpetual Subordinated Notes,$15.94,0.02,0.126%,"151,061,786",/market-activity/stocks/bipi,US_NASDAQ_BIPI
SRBK,"SR Bancorp, Inc. Common stock",$19.04,-0.04,-0.21%,"151,013,780",/market-activity/stocks/srbk,US_NASDAQ_SRBK
OGI,Organigram Global Inc. Common Shares,$1.07,-0.015,-1.382%,"150,876,952",/market-activity/stocks/ogi,US_NASDAQ_OGI
NIU,Niu Technologies American Depositary Shares,$1.92,0.01,0.524%,"150,597,289",/market-activity/stocks/niu,US_NASDAQ_NIU
NEOV,NeoVolta Inc. Common Stock,$2.54,0.26,11.404%,"149,893,647",/market-activity/stocks/neov,US_NASDAQ_NEOV
DLTH,Duluth Holdings Inc. Class B Common Stock,$3.94,UNCH,--,"149,739,704",/market-activity/stocks/dlth,US_NASDAQ_DLTH
SSTK,"Shutterstock, Inc. Common Stock",$4.02,-0.04,-0.985%,"148,529,690",/market-activity/stocks/sstk,US_NASDAQ_SSTK
TRAK,"ReposiTrak, Inc. Common Stock",$8.16,-0.04,-0.488%,"148,521,825",/market-activity/stocks/trak,US_NASDAQ_TRAK
SRFM,Surf Air Mobility Inc. Common Stock,$1.20,0.01,0.84%,"148,373,092",/market-activity/stocks/srfm,US_NASDAQ_SRFM
HUMA,"Humacyte, Inc. Common Stock",$0.5327,-0.0145,-2.65%,"147,983,051",/market-activity/stocks/huma,US_NASDAQ_HUMA
ASBH,"American Savings Bank, N.A. Common Stock",$18.36,0.32,1.774%,"147,930,926",/market-activity/stocks/asbh,US_NASDAQ_ASBH
NLOP,Net Lease Office Properties Common Shares of Beneficial Interest,$9.98,-0.02,-0.20%,"147,844,469",/market-activity/stocks/nlop,US_NASDAQ_NLOP
CDXS,"Codexis, Inc. Common Stock",$1.35,-0.01,-0.735%,"147,832,783",/market-activity/stocks/cdxs,US_NASDAQ_CDXS
CLLS,Cellectis S.A. American Depositary Shares,$1.47,-0.01,-0.676%,"147,775,096",/market-activity/stocks/clls,US_NASDAQ_CLLS
MX,Magnachip Semiconductor Corporation Common Stock,$3.89,0.10,2.639%,"147,711,465",/market-activity/stocks/mx,US_NASDAQ_MX
EGAN,eGain Corporation Common Stock,$5.63,-0.04,-0.705%,"147,345,359",/market-activity/stocks/egan,US_NASDAQ_EGAN
SAFX,"XCF Global, Inc. Class A Common Stock",$0.3537,-0.018,-4.843%,"146,890,512",/market-activity/stocks/safx,US_NASDAQ_SAFX
TLYS,"Tilly's, Inc. Common Stock",$4.79,0.32,7.159%,"146,512,999",/market-activity/stocks/tlys,US_NASDAQ_TLYS
MOLN,Molecular Partners AG American Depositary Shares,$3.90,0.04,1.036%,"146,293,536",/market-activity/stocks/moln,US_NASDAQ_MOLN
CAAS,"China Automotive Systems, Inc. Ordinary Share",$4.83,-0.08,-1.629%,"145,724,491",/market-activity/stocks/caas,US_NASDAQ_CAAS
DVLT,Datavault AI Inc. Common Stock,$0.1533,-0.0077,-4.783%,"145,593,395",/market-activity/stocks/dvlt,US_NASDAQ_DVLT
INTT,inTest Corporation Common Stock,$11.35,-0.36,-3.074%,"145,572,671",/market-activity/stocks/intt,US_NASDAQ_INTT
PAAC,Proem Acquisition Corp I Ordinary Shares,$10.06,-0.01,-0.099%,"145,538,020",/market-activity/stocks/paac,US_NASDAQ_PAAC
AGPU,Axe Compute Inc. Common Stock,$12.55,0.40,3.292%,"145,468,606",/market-activity/stocks/agpu,US_NASDAQ_AGPU
CEPL,"Capstone Energy Plus, Inc. Common Stock",$4.45,-0.03,-0.67%,"145,121,571",/market-activity/stocks/cepl,US_NASDAQ_CEPL
WSHP,WeShop Holdings Limited Class A Ordinary Shares,$5.99,-0.35,-5.521%,"145,060,627",/market-activity/stocks/wshp,US_NASDAQ_WSHP
RRGB,"Red Robin Gourmet Burgers, Inc. Common Stock",$7.65,0.19,2.547%,"144,613,703",/market-activity/stocks/rrgb,US_NASDAQ_RRGB
BANX,ArrowMark Financial Corp. Common Stock,$20.35,0.61,3.09%,"144,538,439",/market-activity/stocks/banx,US_NASDAQ_BANX
LSBK,"Lake Shore Bancorp, Inc. Common Stock",$18.40,0.27,1.489%,"144,509,699",/market-activity/stocks/lsbk,US_NASDAQ_LSBK
RNA,"Atrium Therapeutics, Inc. Common Stock",$8.42,UNCH,--,"144,029,514",/market-activity/stocks/rna,US_NASDAQ_RNA
HURC,"Hurco Companies, Inc. Common Stock",$22.08,0.09,0.409%,"142,997,190",/market-activity/stocks/hurc,US_NASDAQ_HURC
ONL,Orion Properties Inc. Common Stock,$2.50,-0.01,-0.398%,"142,611,785",/market-activity/stocks/onl,US_NASDAQ_ONL
INGN,"Inogen, Inc Common Stock",$5.37,-0.07,-1.287%,"142,510,870",/market-activity/stocks/ingn,US_NASDAQ_INGN
EML,Eastern Company (The) Common Stock,$23.65,-0.74,-3.034%,"142,315,247",/market-activity/stocks/eml,US_NASDAQ_EML
BYND,"Beyond Meat, Inc. Common Stock",$8.23,-0.29,-3.404%,"141,506,340",/market-activity/stocks/bynd,US_NASDAQ_BYND
OCC,Optical Cable Corporation Common Stock,$16.00,1.05,7.023%,"141,472,384",/market-activity/stocks/occ,US_NASDAQ_OCC
SIF,"SIFCO Industries, Inc. Common Stock",$22.60,0.18,0.803%,"141,343,293",/market-activity/stocks/sif,US_NASDAQ_SIF
NXG,NXG NextGen Infrastructure Income Fund Common Shares of Beneficial Interest,$54.22,0.46,0.856%,"141,064,933",/market-activity/stocks/nxg,US_NASDAQ_NXG
RTB,"RTB Digital, Inc. Common Stock",$9.43,0.07,0.748%,"141,060,296",/market-activity/stocks/rtb,US_NASDAQ_RTB
KRRO,"Korro Bio, Inc. Common Stock",$9.56,0.05,0.526%,"140,777,176",/market-activity/stocks/krro,US_NASDAQ_KRRO
EPM,"Evolution Petroleum Corporation, Inc. Common Stock",$3.49,0.04,1.159%,"140,201,069",/market-activity/stocks/epm,US_NASDAQ_EPM
EGG,Enigmatig Limited Class A Ordinary Shares,$5.00,0.75,17.647%,"139,226,000",/market-activity/stocks/egg,US_NASDAQ_EGG
FGBI,"First Guaranty Bancshares, Inc. Common Stock",$8.40,0.27,3.321%,"138,928,390",/market-activity/stocks/fgbi,US_NASDAQ_FGBI
LFMD,"LifeMD, Inc. Common Stock",$2.88,-0.05,-1.706%,"138,818,411",/market-activity/stocks/lfmd,US_NASDAQ_LFMD
KRMD,"KORU Medical Systems, Inc. Common Stock (DE)",$3.005,-0.055,-1.797%,"138,746,566",/market-activity/stocks/krmd,US_NASDAQ_KRMD
NEN,New England Realty Associates Limited Partnership Class A Depositary Receipts Evidencing Units of Limited Partnership,$50.00,UNCH,--,"138,712,700",/market-activity/stocks/nen,US_NASDAQ_NEN
GRML,Greenland Mines Ltd. Common Stock,$10.375,-1.475,-12.447%,"138,476,495",/market-activity/stocks/grml,US_NASDAQ_GRML
DLNG,Dynagas LNG Partners LP Common Units,$3.80,0.26,7.345%,"138,251,642",/market-activity/stocks/dlng,US_NASDAQ_DLNG
DOUG,Douglas Elliman Inc. Common Stock,$1.52,-0.01,-0.654%,"138,153,519",/market-activity/stocks/doug,US_NASDAQ_DOUG
HOFT,Hooker Furnishings Corporation Common Stock,$12.90,-0.21,-1.602%,"137,929,341",/market-activity/stocks/hoft,US_NASDAQ_HOFT
OXSQ,Oxford Square Capital Corp. Common Stock,$1.28,0.01,0.787%,"137,865,952",/market-activity/stocks/oxsq,US_NASDAQ_OXSQ
DOYU,DouYu International Holdings Limited ADS,$4.56,-0.04,-0.87%,"137,615,597",/market-activity/stocks/doyu,US_NASDAQ_DOYU
TUSK,"Mammoth Energy Services, Inc. Common Stock",$2.85,-0.06,-2.062%,"137,163,617",/market-activity/stocks/tusk,US_NASDAQ_TUSK
NYXH,Nyxoah SA Ordinary Shares,$1.37,-0.22,-13.836%,"137,099,757",/market-activity/stocks/nyxh,US_NASDAQ_NYXH
GGZ,Gabelli Global Small and Mid Cap Value Trust (The) Common Shares of Beneficial Interest,$15.33,-0.0933,-0.605%,"136,007,254",/market-activity/stocks/ggz,US_NASDAQ_GGZ
GHI,Greystone Housing Impact Investors LP Beneficial Unit Certificates representing assignments of limited partnership interests,$5.77,-0.09,-1.536%,"135,955,683",/market-activity/stocks/ghi,US_NASDAQ_GHI
SPRB,"Spruce Biosciences, Inc. Common Stock",$47.27,-0.24,-0.505%,"135,854,595",/market-activity/stocks/sprb,US_NASDAQ_SPRB
WYHG,Wing Yip Food Holdings Group Limited American Depositary Shares,$3.81,-0.07,-1.804%,"135,570,209",/market-activity/stocks/wyhg,US_NASDAQ_WYHG
DIBS,"1stdibs.com, Inc. Common Stock",$4.03,0.05,1.256%,"135,469,631",/market-activity/stocks/dibs,US_NASDAQ_DIBS
BRLT,"Brilliant Earth Group, Inc. Class A Common Stock",$1.33,-0.04,-2.92%,"135,424,317",/market-activity/stocks/brlt,US_NASDAQ_BRLT
HOST,Host Digital Inc. Class A Common Stock,$4.80,-0.15,-3.03%,"135,361,541",/market-activity/stocks/host,US_NASDAQ_HOST
DH,Definitive Healthcare Corp. Class A Common Stock,$0.93,0.0147,1.606%,"134,822,143",/market-activity/stocks/dh,US_NASDAQ_DH
GRO,Brazil Potash Corp. Common Shares,$2.17,-0.05,-2.252%,"134,423,287",/market-activity/stocks/gro,US_NASDAQ_GRO
ZJK,"ZJK Industrial Co., Ltd. Class A Ordinary Shares",$2.08,0.05,2.463%,"133,790,278",/market-activity/stocks/zjk,US_NASDAQ_ZJK
INVZ,Innoviz Technologies Ltd. Ordinary shares,$0.3771,-0.0009,-0.238%,"133,756,868",/market-activity/stocks/invz,US_NASDAQ_INVZ
HYNE,"Hoyne Bancorp, Inc. Common Stock",$16.50,0.10,0.61%,"133,599,477",/market-activity/stocks/hyne,US_NASDAQ_HYNE
ARMP,"Armata Pharmaceuticals, Inc. Common Stock",$3.59,-0.19,-5.026%,"133,483,305",/market-activity/stocks/armp,US_NASDAQ_ARMP
XLAB,Exascale Labs Holdings Inc. Class A Common Stock,$2.07,-0.33,-13.75%,"133,173,013",/market-activity/stocks/xlab,US_NASDAQ_XLAB
TNYA,"Tenaya Therapeutics, Inc. Common Stock",$0.5931,0.0033,0.56%,"132,990,820",/market-activity/stocks/tnya,US_NASDAQ_TNYA
CRBU,"Caribou Biosciences, Inc. Common Stock",$1.24,0.01,0.813%,"132,937,316",/market-activity/stocks/crbu,US_NASDAQ_CRBU
CTW,CTW Class A Ordinary Shares,$2.13,0.02,0.948%,"132,912,000",/market-activity/stocks/ctw,US_NASDAQ_CTW
VERI,"Veritone, Inc. Common Stock",$1.32,0.04,3.125%,"132,603,330",/market-activity/stocks/veri,US_NASDAQ_VERI
HUHU,HUHUTECH International Group Inc. Ordinary Shares,$5.20,-0.54,-9.408%,"132,567,495",/market-activity/stocks/huhu,US_NASDAQ_HUHU
AMTX,"Aemetis, Inc. (DE) Common Stock",$1.83,-0.015,-0.813%,"132,070,357",/market-activity/stocks/amtx,US_NASDAQ_AMTX
HURA,"TuHURA Biosciences, Inc. Common Stock",$2.07,-0.02,-0.957%,"131,914,097",/market-activity/stocks/hura,US_NASDAQ_HURA
HCAT,"Health Catalyst, Inc Common Stock",$1.75,-0.02,-1.13%,"131,698,667",/market-activity/stocks/hcat,US_NASDAQ_HCAT
KVHI,"KVH Industries, Inc. Common Stock",$7.25,-0.08,-1.091%,"131,521,975",/market-activity/stocks/kvhi,US_NASDAQ_KVHI
CLAR,Clarus Corporation Common Stock,$3.43,-0.07,-2.00%,"131,328,372",/market-activity/stocks/clar,US_NASDAQ_CLAR
VNCE,Vince Holding Corp. Common Stock,$10.14,-0.68,-6.285%,"131,259,755",/market-activity/stocks/vnce,US_NASDAQ_VNCE
RGP,"Resources Connection, Inc. Common Stock",$3.77,0.01,0.266%,"130,823,909",/market-activity/stocks/rgp,US_NASDAQ_RGP
ENGN,enGene Therapeutics Inc. Common Stock,$1.95,-0.02,-1.015%,"130,681,816",/market-activity/stocks/engn,US_NASDAQ_ENGN
FLYX,"flyExclusive, Inc. Class A Common Stock",$1.28,0.05,4.065%,"130,664,637",/market-activity/stocks/flyx,US_NASDAQ_FLYX
TISI,"Team, Inc. Common Stock",$28.45,-0.02,-0.07%,"130,392,296",/market-activity/stocks/tisi,US_NASDAQ_TISI
AIB,AIB Data Centers Inc. Common Stock,$1.71,0.06,3.636%,"129,924,887",/market-activity/stocks/aib,US_NASDAQ_AIB
MED,MEDIFAST INC Common Stock,$11.61,-0.10,-0.854%,"129,807,962",/market-activity/stocks/med,US_NASDAQ_MED
AIRS,"AirSculpt Technologies, Inc. Common Stock",$1.80,-0.08,-4.255%,"129,771,376",/market-activity/stocks/airs,US_NASDAQ_AIRS
RYDE,Ryde Group Ltd. Class A Ordinary Shares,$0.7196,-0.0254,-3.409%,"129,690,850",/market-activity/stocks/ryde,US_NASDAQ_RYDE
BXBL,"BOXABL, Inc. Common stock",$3.74,-0.16,-4.103%,"129,393,348",/market-activity/stocks/bxbl,US_NASDAQ_BXBL
LANV,Lanvin Group Holdings Limited Ordinary Shares,$1.03,-0.055,-5.069%,"129,363,791",/market-activity/stocks/lanv,US_NASDAQ_LANV
ACNT,Ascent Industries Co. Common Stock,$14.35,-0.17,-1.171%,"129,285,651",/market-activity/stocks/acnt,US_NASDAQ_ACNT
BEBE,TGE Value Creative Solutions Corp Class A Ordinary Shares,$10.04,UNCH,--,"129,214,800",/market-activity/stocks/bebe,US_NASDAQ_BEBE
SHIM,Shimmick Corporation Common Stock,$3.12,0.03,0.971%,"128,967,768",/market-activity/stocks/shim,US_NASDAQ_SHIM
CRBP,"Corbus Pharmaceuticals Holdings, Inc. Common Stock",$6.63,-0.29,-4.191%,"128,232,773",/market-activity/stocks/crbp,US_NASDAQ_CRBP
SWVL,Swvl Holdings Corp Class A Common Shares,$4.27,-0.08,-1.839%,"128,099,026",/market-activity/stocks/swvl,US_NASDAQ_SWVL
NMRA,"Neumora Therapeutics, Inc. Common Stock",$0.6776,-0.0142,-2.053%,"127,318,270",/market-activity/stocks/nmra,US_NASDAQ_NMRA
FEAM,"5E Advanced Materials, Inc. Common Stock",$3.05,0.26,9.319%,"127,024,482",/market-activity/stocks/feam,US_NASDAQ_FEAM
UNCY,"Unicycive Therapeutics, Inc. Common Stock",$4.55,-0.09,-1.94%,"126,741,419",/market-activity/stocks/uncy,US_NASDAQ_UNCY
NRXP,"NRX Pharmaceuticals, Inc. Common Stock",$2.92,0.05,1.742%,"126,423,640",/market-activity/stocks/nrxp,US_NASDAQ_NRXP
SVRN,"SVRN, Inc. Common Stock",$67.33,15.275,29.344%,"126,298,691",/market-activity/stocks/svrn,US_NASDAQ_SVRN
ZENA,"ZenaTech, Inc. Common Stock",$1.47,0.09,6.522%,"126,293,624",/market-activity/stocks/zena,US_NASDAQ_ZENA
SAMG,Silvercrest Asset Management Group Inc. Class A Common Stock,$10.59,0.21,2.023%,"125,467,853",/market-activity/stocks/samg,US_NASDAQ_SAMG
OPENW,"Opendoor Technologies Inc  Series K Warrants, each whole warrant exercisable to purchase one share of Common Stock at an exercise price of $9.00 per warrant",$0.129,0.007,5.738%,"125,270,745",/market-activity/stocks/openw,US_NASDAQ_OPENW
STXS,"Stereotaxis, Inc. Common Stock",$1.25,-0.01,-0.794%,"125,252,723",/market-activity/stocks/stxs,US_NASDAQ_STXS
WTF,Waton Financial Limited Ordinary Shares,$2.59,0.13,5.285%,"124,935,052",/market-activity/stocks/wtf,US_NASDAQ_WTF
COOK,"Traeger, Inc. Common Stock",$44.56,-0.75,-1.655%,"124,688,861",/market-activity/stocks/cook,US_NASDAQ_COOK
SMID,Smith-Midland Corporation Common Stock,$23.50,-0.61,-2.53%,"124,658,241",/market-activity/stocks/smid,US_NASDAQ_SMID
SUIG,Sui Group Holdings Limited Common Stock,$1.62,0.02,1.25%,"124,420,653",/market-activity/stocks/suig,US_NASDAQ_SUIG
OESX,"Orion Energy Systems, Inc. Common Stock",$30.425,-0.035,-0.115%,"124,416,527",/market-activity/stocks/oesx,US_NASDAQ_OESX
UP,Wheels Up Experience Inc. Class A Common Stock,$3.42,-0.16,-4.469%,"124,063,376",/market-activity/stocks/up,US_NASDAQ_UP
UFI,"Unifi, Inc. New Common Stock",$6.66,-0.01,-0.15%,"123,801,654",/market-activity/stocks/ufi,US_NASDAQ_UFI
FBYDW,"Falcon's Beyond Global, Inc. Warrants",$1.02,0.1001,10.882%,"123,684,433",/market-activity/stocks/fbydw,US_NASDAQ_FBYDW
PLBY,"Playboy, Inc. Common Stock",$1.03,UNCH,--,"123,401,919",/market-activity/stocks/plby,US_NASDAQ_PLBY
USDEW,StablecoinX Inc. Warrants,$4.53,-0.31,-6.405%,"123,157,694",/market-activity/stocks/usdew,US_NASDAQ_USDEW
CODA,"Coda Octopus Group, Inc. Common stock",$10.90,0.03,0.276%,"122,985,801",/market-activity/stocks/coda,US_NASDAQ_CODA
MGYR,"Magyar Bancorp, Inc. Common Stock",$19.05,-0.45,-2.308%,"122,975,046",/market-activity/stocks/mgyr,US_NASDAQ_MGYR
BOTJ,"Bank of the James Financial Group, Inc. Common Stock",$27.04,-0.17,-0.625%,"122,851,860",/market-activity/stocks/botj,US_NASDAQ_BOTJ
VRA,"Vera Bradley, Inc. Common Stock",$4.27,0.12,2.892%,"122,500,595",/market-activity/stocks/vra,US_NASDAQ_VRA
MXCT,"MaxCyte, Inc. Common Stock",$1.18,0.02,1.724%,"121,783,323",/market-activity/stocks/mxct,US_NASDAQ_MXCT
LGCY,Legacy Education Inc. Common Stock,$9.50,0.43,4.741%,"121,725,761",/market-activity/stocks/lgcy,US_NASDAQ_LGCY
IMUX,"Immunic, Inc. Common Stock",$8.91,-0.60,-6.309%,"121,572,201",/market-activity/stocks/imux,US_NASDAQ_IMUX
TLSA,Tiziana Life Sciences Ltd. Common Shares,$0.9537,-0.0268,-2.733%,"121,367,033",/market-activity/stocks/tlsa,US_NASDAQ_TLSA
JHS,John Hancock Income Securities Trust Common Stock,$10.42,UNCH,--,"121,357,416",/market-activity/stocks/jhs,US_NASDAQ_JHS
LENZ,"LENZ Therapeutics, Inc. Common Stock",$3.86,-0.10,-2.525%,"121,282,524",/market-activity/stocks/lenz,US_NASDAQ_LENZ
AKA,a.k.a. Brands Holding Corp. Common Stock,$11.00,-0.22,-1.961%,"120,901,649",/market-activity/stocks/aka,US_NASDAQ_AKA
LX,LexinFintech Holdings Ltd. American Depositary Shares,$0.7326,-0.0203,-2.696%,"120,723,890",/market-activity/stocks/lx,US_NASDAQ_LX
WSBK,"Winchester Bancorp, Inc. Common Stock",$12.97,0.26,2.046%,"120,561,027",/market-activity/stocks/wsbk,US_NASDAQ_WSBK
RVSB,Riverview Bancorp Inc Common Stock,$5.97,0.03,0.505%,"120,358,860",/market-activity/stocks/rvsb,US_NASDAQ_RVSB
CVGI,"Commercial Vehicle Group, Inc. Common Stock",$2.96,UNCH,--,"120,272,739",/market-activity/stocks/cvgi,US_NASDAQ_CVGI
AXR,AMREP Corporation Common Stock,$22.49,0.21,0.943%,"119,755,854",/market-activity/stocks/axr,US_NASDAQ_AXR
WALD,Waldencast plc Class A Ordinary Share,$0.9277,-0.1323,-12.481%,"119,303,067",/market-activity/stocks/wald,US_NASDAQ_WALD
SFBC,"Sound Financial Bancorp, Inc. Common Stock",$46.41,0.05,0.108%,"119,182,876",/market-activity/stocks/sfbc,US_NASDAQ_SFBC
SEER,"Seer, Inc. Class A Common Stock",$2.15,0.12,5.911%,"119,049,832",/market-activity/stocks/seer,US_NASDAQ_SEER
VTVT,vTv Therapeutics Inc. Class A Common Stock,$30.00,-0.52,-1.704%,"118,617,840",/market-activity/stocks/vtvt,US_NASDAQ_VTVT
CBUS,"Cibus, Inc. Class A Common Stock",$1.55,0.08,5.442%,"118,464,894",/market-activity/stocks/cbus,US_NASDAQ_CBUS
BMHL,Bluemount Holdings Limited Class B Ordinary Shares,$4.64,-0.36,-7.20%,"118,413,482",/market-activity/stocks/bmhl,US_NASDAQ_BMHL
COYA,"Coya Therapeutics, Inc. Common Stock",$5.03,0.05,1.004%,"117,992,980",/market-activity/stocks/coya,US_NASDAQ_COYA
VIVO,VivoPower PLC Class A Ordinary Shares,$3.68,-0.26,-6.599%,"117,736,282",/market-activity/stocks/vivo,US_NASDAQ_VIVO
AARD,"Aardvark Therapeutics, Inc. Common Stock",$5.35,0.08,1.518%,"117,083,926",/market-activity/stocks/aard,US_NASDAQ_AARD
RDZN,"Roadzen, Inc. Ordinary Shares",$1.37,0.115,9.163%,"116,676,136",/market-activity/stocks/rdzn,US_NASDAQ_RDZN
FLX,BingEx Limited American Depositary Shares,$1.59,0.20,14.388%,"116,276,557",/market-activity/stocks/flx,US_NASDAQ_FLX
BOOM,DMC Global Inc. Common Stock,$5.64,-0.19,-3.259%,"115,850,952",/market-activity/stocks/boom,US_NASDAQ_BOOM
KULR,"KULR Technology Group, Inc. Common Stock",$2.50,0.05,2.041%,"115,700,805",/market-activity/stocks/kulr,US_NASDAQ_KULR
GSIW,Garden Stage Limited Class A Ordinary Shares,$10.80,-2.20,-16.923%,"115,693,909",/market-activity/stocks/gsiw,US_NASDAQ_GSIW
BSBK,Bogota Financial Corp. Common Stock,$9.05,-0.05,-0.549%,"115,489,883",/market-activity/stocks/bsbk,US_NASDAQ_BSBK
FGCPP,FG Communities Holdings Inc. 8.00% Cumulative Preferred Stock,$24.50,-1.49,-5.733%,"115,336,568",/market-activity/stocks/fgcpp,US_NASDAQ_FGCPP
BEEP,Mobile Infrastructure Corporation Common Stock,$2.79,-0.04,-1.413%,"115,227,000",/market-activity/stocks/beep,US_NASDAQ_BEEP
INO,"Inovio Pharmaceuticals, Inc. Common Stock",$1.11,-0.06,-5.128%,"114,771,245",/market-activity/stocks/ino,US_NASDAQ_INO
MWC,"Micware Co., Ltd. American Depositary Shares",$1.87,-0.06,-3.109%,"114,690,821",/market-activity/stocks/mwc,US_NASDAQ_MWC
CPIX,Cumberland Pharmaceuticals Inc. Common Stock,$7.65,-0.07,-0.907%,"114,620,769",/market-activity/stocks/cpix,US_NASDAQ_CPIX
PROV,"Provident Financial Holdings, Inc. Common Stock",$18.305,0.035,0.192%,"114,112,601",/market-activity/stocks/prov,US_NASDAQ_PROV
HOVR,New Horizon Aircraft Ltd. Class A Ordinary Share,$1.70,UNCH,--,"114,110,700",/market-activity/stocks/hovr,US_NASDAQ_HOVR
UNB,"Union Bankshares, Inc. Common Stock",$23.07,-0.07,-0.303%,"114,101,175",/market-activity/stocks/unb,US_NASDAQ_UNB
BHR,Braemar Hotels & Resorts Inc. Common Stock,$1.66,UNCH,--,"114,007,668",/market-activity/stocks/bhr,US_NASDAQ_BHR
PNBK,Patriot National Bancorp Inc. Common Stock,$0.9509,-0.0491,-4.91%,"112,911,958",/market-activity/stocks/pnbk,US_NASDAQ_PNBK
OPHC,"OptimumBank Holdings, Inc. Common Stock",$8.92,0.07,0.791%,"112,592,432",/market-activity/stocks/ophc,US_NASDAQ_OPHC
ICG,Intchains Group Limited American Depositary Shares,$0.93,0.05,5.682%,"112,328,099",/market-activity/stocks/icg,US_NASDAQ_ICG
DMRC,Digimarc Corporation Common Stock,$4.97,0.07,1.429%,"111,702,385",/market-activity/stocks/dmrc,US_NASDAQ_DMRC
RANI,"Rani Therapeutics Holdings, Inc. Class A Common Stock",$0.8003,0.0243,3.131%,"111,558,074",/market-activity/stocks/rani,US_NASDAQ_RANI
GRABW,Grab Holdings Limited Warrant,$0.0272,0.0045,19.824%,"111,533,104",/market-activity/stocks/grabw,US_NASDAQ_GRABW
BYFC,Broadway Financial Corporation Class A Common Stock,$11.985,0.1499,1.267%,"111,203,362",/market-activity/stocks/byfc,US_NASDAQ_BYFC
VANI,"Vivani Medical, Inc. Common Stock (DE)",$1.23,-0.02,-1.60%,"110,950,128",/market-activity/stocks/vani,US_NASDAQ_VANI
GNLX,Genelux Corporation Common Stock,$2.45,-0.02,-0.81%,"110,851,071",/market-activity/stocks/gnlx,US_NASDAQ_GNLX
IMDX,Insight Molecular Diagnostics Inc. Common Stock,$3.38,0.20,6.289%,"110,608,080",/market-activity/stocks/imdx,US_NASDAQ_IMDX
NICM,Nicola Mining Inc. American Depositary Shares,$5.56,UNCH,--,"110,208,024",/market-activity/stocks/nicm,US_NASDAQ_NICM
JYNT,The Joint Corp. Common Stock,$7.75,-0.35,-4.321%,"109,609,444",/market-activity/stocks/jynt,US_NASDAQ_JYNT
GGT,"Gabelli Multi-Media Trust, Inc. (The) Common Stock",$3.98,UNCH,--,"109,592,289",/market-activity/stocks/ggt,US_NASDAQ_GGT
APYX,Apyx Medical Corporation Common Stock,$2.60,0.10,4.00%,"109,522,460",/market-activity/stocks/apyx,US_NASDAQ_APYX
CBAT,CBAK Energy Technology Limited Ordinary Shares,$1.23,0.10,8.85%,"109,034,378",/market-activity/stocks/cbat,US_NASDAQ_CBAT
ZKIN,"ZK International Group Co., Ltd Ordinary Share",$1.90,-0.23,-10.798%,"108,893,385",/market-activity/stocks/zkin,US_NASDAQ_ZKIN
EVTL,Vertical Aerospace Ltd. Ordinary Shares,$0.6328,-0.0324,-4.871%,"108,666,720",/market-activity/stocks/evtl,US_NASDAQ_EVTL
NRDY,Nerdy Inc. Class A Common Stock,$8.50,0.01,0.118%,"108,578,941",/market-activity/stocks/nrdy,US_NASDAQ_NRDY
QUCY,Quantum Cyber N.V. Ordinary Shares,$1.29,-0.07,-5.147%,"108,447,968",/market-activity/stocks/qucy,US_NASDAQ_QUCY
SSTI,"SoundThinking, Inc. Common Stock",$8.21,2.74,50.091%,"108,074,716",/market-activity/stocks/ssti,US_NASDAQ_SSTI
PMVP,"PMV Pharmaceuticals, Inc. Common Stock",$1.43,0.07,5.147%,"107,987,068",/market-activity/stocks/pmvp,US_NASDAQ_PMVP
TCX,Tucows Inc. Class A Common Stock,$9.64,0.05,0.521%,"107,795,560",/market-activity/stocks/tcx,US_NASDAQ_TCX
PYPD,PolyPid Ltd. Ordinary Shares,$5.29,-0.02,-0.377%,"107,449,242",/market-activity/stocks/pypd,US_NASDAQ_PYPD
BDTX,"Black Diamond Therapeutics, Inc. Common Stock",$1.87,0.04,2.186%,"107,438,507",/market-activity/stocks/bdtx,US_NASDAQ_BDTX
HOVNP,Hovnanian Enterprises Inc Dep Shr Srs A Pfd,$17.98,0.03,0.167%,"107,158,822",/market-activity/stocks/hovnp,US_NASDAQ_HOVNP
NINE,"Nine Energy Service, Inc. Common Stock",$7.67,-0.66,-7.923%,"106,996,423",/market-activity/stocks/nine,US_NASDAQ_NINE
PZG,Paramount Gold Nevada Corp. Common Stock,$1.24,-0.01,-0.80%,"106,907,072",/market-activity/stocks/pzg,US_NASDAQ_PZG
JHI,John Hancock Investors Trust Common Stock,$12.17,0.05,0.413%,"106,421,137",/market-activity/stocks/jhi,US_NASDAQ_JHI
ULBI,Ultralife Corporation Common Stock,$6.38,0.33,5.455%,"106,311,656",/market-activity/stocks/ulbi,US_NASDAQ_ULBI
GLU,Gabelli Global Utility Common Shares of Beneficial Ownership,$17.76,-0.03,-0.169%,"106,007,859",/market-activity/stocks/glu,US_NASDAQ_GLU
ZSTK,ZeroStack Corp. Common Stock,$4.84,0.60,14.151%,"105,611,351",/market-activity/stocks/zstk,US_NASDAQ_ZSTK
RFL,"Rafael Holdings, Inc. Class B Common Stock",$2.03,0.01,0.495%,"105,559,992",/market-activity/stocks/rfl,US_NASDAQ_RFL
OKUR,"OnKure Therapeutics, Inc. Class A Common Stock",$2.60,-0.16,-5.797%,"105,290,403",/market-activity/stocks/okur,US_NASDAQ_OKUR
NIOBW,NioCorp Developments Ltd. Warrant,$0.72,-0.0001,-0.014%,"105,011,734",/market-activity/stocks/niobw,US_NASDAQ_NIOBW
CNXU,Conexeu Sciences Inc. Common Stock,$3.71,-0.06,-1.592%,"104,646,850",/market-activity/stocks/cnxu,US_NASDAQ_CNXU
GHG,"GreenTree Hospitality Group Ltd. American depositary shares, each representing one Class A ordinary share",$1.03,0.02,1.98%,"103,924,245",/market-activity/stocks/ghg,US_NASDAQ_GHG
STHO,Star Holdings Shares of Beneficial Interest,$8.58,0.11,1.299%,"103,657,837",/market-activity/stocks/stho,US_NASDAQ_STHO
TP,Ticketplus Ltd. Ordinary Shares,$8.0999,0.5899,7.855%,"103,499,518",/market-activity/stocks/tp,US_NASDAQ_TP
LAKE,"Lakeland Industries, Inc. Common Stock",$10.39,0.12,1.168%,"103,186,685",/market-activity/stocks/lake,US_NASDAQ_LAKE
PLYX,"Polaryx Therapeutics, Inc. Common Stock",$2.07,0.03,1.471%,"103,181,206",/market-activity/stocks/plyx,US_NASDAQ_PLYX
VATE,INNOVATE Corp. Common Stock,$7.55,0.15,2.027%,"102,996,088",/market-activity/stocks/vate,US_NASDAQ_VATE
EQ,"Equillium, Inc. Common Stock",$1.62,-0.06,-3.571%,"102,721,093",/market-activity/stocks/eq,US_NASDAQ_EQ
VIRC,Virco Manufacturing Corporation Common Stock,$6.50,UNCH,--,"102,464,798",/market-activity/stocks/virc,US_NASDAQ_VIRC
ILLU,Illumination Acquisition Corp I Class A Ordinary Shares,$9.98,UNCH,--,"102,442,145",/market-activity/stocks/illu,US_NASDAQ_ILLU
MIST,Milestone Pharmaceuticals Inc. Common Shares,$0.82,0.0246,3.093%,"102,088,344",/market-activity/stocks/mist,US_NASDAQ_MIST
FJET,"Starfighters Space, Inc. Common Stock",$1.85,0.01,0.543%,"101,742,635",/market-activity/stocks/fjet,US_NASDAQ_FJET
XHG,XChange TEC.INC American Depositary Shares ,$1.97,-0.30,-13.216%,"101,549,414",/market-activity/stocks/xhg,US_NASDAQ_XHG
FLNT,"Fluent, Inc. Common Stock",$3.21,0.125,4.052%,"101,458,746",/market-activity/stocks/flnt,US_NASDAQ_FLNT
PAL,"Proficient Auto Logistics, Inc. Common Stock",$3.60,0.07,1.983%,"100,990,523",/market-activity/stocks/pal,US_NASDAQ_PAL
CSTE,Caesarstone Ltd. Ordinary Shares,$2.905,0.035,1.22%,"100,446,403",/market-activity/stocks/cste,US_NASDAQ_CSTE
BZFD,"BuzzFeed, Inc. Class A Common Stock",$1.18,0.12,11.321%,"100,340,985",/market-activity/stocks/bzfd,US_NASDAQ_BZFD
NTRB,Nutriband Inc. Common Stock,$8.25,0.02,0.243%,"100,284,385",/market-activity/stocks/ntrb,US_NASDAQ_NTRB
CHMI,Cherry Hill Mortgage Investment Corporation Common Stock,$2.71,-0.02,-0.733%,"100,127,438",/market-activity/stocks/chmi,US_NASDAQ_CHMI
PUSA,Aureus Greenway Holdings Inc. Common Stock,$3.61,-0.04,-1.096%,"99,793,331",/market-activity/stocks/pusa,US_NASDAQ_PUSA
BGM,BGM Group Ltd. Class A Ordinary Shares,$0.249,0.005,2.049%,"99,755,216",/market-activity/stocks/bgm,US_NASDAQ_BGM
FURY,Fury Gold Mines Limited Common Shares,$0.524,-0.0061,-1.151%,"99,629,270",/market-activity/stocks/fury,US_NASDAQ_FURY
NFE,New Fortress Energy Inc. Class A Common Stock,$6.08,-0.40,-6.173%,"99,235,419",/market-activity/stocks/nfe,US_NASDAQ_NFE
BUDA,"Buda Juice, Inc. Common Stock",$7.89,-0.07,-0.879%,"99,150,995",/market-activity/stocks/buda,US_NASDAQ_BUDA
ANIX,"Anixa Biosciences, Inc. Common Stock",$2.85,0.06,2.151%,"99,076,836",/market-activity/stocks/anix,US_NASDAQ_ANIX
VIOT,"Viomi Technology Co., Ltd American Depositary Shares",$1.47,-0.12,-7.547%,"98,962,943",/market-activity/stocks/viot,US_NASDAQ_VIOT
QXL,Quantum X Labs Inc. Common Stock,$4.58,-0.03,-0.651%,"98,780,643",/market-activity/stocks/qxl,US_NASDAQ_QXL
HMR,Heidmar Maritime Holdings Corp. Common Stock,$1.67,-0.05,-2.907%,"98,516,635",/market-activity/stocks/hmr,US_NASDAQ_HMR
WFF,WF Holding Limited Ordinary Shares,$2.35,0.18,8.295%,"98,511,845",/market-activity/stocks/wff,US_NASDAQ_WFF
KEQU,Kewaunee Scientific Corporation Common Stock,$34.00,-0.02,-0.059%,"98,441,798",/market-activity/stocks/kequ,US_NASDAQ_KEQU
ABLV,Able View Global Inc. Class B Ordinary Shares,$1.78,0.115,6.907%,"98,293,070",/market-activity/stocks/ablv,US_NASDAQ_ABLV
NTHI,"NeOnc Technologies Holdings, Inc. Common Stock",$3.30,0.14,4.43%,"98,228,114",/market-activity/stocks/nthi,US_NASDAQ_NTHI
ECOR,"electroCore, Inc. Common Stock",$10.88,-0.15,-1.36%,"98,092,829",/market-activity/stocks/ecor,US_NASDAQ_ECOR
CTOR,"Citius Oncology, Inc. Common Stock",$1.05,0.02,1.942%,"97,630,264",/market-activity/stocks/ctor,US_NASDAQ_CTOR
PARK,"Park Dental Partners, Inc. Common Stock",$20.50,0.73,3.692%,"97,483,281",/market-activity/stocks/park,US_NASDAQ_PARK
NRXS,"Neuraxis, Inc. Common Stock",$7.76,0.36,4.865%,"97,448,256",/market-activity/stocks/nrxs,US_NASDAQ_NRXS
CANG,Cango Inc. Class A Ordinary Shares,$2.37,0.08,3.493%,"97,222,062",/market-activity/stocks/cang,US_NASDAQ_CANG
SRG,Seritage Growth Properties Class A Common Stock,$1.72,-0.03,-1.714%,"96,878,324",/market-activity/stocks/srg,US_NASDAQ_SRG
AMPG,"Amplitech Group, Inc. Common Stock",$3.22,0.07,2.222%,"96,741,316",/market-activity/stocks/ampg,US_NASDAQ_AMPG
CIGL,Concorde International Group Ltd Class A Ordinary Shares,$0.3899,-0.0006,-0.154%,"96,332,812",/market-activity/stocks/cigl,US_NASDAQ_CIGL
SPWR,SunPower Inc. Common Stock,$0.3005,UNCH,--,"96,250,254",/market-activity/stocks/spwr,US_NASDAQ_SPWR
BWEN,"Broadwind, Inc. Common Stock",$4.06,-0.16,-3.791%,"96,048,934",/market-activity/stocks/bwen,US_NASDAQ_BWEN
PMN,ProMIS Neurosciences Inc. Common Shares (ON),$10.635,-0.015,-0.141%,"95,371,415",/market-activity/stocks/pmn,US_NASDAQ_PMN
FNWB,First Northwest Bancorp Common Stock,$10.01,-0.03,-0.299%,"95,211,266",/market-activity/stocks/fnwb,US_NASDAQ_FNWB
USGO,U.S. GoldMining Inc. Common stock,$6.74,-0.18,-2.601%,"94,600,861",/market-activity/stocks/usgo,US_NASDAQ_USGO
MNOV,Medicinova Inc Common Stock,$1.92,-0.18,-8.571%,"94,504,792",/market-activity/stocks/mnov,US_NASDAQ_MNOV
SUNS,"Sunrise Realty Trust, Inc. Common Stock",$6.99,-0.07,-0.992%,"94,475,798",/market-activity/stocks/suns,US_NASDAQ_SUNS
UPXI,"Upexi, Inc. Common Stock",$1.15,-0.04,-3.361%,"94,417,845",/market-activity/stocks/upxi,US_NASDAQ_UPXI
ZVIA,Zevia PBC Class A Common Stock,$1.22,-0.05,-3.937%,"94,361,389",/market-activity/stocks/zvia,US_NASDAQ_ZVIA
GCL,GCL Global Holdings Ltd Ordinary Shares,$0.7217,-0.0383,-5.039%,"93,918,741",/market-activity/stocks/gcl,US_NASDAQ_GCL
NIPG,NIP Group Inc. American Depositary Shares,$10.99,-0.71,-6.068%,"93,652,230",/market-activity/stocks/nipg,US_NASDAQ_NIPG
LINK,"Interlink Electronics, Inc. Common Stock",$5.94,0.01,0.169%,"93,575,249",/market-activity/stocks/link,US_NASDAQ_LINK
GRWG,GrowGeneration Corp. Common Stock,$1.57,UNCH,--,"92,505,105",/market-activity/stocks/grwg,US_NASDAQ_GRWG
SLNG,"Stabilis Solutions, Inc. Common Stock",$4.97,-0.18,-3.495%,"92,423,616",/market-activity/stocks/slng,US_NASDAQ_SLNG
AUBN,"Auburn National Bancorporation, Inc. Common Stock",$26.51,-0.30,-1.119%,"92,368,581",/market-activity/stocks/aubn,US_NASDAQ_AUBN
SATLW,Satellogic Inc. Warrant,$0.60,UNCH,--,"92,243,947",/market-activity/stocks/satlw,US_NASDAQ_SATLW
FACWW,Factorial Energy Inc. Warrant,$0.8546,UNCH,--,"91,462,065",/market-activity/stocks/facww,US_NASDAQ_FACWW
RLYB,Rallybio Corporation Common Stock,$17.22,0.17,0.997%,"91,446,793",/market-activity/stocks/rlyb,US_NASDAQ_RLYB
BMEA,"Biomea Fusion, Inc. Common Stock",$1.26,-0.03,-2.326%,"91,329,654",/market-activity/stocks/bmea,US_NASDAQ_BMEA
MDIA,Mediaco Holding Inc. Class A Common Stock ,$1.0845,0.0095,0.884%,"91,119,536",/market-activity/stocks/mdia,US_NASDAQ_MDIA
FUSB,"First US Bancshares, Inc. Common Stock",$16.55,0.10,0.608%,"91,102,934",/market-activity/stocks/fusb,US_NASDAQ_FUSB
CRDF,"Cardiff Oncology, Inc. Common Stock",$1.17,-0.03,-2.50%,"91,020,441",/market-activity/stocks/crdf,US_NASDAQ_CRDF
TRBG,TurboGen Ltd. Ordinary Shares,$3.57,-0.03,-0.833%,"90,877,884",/market-activity/stocks/trbg,US_NASDAQ_TRBG
HERE,Here Group Limited American Depositary Shares,$1.67,0.005,0.30%,"90,822,307",/market-activity/stocks/here,US_NASDAQ_HERE
HDRN,"Hadron Energy, Inc. Common Stock  ",$1.27,-0.03,-2.308%,"90,803,529",/market-activity/stocks/hdrn,US_NASDAQ_HDRN
CGTX,"Cognition Therapeutics, Inc. Common Stock",$0.9544,0.016,1.705%,"90,757,471",/market-activity/stocks/cgtx,US_NASDAQ_CGTX
FDSB,"Fifth District Bancorp, Inc. Common Stock",$17.33,UNCH,--,"90,733,953",/market-activity/stocks/fdsb,US_NASDAQ_FDSB
SPAI,Safe Pro Group Inc. Common Stock,$4.455,0.435,10.821%,"90,716,550",/market-activity/stocks/spai,US_NASDAQ_SPAI
ICCC,ImmuCell Corporation Common Stock,$9.94,0.06,0.607%,"90,277,038",/market-activity/stocks/iccc,US_NASDAQ_ICCC
DAVA,Endava plc American Depositary Shares (each representing one Class A Ordinary Share),$1.65,-0.05,-2.941%,"89,640,545",/market-activity/stocks/dava,US_NASDAQ_DAVA
LUD,Luda Technology Group Limited Ordinary Shares,$3.95,-0.05,-1.25%,"89,625,500",/market-activity/stocks/lud,US_NASDAQ_LUD
RGT,"Royce Global Trust, Inc. Common Stock",$14.29,0.03,0.21%,"89,554,615",/market-activity/stocks/rgt,US_NASDAQ_RGT
DWSN,Dawson Geophysical Company Common Stock,$2.88,-0.02,-0.69%,"89,440,180",/market-activity/stocks/dwsn,US_NASDAQ_DWSN
LPA,Logistic Properties of the Americas Ordinary Shares,$2.82,-0.05,-1.742%,"89,390,151",/market-activity/stocks/lpa,US_NASDAQ_LPA
ACRV,"Acrivon Therapeutics, Inc. Common Stock",$2.08,0.02,0.971%,"89,134,993",/market-activity/stocks/acrv,US_NASDAQ_ACRV
WRAP,"Wrap Technologies, Inc. Common Stock",$1.38,0.04,2.985%,"89,115,669",/market-activity/stocks/wrap,US_NASDAQ_WRAP
TGEN,Tecogen Inc. Common Stock,$2.95,-0.21,-6.646%,"89,054,075",/market-activity/stocks/tgen,US_NASDAQ_TGEN
EP,Empire Petroleum Corporation Common Stock,$2.14,0.04,1.905%,"89,029,010",/market-activity/stocks/ep,US_NASDAQ_EP
PFX,PhenixFIN Corporation Common Stock,$46.09,1.42,3.179%,"89,012,373",/market-activity/stocks/pfx,US_NASDAQ_PFX
VENU,Venu Holding Corporation Common Stock,$1.51,0.08,5.594%,"88,892,702",/market-activity/stocks/venu,US_NASDAQ_VENU
EMPD,Empery Digital Inc. Common stock,$3.155,0.175,5.872%,"88,687,400",/market-activity/stocks/empd,US_NASDAQ_EMPD
GFUZW,General Fusion Group Ltd. Warrant,$1.395,0.045,3.333%,"88,650,466",/market-activity/stocks/gfuzw,US_NASDAQ_GFUZW
CCLD,"CareCloud, Inc. Common Stock",$2.08,0.03,1.463%,"88,387,227",/market-activity/stocks/ccld,US_NASDAQ_CCLD
SIEB,Siebert Financial Corp. Common Stock,$2.15,-0.08,-3.587%,"88,367,012",/market-activity/stocks/sieb,US_NASDAQ_SIEB
MGF,Aberdeen Government Markets Income Fund Common Shares of Beneficial Interest,$2.70,0.01,0.372%,"88,012,961",/market-activity/stocks/mgf,US_NASDAQ_MGF
HFFG,HF Foods Group Inc. Common Stock,$1.58,UNCH,--,"87,852,449",/market-activity/stocks/hffg,US_NASDAQ_HFFG
JXG,JX Luxventure Group Inc. Common Stock,$7.25,0.35,5.072%,"87,434,108",/market-activity/stocks/jxg,US_NASDAQ_JXG
YRD,"Yiren Digital Ltd. American Depositary Shares, each representing two ordinary shares",$0.9992,0.0228,2.335%,"87,418,470",/market-activity/stocks/yrd,US_NASDAQ_YRD
INSE,"Inspired Entertainment, Inc. Common Stock",$3.29,-0.70,-17.544%,"86,719,044",/market-activity/stocks/inse,US_NASDAQ_INSE
MHH,"Mastech Digital, Inc Common Stock",$7.21,-0.05,-0.689%,"86,610,709",/market-activity/stocks/mhh,US_NASDAQ_MHH
WCT,Wellchange Holdings Company Limited Class A Ordinary shares,$8.06,0.12,1.511%,"86,572,992",/market-activity/stocks/wct,US_NASDAQ_WCT
JLHL,Julong Holding Limited Class A Ordinary Shares,$4.03,-1.89,-31.926%,"86,437,987",/market-activity/stocks/jlhl,US_NASDAQ_JLHL
LGL,"LGL Group, Inc. (The) Common Stock",$6.85,0.1399,2.085%,"86,400,071",/market-activity/stocks/lgl,US_NASDAQ_LGL
LSE,"Leishen Energy Holding Co., Ltd. Class A Ordinary Shares",$5.07,0.27,5.625%,"86,316,750",/market-activity/stocks/lse,US_NASDAQ_LSE
ANTA,Antalpha Platform Holding Company Class A Ordinary Shares,$2.29,-0.25,-9.843%,"86,104,000",/market-activity/stocks/anta,US_NASDAQ_ANTA
MMLP,Martin Midstream Partners L.P. Limited Partnership,$2.20,0.02,0.917%,"86,074,309",/market-activity/stocks/mmlp,US_NASDAQ_MMLP
TSQ,"Townsquare Media, Inc. Class A Common Stock",$4.72,0.11,2.386%,"86,053,336",/market-activity/stocks/tsq,US_NASDAQ_TSQ
ONCY,"Oncolytics Biotech, Inc. Common Stock",$0.6745,0.0115,1.735%,"86,005,836",/market-activity/stocks/oncy,US_NASDAQ_ONCY
ATGL,Alpha Technology Group Limited Class A Ordinary Shares,$5.22,-0.28,-5.091%,"85,934,250",/market-activity/stocks/atgl,US_NASDAQ_ATGL
BDL,"Flanigan's Enterprises, Inc. Common Stock",$45.94,1.24,2.774%,"85,386,243",/market-activity/stocks/bdl,US_NASDAQ_BDL
HYPR,"Hyperfine, Inc. Class A Common Stock",$0.805,-0.0309,-3.697%,"85,369,179",/market-activity/stocks/hypr,US_NASDAQ_HYPR
FTLF,"FitLife Brands, Inc. Common Stock",$9.09,-0.20,-2.153%,"85,364,844",/market-activity/stocks/ftlf,US_NASDAQ_FTLF
RMI,"RiverNorth Opportunistic Municipal Income Fund, Inc. Common Stock",$13.39,0.01,0.075%,"85,338,059",/market-activity/stocks/rmi,US_NASDAQ_RMI
LUNG,Pulmonx Corporation Common Stock,$1.98,0.02,1.02%,"85,037,573",/market-activity/stocks/lung,US_NASDAQ_LUNG
BCIC,BCP Investment Corporation Common Stock,$6.85,0.065,0.958%,"84,828,016",/market-activity/stocks/bcic,US_NASDAQ_BCIC
LNSR,"LENSAR, Inc. Common Stock",$6.90,0.02,0.291%,"84,772,469",/market-activity/stocks/lnsr,US_NASDAQ_LNSR
RFIL,"RF Industries, Ltd. Common Stock",$7.81,-0.11,-1.389%,"84,721,013",/market-activity/stocks/rfil,US_NASDAQ_RFIL
EVF,Eaton Vance Senior Income Trust Common Stock,$4.83,-0.02,-0.412%,"84,712,684",/market-activity/stocks/evf,US_NASDAQ_EVF
UBCP,"United Bancorp, Inc. Common Stock",$14.75,UNCH,--,"84,598,891",/market-activity/stocks/ubcp,US_NASDAQ_UBCP
GOW,GOWell Energy Technology Ordinary shares,$1.8099,-0.1801,-9.05%,"84,595,052",/market-activity/stocks/gow,US_NASDAQ_GOW
MGLD,"The Marygold Companies, Inc. Common Stock",$1.98,0.01,0.508%,"84,570,255",/market-activity/stocks/mgld,US_NASDAQ_MGLD
CMCM,"Cheetah Mobile Inc. American Depositary Shares, each representing fifty (50) Class A Ordinary Shares",$2.71,0.11,4.231%,"84,486,521",/market-activity/stocks/cmcm,US_NASDAQ_CMCM
PBHC,"Pathfinder Bancorp, Inc. Common Stock (MD)",$17.2033,UNCH,--,"84,267,957",/market-activity/stocks/pbhc,US_NASDAQ_PBHC
MBOT,Microbot Medical Inc. Common Stock,$1.245,-0.005,-0.40%,"83,620,177",/market-activity/stocks/mbot,US_NASDAQ_MBOT
RPT,Rithm Property Trust Inc. Common stock,$10.75,-0.03,-0.278%,"83,555,063",/market-activity/stocks/rpt,US_NASDAQ_RPT
CPBI,"Central Plains Bancshares, Inc. Common Stock",$20.025,0.225,1.136%,"83,549,026",/market-activity/stocks/cpbi,US_NASDAQ_CPBI
ARQ,"Arq, Inc. Common Stock",$1.91,-0.015,-0.779%,"83,406,803",/market-activity/stocks/arq,US_NASDAQ_ARQ
AEYE,"AudioEye, Inc. Common Stock",$6.63,-0.155,-2.284%,"83,336,939",/market-activity/stocks/aeye,US_NASDAQ_AEYE
ETS,Elite Express Holding Inc. Class A Common Stock,$1.71,0.07,4.268%,"83,305,509",/market-activity/stocks/ets,US_NASDAQ_ETS
AVAT,Avalanche Treasury Corporation Class A Common Stock,$1.90,0.23,13.772%,"83,068,844",/market-activity/stocks/avat,US_NASDAQ_AVAT
SSBI,Summit State Bank Common Stock,$12.442,UNCH,--,"83,027,083",/market-activity/stocks/ssbi,US_NASDAQ_SSBI
GUTS,"Fractyl Health, Inc. Common Stock",$0.52,0.049,10.403%,"82,773,521",/market-activity/stocks/guts,US_NASDAQ_GUTS
EIC,Eagle Point Income Company Common Shares of Beneficial Interest,$9.26,0.03,0.325%,"82,489,080",/market-activity/stocks/eic,US_NASDAQ_EIC
NDLS,Noodles & Company Class A Common Stock,$13.795,0.345,2.565%,"82,310,075",/market-activity/stocks/ndls,US_NASDAQ_NDLS
AFCG,Advanced Flower Capital Inc. Common Stock,$3.62,0.03,0.836%,"82,072,347",/market-activity/stocks/afcg,US_NASDAQ_AFCG
WSTN,Westin Acquisition Corp Class A Ordinary Share,$10.15,UNCH,--,"81,758,250",/market-activity/stocks/wstn,US_NASDAQ_WSTN
GIBO,GIBO Holdings Limited Class A Ordinary Shares,$31.34,-1.14,-3.51%,"81,631,455",/market-activity/stocks/gibo,US_NASDAQ_GIBO
CPHC,Canterbury Park Holding Corporation 'New' Common Stock,$15.735,UNCH,--,"81,560,705",/market-activity/stocks/cphc,US_NASDAQ_CPHC
KNDI,"Kandi Technologies Group, Inc. Ordinary Shares",$0.81,-0.01,-1.22%,"81,336,446",/market-activity/stocks/kndi,US_NASDAQ_KNDI
MNTS,Momentus Inc. Class A Common Stock,$3.70,-0.33,-8.189%,"81,264,584",/market-activity/stocks/mnts,US_NASDAQ_MNTS
FSEA,"First Seacoast Bancorp, Inc. Common Stock",$17.25,UNCH,--,"81,151,331",/market-activity/stocks/fsea,US_NASDAQ_FSEA
DTI,Drilling Tools International Corporation Common Stock,$2.30,-0.06,-2.542%,"81,149,115",/market-activity/stocks/dti,US_NASDAQ_DTI
NAAS,NaaS Technology Inc. American Depositary Shares,$3.30,0.0716,2.218%,"81,057,468",/market-activity/stocks/naas,US_NASDAQ_NAAS
BLNK,Blink Charging Co. Common Stock,$0.5581,-0.0022,-0.393%,"80,890,297",/market-activity/stocks/blnk,US_NASDAQ_BLNK
SKIN,SkinHealth Systems Inc. Class A Common Stock,$0.6211,-0.0289,-4.446%,"80,830,428",/market-activity/stocks/skin,US_NASDAQ_SKIN
ATRA,"Atara Biotherapeutics, Inc. Common Stock",$8.05,-0.32,-3.823%,"80,803,566",/market-activity/stocks/atra,US_NASDAQ_ATRA
MAYS,"J. W. Mays, Inc. Common Stock",$40.00,UNCH,--,"80,631,200",/market-activity/stocks/mays,US_NASDAQ_MAYS
TELO,"Telomir Pharmaceuticals, Inc. Common Stock",$1.17,-0.03,-2.50%,"80,466,699",/market-activity/stocks/telo,US_NASDAQ_TELO
BTCS,BTCS Inc. Common Stock,$1.53,-0.02,-1.29%,"80,282,070",/market-activity/stocks/btcs,US_NASDAQ_BTCS
SEV,Aptera Motors Corp. Class B Common Stock,$1.98,UNCH,--,"80,275,388",/market-activity/stocks/sev,US_NASDAQ_SEV
ASRV,AmeriServ Financial Inc. Common Stock,$4.72,0.12,2.609%,"80,142,140",/market-activity/stocks/asrv,US_NASDAQ_ASRV
MHNC,"Maiden Holdings North America, Ltd. 7.75% Notes due 2043",$10.349,0.099,0.966%,"80,121,368",/market-activity/stocks/mhnc,US_NASDAQ_MHNC
PTHS,Pelthos Therapeutics Inc. Common Stock,$20.92,-0.33,-1.553%,"80,091,571",/market-activity/stocks/pths,US_NASDAQ_PTHS
HNNA,"Hennessy Advisors, Inc. Common Stock",$10.10,0.07,0.698%,"79,834,541",/market-activity/stocks/hnna,US_NASDAQ_HNNA
ALDX,"Aldeyra Therapeutics, Inc. Common Stock",$1.32,0.16,13.793%,"79,630,876",/market-activity/stocks/aldx,US_NASDAQ_ALDX
GCV,"Gabelli Convertible and Income Securities Fund, Inc. (The) Common Stock",$4.18,0.01,0.24%,"79,587,321",/market-activity/stocks/gcv,US_NASDAQ_GCV
YDDL,One and One Green Technologies. Inc Class A Ordinary Shares,$1.42,0.02,1.429%,"79,567,333",/market-activity/stocks/yddl,US_NASDAQ_YDDL
LFVN,Lifevantage Corporation Common Stock (Delaware),$6.32,0.13,2.10%,"79,565,286",/market-activity/stocks/lfvn,US_NASDAQ_LFVN
SERA,"Sera Prognostics, Inc. Class A Common Stock",$2.01,-0.01,-0.495%,"79,293,427",/market-activity/stocks/sera,US_NASDAQ_SERA
SKYA,"SkyAI, Inc. Common Stock",$1.83,0.06,3.39%,"79,142,936",/market-activity/stocks/skya,US_NASDAQ_SKYA
DTF,DTF Tax-Free Income 2028 Term Fund Inc. Common Stock,$11.21,0.03,0.268%,"78,801,446",/market-activity/stocks/dtf,US_NASDAQ_DTF
STEX,Streamex Corp. Common Stock,$0.6756,-0.0292,-4.143%,"78,684,036",/market-activity/stocks/stex,US_NASDAQ_STEX
SOTK,Sono-Tek Corporation Common Stock,$4.98,-0.12,-2.353%,"78,269,281",/market-activity/stocks/sotk,US_NASDAQ_SOTK
CHGG,"Chegg, Inc. Common Stock",$0.704,-0.0153,-2.127%,"78,163,347",/market-activity/stocks/chgg,US_NASDAQ_CHGG
AZI,Autozi Internet Technology (Global) Ltd. Class A Ordinary Shares,$1.175,-0.015,-1.261%,"77,961,325",/market-activity/stocks/azi,US_NASDAQ_AZI
BYRN,"Byrna Technologies, Inc. Common Stock",$3.33,-0.04,-1.187%,"77,937,831",/market-activity/stocks/byrn,US_NASDAQ_BYRN
ARBE,Arbe Robotics Ltd. Ordinary Shares,$0.6076,0.0076,1.267%,"77,857,363",/market-activity/stocks/arbe,US_NASDAQ_ARBE
RFM,"RiverNorth Flexible Municipal Income Fund, Inc. Common Stock",$12.68,-0.06,-0.471%,"77,534,383",/market-activity/stocks/rfm,US_NASDAQ_RFM
LNZA,"LanzaTech Global, Inc. Common Stock",$5.89,-0.05,-0.842%,"77,095,170",/market-activity/stocks/lnza,US_NASDAQ_LNZA
CSPI,CSP Inc. Common Stock,$7.63,-0.02,-0.261%,"76,915,321",/market-activity/stocks/cspi,US_NASDAQ_CSPI
FATN,"FatPipe, Inc. Common Stock",$5.43,0.25,4.826%,"76,717,581",/market-activity/stocks/fatn,US_NASDAQ_FATN
VRCA,Verrica Pharmaceuticals Inc. Common Stock,$4.46,-0.14,-3.043%,"76,617,386",/market-activity/stocks/vrca,US_NASDAQ_VRCA
SLQT,"SelectQuote, Inc. Common Stock",$0.4274,-0.0032,-0.743%,"76,616,494",/market-activity/stocks/slqt,US_NASDAQ_SLQT
KBSX,FST Corp. Ordinary Shares,$1.71,0.13,8.228%,"76,549,865",/market-activity/stocks/kbsx,US_NASDAQ_KBSX
OPENZ,"Opendoor Technologies Inc  Series Z Warrants, each whole warrant exercisable to purchase one share of Common Stock at an exercise price of $17.00 per warrant",$0.0788,-0.0082,-9.425%,"76,521,975",/market-activity/stocks/openz,US_NASDAQ_OPENZ
SHMDW,SCHMID Group N.V. Warrants,$1.25,0.17,15.741%,"76,198,629",/market-activity/stocks/shmdw,US_NASDAQ_SHMDW
GLBS,Globus Maritime Limited Common Stock,$3.53,0.03,0.857%,"76,185,523",/market-activity/stocks/glbs,US_NASDAQ_GLBS
AIRT,"Air T, Inc. Common Stock",$28.40,-0.08,-0.281%,"76,161,643",/market-activity/stocks/airt,US_NASDAQ_AIRT
SRL,Scully Royalty Ltd.,$5.00,-0.2114,-4.056%,"76,131,755",/market-activity/stocks/srl,US_NASDAQ_SRL
HFBL,"Home Federal Bancorp, Inc. of Louisiana Common Stock",$25.00,UNCH,--,"75,764,850",/market-activity/stocks/hfbl,US_NASDAQ_HFBL
AMCI,AMC Robotics Corporation Common Stock,$3.26,0.02,0.617%,"75,652,939",/market-activity/stocks/amci,US_NASDAQ_AMCI
ACR,ACRES Commercial Realty Corp. Common Stock,$10.10,-0.25,-2.415%,"75,532,466",/market-activity/stocks/acr,US_NASDAQ_ACR
IBIO,"iBio, Inc. Common Stock",$1.17,UNCH,--,"75,239,490",/market-activity/stocks/ibio,US_NASDAQ_IBIO
GOAI,Eva Live Inc. Common Stock,$1.88,-0.06,-3.093%,"75,188,983",/market-activity/stocks/goai,US_NASDAQ_GOAI
BLUW,Blue Water Acquisition Corp. III Class A Ordinary Shares,$10.3723,UNCH,--,"75,147,314",/market-activity/stocks/bluw,US_NASDAQ_BLUW
NRT,North European Oil Royality Trust Common Stock,$8.17,-0.38,-4.444%,"75,087,120",/market-activity/stocks/nrt,US_NASDAQ_NRT
ISPR,Ispire Technology Inc. Common Stock,$1.30,-0.025,-1.887%,"75,080,812",/market-activity/stocks/ispr,US_NASDAQ_ISPR
OSTX,OS Therapies Incorporated Common Stock,$1.61,-0.04,-2.424%,"74,817,972",/market-activity/stocks/ostx,US_NASDAQ_OSTX
OPENL,"Opendoor Technologies Inc  Series A Warrants, each whole warrant exercisable to purchase one share of Common Stock at an exercise price of $13.00 per warrant",$0.077,0.0019,2.53%,"74,774,011",/market-activity/stocks/openl,US_NASDAQ_OPENL
BARK,"BARK, Inc. Class A Common Stock",$8.27,0.08,0.977%,"74,706,689",/market-activity/stocks/bark,US_NASDAQ_BARK
GDHG,Golden Heaven Group Holdings Ltd. Class A Ordinary Shares,$1.14,-0.04,-3.39%,"74,659,626",/market-activity/stocks/gdhg,US_NASDAQ_GDHG
ROC,Rank One Computing Corporation Common stock,$3.91,-0.31,-7.346%,"74,603,297",/market-activity/stocks/roc,US_NASDAQ_ROC
NSTS,"NSTS Bancorp, Inc. Common Stock",$14.185,0.055,0.389%,"74,515,663",/market-activity/stocks/nsts,US_NASDAQ_NSTS
IOR,"Income Opportunity Realty Investors, Inc. Common Stock",$18.23,UNCH,--,"74,126,425",/market-activity/stocks/ior,US_NASDAQ_IOR
NTIC,Northern Technologies International Corporation Common Stock,$7.80,UNCH,--,"74,072,224",/market-activity/stocks/ntic,US_NASDAQ_NTIC
ATLX,Atlas Lithium Corporation Common Stock,$2.46,-0.06,-2.381%,"74,045,520",/market-activity/stocks/atlx,US_NASDAQ_ATLX
GLV,Clough Global Dividend and Income Fund Common Shares of beneficial interest,$5.82,0.03,0.518%,"73,969,773",/market-activity/stocks/glv,US_NASDAQ_GLV
OPTXW,"Syntec Optics Holdings, Inc. Warrant",$1.83,0.09,5.172%,"73,712,177",/market-activity/stocks/optxw,US_NASDAQ_OPTXW
FSI,Flexible Solutions International Inc. Common Stock (CDA),$5.77,-0.03,-0.517%,"73,697,313",/market-activity/stocks/fsi,US_NASDAQ_FSI
BSIN,Big Sky Industrial Inc. Common Stock,$1.40,0.02,1.449%,"73,490,799",/market-activity/stocks/bsin,US_NASDAQ_BSIN
WYY,WidePoint Corporation Common Stock,$7.35,1.45,24.576%,"73,487,174",/market-activity/stocks/wyy,US_NASDAQ_WYY
OPXS,"Optex Systems Holdings, Inc. Common Stock",$10.55,0.10,0.957%,"73,426,660",/market-activity/stocks/opxs,US_NASDAQ_OPXS
USIO,"Usio, Inc. Common Stock",$2.575,0.225,9.574%,"73,375,691",/market-activity/stocks/usio,US_NASDAQ_USIO
FBIO,"Fortress Biotech, Inc. Common Stock",$2.20,0.03,1.382%,"73,372,185",/market-activity/stocks/fbio,US_NASDAQ_FBIO
GANX,"Gain Therapeutics, Inc. Common Stock",$1.68,-0.09,-5.085%,"73,321,280",/market-activity/stocks/ganx,US_NASDAQ_GANX
JRSH,"Jerash Holdings (US), Inc. Common Stock",$5.75,-0.15,-2.542%,"73,024,655",/market-activity/stocks/jrsh,US_NASDAQ_JRSH
GECC,Great Elm Capital Corp. Common Stock,$5.25,0.09,1.744%,"72,921,188",/market-activity/stocks/gecc,US_NASDAQ_GECC
WATT,Energous Corporation Common Stock,$13.17,0.43,3.375%,"72,791,525",/market-activity/stocks/watt,US_NASDAQ_WATT
JFIN,Jiayin Group Inc. American Depositary Shares,$1.39,-0.05,-3.472%,"72,738,069",/market-activity/stocks/jfin,US_NASDAQ_JFIN
RSSS,"Research Solutions, Inc Common Stock",$2.14,-0.01,-0.465%,"72,252,112",/market-activity/stocks/rsss,US_NASDAQ_RSSS
MEGL,Magic Empire Global Limited Class A Ordinary Shares,$1.11,-0.01,-0.893%,"72,221,096",/market-activity/stocks/megl,US_NASDAQ_MEGL
AIRJW,AirJoule Technologies Corporation Warrant,$0.96,-0.03,-3.03%,"72,198,622",/market-activity/stocks/airjw,US_NASDAQ_AIRJW
CLST,"Catalyst Bancorp, Inc. Common Stock",$17.875,0.0906,0.509%,"72,104,014",/market-activity/stocks/clst,US_NASDAQ_CLST
SCOR,"comScore, Inc. Common Stock",$4.73,-0.13,-2.675%,"71,821,862",/market-activity/stocks/scor,US_NASDAQ_SCOR
CRT,Cross Timbers Royalty Trust Common Stock,$11.96,-0.36,-2.922%,"71,760,000",/market-activity/stocks/crt,US_NASDAQ_CRT
CPSH,CPS Technologies Corp. Common Stock,$3.70,0.01,0.271%,"71,735,385",/market-activity/stocks/cpsh,US_NASDAQ_CPSH
OKYO,OKYO Pharma Limited Ordinary Shares,$1.36,-0.01,-0.73%,"71,372,157",/market-activity/stocks/okyo,US_NASDAQ_OKYO
CING,Cingulate Inc. Common Stock,$4.905,0.085,1.763%,"71,327,657",/market-activity/stocks/cing,US_NASDAQ_CING
DTCX,"Datacentrex, Inc. Common Stock",$1.775,-0.015,-0.838%,"71,254,936",/market-activity/stocks/dtcx,US_NASDAQ_DTCX
SMJF,SMJ International Holdings Inc. Class A Ordinary Shares,$2.57,0.34,15.247%,"71,201,850",/market-activity/stocks/smjf,US_NASDAQ_SMJF
RGS,Regis Corporation Common Stock,$28.45,0.40,1.426%,"71,129,467",/market-activity/stocks/rgs,US_NASDAQ_RGS
MAIA,"MAIA Biotechnology, Inc. Common Stock",$1.15,-0.03,-2.542%,"71,003,238",/market-activity/stocks/maia,US_NASDAQ_MAIA
COE,"51Talk Online Education Group American depositary shares, each representing 60 Class A ordinary shares",$11.80,0.28,2.431%,"70,886,317",/market-activity/stocks/coe,US_NASDAQ_COE
RNXT,"RenovoRx, Inc. Common Stock",$1.57,0.02,1.29%,"70,853,328",/market-activity/stocks/rnxt,US_NASDAQ_RNXT
GOSS,"Gossamer Bio, Inc. Common Stock",$11.58,0.06,0.521%,"70,827,808",/market-activity/stocks/goss,US_NASDAQ_GOSS
PSIG,PS International Group Ltd. Ordinary Shares,$4.60,0.02,0.437%,"70,751,781",/market-activity/stocks/psig,US_NASDAQ_PSIG
THRY,"Thryv Holdings, Inc. Common Stock",$1.59,-0.015,-0.935%,"70,658,186",/market-activity/stocks/thry,US_NASDAQ_THRY
KDKRW,"Kodiak AI, Inc. Warrants",$0.35,0.0188,5.676%,"70,216,360",/market-activity/stocks/kdkrw,US_NASDAQ_KDKRW
CEV,Eaton Vance California Municipal Income Trust Shares of Beneficial Interest,$9.98,0.13,1.32%,"70,195,079",/market-activity/stocks/cev,US_NASDAQ_CEV
CVRX,"CVRx, Inc. Common Stock",$2.63,0.04,1.544%,"70,067,400",/market-activity/stocks/cvrx,US_NASDAQ_CVRX
TMSWW,Teamshares Inc. Warrants,$0.95,0.03,3.261%,"69,977,490",/market-activity/stocks/tmsww,US_NASDAQ_TMSWW
SPRO,"Spero Therapeutics, Inc. Common Stock",$1.20,0.01,0.84%,"69,881,792",/market-activity/stocks/spro,US_NASDAQ_SPRO
APLM,Apollomics Inc. Class A Ordinary Shares,$24.1199,0.2749,1.153%,"69,852,509",/market-activity/stocks/aplm,US_NASDAQ_APLM
ASPS,Altisource Portfolio Solutions S.A. Common Stock,$6.11,0.81,15.283%,"69,777,459",/market-activity/stocks/asps,US_NASDAQ_ASPS
INTG,Intergroup Corporation (The) Common Stock,$32.36,-0.54,-1.641%,"69,535,556",/market-activity/stocks/intg,US_NASDAQ_INTG
CENN,Cenntro Inc. Common Stock,$3.95,-0.405,-9.30%,"69,462,535",/market-activity/stocks/cenn,US_NASDAQ_CENN
AMTD,"AMTD IDEA Group American Depositary Shares, each representing six (6) Class A Ordinary Shares",$0.7222,-0.0053,-0.729%,"69,118,551",/market-activity/stocks/amtd,US_NASDAQ_AMTD
WKEY,WISeKey International Holding Ltd American Depositary Shares,$6.07,0.02,0.331%,"69,066,487",/market-activity/stocks/wkey,US_NASDAQ_WKEY
KLRS,"Kalaris Therapeutics, Inc. Common Stock",$2.90,0.055,1.933%,"69,034,445",/market-activity/stocks/klrs,US_NASDAQ_KLRS
HOUR,"Hour Loop, Inc. Common Stock",$1.96,0.045,2.35%,"68,991,647",/market-activity/stocks/hour,US_NASDAQ_HOUR
BZAI,"Blaize Holdings, Inc. Common Stock",$0.476,-0.0197,-3.974%,"68,940,051",/market-activity/stocks/bzai,US_NASDAQ_BZAI
TENX,"Tenax Therapeutics, Inc. Common Stock",$1.84,-0.01,-0.541%,"68,860,007",/market-activity/stocks/tenx,US_NASDAQ_TENX
ESYN,EnerSyn Global Inc. Common Stock,$2.315,-0.255,-9.922%,"68,816,616",/market-activity/stocks/esyn,US_NASDAQ_ESYN
TRT,Trio-Tech International Common Stock,$6.62,0.20,3.115%,"68,746,701",/market-activity/stocks/trt,US_NASDAQ_TRT
CVU,"CPI Aerostructures, Inc. Common Stock",$5.18,0.10,1.969%,"68,633,622",/market-activity/stocks/cvu,US_NASDAQ_CVU
NEXM,NexMetals Mining Corp. Common Shares,$1.925,-0.10,-4.938%,"68,622,716",/market-activity/stocks/nexm,US_NASDAQ_NEXM
MHLA,"Maiden Holdings, Ltd. 6.625% Notes due 2046",$8.86,UNCH,--,"68,593,615",/market-activity/stocks/mhla,US_NASDAQ_MHLA
MB,MasterBeef Group Ordinary Shares,$3.99,UNCH,--,"68,448,450",/market-activity/stocks/mb,US_NASDAQ_MB
BSEM,"BioStem Technologies, Inc. Common Stock",$3.83,-0.22,-5.432%,"68,363,474",/market-activity/stocks/bsem,US_NASDAQ_BSEM
DXR,Daxor Corporation Common Stock,$11.70,0.35,3.084%,"68,307,221",/market-activity/stocks/dxr,US_NASDAQ_DXR
ONEN,ONE Nuclear Energy Inc. Common Stock  ,$2.62,0.47,21.86%,"68,181,132",/market-activity/stocks/onen,US_NASDAQ_ONEN
UEIC,Universal Electronics Inc. Common Stock,$5.29,0.02,0.38%,"68,161,978",/market-activity/stocks/ueic,US_NASDAQ_UEIC
RNTX,"Rein Therapeutics, Inc. Common Stock",$0.79,0.069,9.57%,"68,150,955",/market-activity/stocks/rntx,US_NASDAQ_RNTX
AIRG,"Airgain, Inc. Common Stock",$5.20,0.05,0.971%,"68,121,217",/market-activity/stocks/airg,US_NASDAQ_AIRG
AEC,Anfield Energy Inc. Common Shares,$3.41,-0.16,-4.482%,"68,029,418",/market-activity/stocks/aec,US_NASDAQ_AEC
AIFC,AI Financial Corporation Common Stock,$0.4842,-0.0216,-4.27%,"67,708,839",/market-activity/stocks/aifc,US_NASDAQ_AIFC
PRTS,"CarParts.com, Inc. Common Stock",$8.31,0.16,1.963%,"67,023,740",/market-activity/stocks/prts,US_NASDAQ_PRTS
GEG,"Great Elm Group, Inc. Common Stock",$2.155,0.005,0.233%,"67,009,488",/market-activity/stocks/geg,US_NASDAQ_GEG
GNSS,Genasys Inc. Common Stock,$1.47,0.02,1.379%,"66,946,753",/market-activity/stocks/gnss,US_NASDAQ_GNSS
AIFU,AIFU Inc. Class A Ordinary Share,$10.83,2.02,22.928%,"66,882,896",/market-activity/stocks/aifu,US_NASDAQ_AIFU
PLRX,"Pliant Therapeutics, Inc. Common Stock",$1.08,UNCH,--,"66,875,649",/market-activity/stocks/plrx,US_NASDAQ_PLRX
CSBR,"Champions Oncology, Inc. Common Stock",$4.79,-0.14,-2.84%,"66,669,946",/market-activity/stocks/csbr,US_NASDAQ_CSBR
PAAI,"Paradium.AI, Inc. Common Stock",$1.40,-0.04,-2.778%,"66,654,914",/market-activity/stocks/paai,US_NASDAQ_PAAI
ATHE,Alterity Therapeutics Limited American Depositary Shares,$3.66,0.16,4.571%,"66,642,627",/market-activity/stocks/athe,US_NASDAQ_ATHE
ALPS,ALPS Group Inc Ordinary Share,$0.3999,-0.0001,-0.025%,"66,543,486",/market-activity/stocks/alps,US_NASDAQ_ALPS
XBIT,XBiotech Inc. Common Stock,$2.18,0.03,1.395%,"66,463,254",/market-activity/stocks/xbit,US_NASDAQ_XBIT
NTWK,NetSol Technologies Inc. Common  Stock,$5.56,0.19,3.538%,"66,456,278",/market-activity/stocks/ntwk,US_NASDAQ_NTWK
YIBO,Planet Image International Limited Class A Ordinary Shares,$1.12,UNCH,--,"66,342,328",/market-activity/stocks/yibo,US_NASDAQ_YIBO
WWR,"Westwater Resources, Inc. Common Stock",$0.5156,-0.0045,-0.865%,"66,288,028",/market-activity/stocks/wwr,US_NASDAQ_WWR
PXS,Pyxis Tankers Inc. Common Stock,$6.44,-0.08,-1.227%,"66,171,895",/market-activity/stocks/pxs,US_NASDAQ_PXS
DIT,AMCON Distributing Company Common Stock,$67.56,UNCH,--,"65,940,452",/market-activity/stocks/dit,US_NASDAQ_DIT
WBX,Wallbox N.V. Class A Ordinary Shares,$2.76,0.03,1.099%,"65,939,433",/market-activity/stocks/wbx,US_NASDAQ_WBX
IPWR,Ideal Power Inc. Common Stock,$3.97,0.02,0.506%,"65,245,580",/market-activity/stocks/ipwr,US_NASDAQ_IPWR
HYFT,MindWalk Holdings Corp. Common Stock,$1.38,0.04,2.985%,"65,014,102",/market-activity/stocks/hyft,US_NASDAQ_HYFT
ZONE,Zone Frontier Inc. Class B Common Stock,$0.1277,0.0008,0.63%,"64,977,624",/market-activity/stocks/zone,US_NASDAQ_ZONE
RML,Resolution Minerals Ltd American Depositary Shares,$5.80,-0.06,-1.024%,"64,949,873",/market-activity/stocks/rml,US_NASDAQ_RML
DRIO,DarioHealth Corp. Common Stock,$6.62,-0.09,-1.341%,"64,872,564",/market-activity/stocks/drio,US_NASDAQ_DRIO
TYGO,"Tigo Energy, Inc. Common Stock",$0.8405,0.0205,2.50%,"64,528,304",/market-activity/stocks/tygo,US_NASDAQ_TYGO
ACET,"Adicet Bio, Inc. Common Stock",$6.83,0.48,7.559%,"63,938,977",/market-activity/stocks/acet,US_NASDAQ_ACET
FRMM,"Forum Markets, Incorporated Common Stock",$4.83,-0.03,-0.617%,"63,750,919",/market-activity/stocks/frmm,US_NASDAQ_FRMM
BOF,BranchOut Food Inc. Common Stock,$3.92,-0.04,-1.01%,"63,738,048",/market-activity/stocks/bof,US_NASDAQ_BOF
PCLA,PicoCELA Inc. American Depositary Shares,$6.62,-0.49,-6.892%,"63,643,389",/market-activity/stocks/pcla,US_NASDAQ_PCLA
INSG,Inseego Corp. Common Stock,$3.87,0.265,7.351%,"63,547,691",/market-activity/stocks/insg,US_NASDAQ_INSG
CITR,CitroTech Inc. Common Stock,$2.79,-1.01,-26.579%,"63,383,722",/market-activity/stocks/citr,US_NASDAQ_CITR
STKE,Sol Strategies Inc. Common Shares,$1.60,-0.07,-4.192%,"63,179,006",/market-activity/stocks/stke,US_NASDAQ_STKE
AISP,"Airship AI Holdings, Inc. Class A Common Stock",$1.83,0.03,1.667%,"63,024,398",/market-activity/stocks/aisp,US_NASDAQ_AISP
TLSIW,"TriSalus Life Sciences, Inc. Warrant",$1.02,0.2101,25.941%,"62,806,092",/market-activity/stocks/tlsiw,US_NASDAQ_TLSIW
GEOS,Geospace Technologies Corporation Common Stock (Texas),$4.85,-0.04,-0.818%,"62,737,675",/market-activity/stocks/geos,US_NASDAQ_GEOS
INKT,"MiNK Therapeutics, Inc. Common Stock",$12.26,0.15,1.239%,"62,562,805",/market-activity/stocks/inkt,US_NASDAQ_INKT
CLSKW,"CleanSpark, Inc. Warrant",$0.2435,0.0034,1.416%,"62,534,957",/market-activity/stocks/clskw,US_NASDAQ_CLSKW
CNTB,Connect Biopharma Holdings Limited Ordinary Shares,$0.992,-0.088,-8.148%,"62,470,515",/market-activity/stocks/cntb,US_NASDAQ_CNTB
WNW,Meiwu Technology Company Limited Ordinary Shares,$2.37,-0.03,-1.25%,"62,403,216",/market-activity/stocks/wnw,US_NASDAQ_WNW
ELOX,"Eloxx Pharmaceuticals, Inc. Common Stock",$15.42,0.42,2.80%,"62,242,198",/market-activity/stocks/elox,US_NASDAQ_ELOX
MYO,Myomo Inc. Common Stock,$1.57,0.01,0.641%,"62,184,331",/market-activity/stocks/myo,US_NASDAQ_MYO
PODC,"PodcastOne, Inc. Common Stock",$2.05,-0.02,-0.966%,"62,018,027",/market-activity/stocks/podc,US_NASDAQ_PODC
CABO,"Cable One, Inc. Common Stock",$10.93,-1.64,-13.047%,"62,016,000",/market-activity/stocks/cabo,US_NASDAQ_CABO
HYPD,"Hyperion DeFi, Inc. Common Stock",$3.99,0.075,1.916%,"62,002,342",/market-activity/stocks/hypd,US_NASDAQ_HYPD
SGLD,Scorpio Gold Corporation American Depositary Shares ,$3.58,-0.04,-1.105%,"61,963,392",/market-activity/stocks/sgld,US_NASDAQ_SGLD
INCR,Intercure Ltd. Ordinary Shares,$5.23,0.14,2.75%,"61,953,069",/market-activity/stocks/incr,US_NASDAQ_INCR
BATL,Battalion Oil Corporation Common Stock,$1.08,0.02,1.887%,"61,864,727",/market-activity/stocks/batl,US_NASDAQ_BATL
PEW,GrabAGun Digital Holdings Inc. Common Stock,$2.09,-0.02,-0.948%,"61,683,085",/market-activity/stocks/pew,US_NASDAQ_PEW
GGR,Gogoro Inc. Ordinary Shares,$2.99,-0.17,-5.38%,"61,640,396",/market-activity/stocks/ggr,US_NASDAQ_GGR
TTEC,"TTEC Holdings, Inc. Common Stock",$1.24,0.01,0.813%,"61,126,966",/market-activity/stocks/ttec,US_NASDAQ_TTEC
ZOOZ,ZOOZ Strategy Ltd. Ordinary Shares,$7.62,0.02,0.263%,"61,033,213",/market-activity/stocks/zooz,US_NASDAQ_ZOOZ
YTRA,"Yatra Online, Inc. Ordinary Shares",$0.9512,-0.006,-0.627%,"60,849,487",/market-activity/stocks/ytra,US_NASDAQ_YTRA
ODYS,Odysight.ai Inc. Common Stock,$3.00,UNCH,--,"60,733,215",/market-activity/stocks/odys,US_NASDAQ_ODYS
TLPH,"Talphera, Inc. Common Stock",$1.17,-0.02,-1.681%,"60,729,781",/market-activity/stocks/tlph,US_NASDAQ_TLPH
ROLR,"High Roller Technologies, Inc. Common Stock",$5.50,-0.10,-1.786%,"60,661,222",/market-activity/stocks/rolr,US_NASDAQ_ROLR
DGNX,Diginex Limited Ordinary Shares,$1.205,-0.205,-14.539%,"60,406,807",/market-activity/stocks/dgnx,US_NASDAQ_DGNX
NMAD,"Nomad Power Solutions, Inc. Common Stock",$3.75,0.15,4.167%,"60,379,005",/market-activity/stocks/nmad,US_NASDAQ_NMAD
PVL,Permianville Royalty Trust Units of Beneficial Interest,$1.82,UNCH,--,"60,060,000",/market-activity/stocks/pvl,US_NASDAQ_PVL
UAVS,"AgEagle Aerial Systems, Inc. Common Stock",$0.9544,-0.0136,-1.405%,"60,037,206",/market-activity/stocks/uavs,US_NASDAQ_UAVS
NPT,Texxon Holding Limited Ordinary shares,$2.68,-0.15,-5.30%,"59,455,800",/market-activity/stocks/npt,US_NASDAQ_NPT
CAST,"FreeCast, Inc. Class A Common Stock",$1.17,-0.01,-0.847%,"59,421,274",/market-activity/stocks/cast,US_NASDAQ_CAST
XLO,"Xilio Therapeutics, Inc. Common Stock",$8.9378,-0.1122,-1.24%,"58,812,056",/market-activity/stocks/xlo,US_NASDAQ_XLO
ZYBT,Zhengye Biotechnology Holding Limited Class A Ordinary Shares,$1.24,-0.06,-4.615%,"58,765,306",/market-activity/stocks/zybt,US_NASDAQ_ZYBT
CTM,"Castellum, Inc. Common Stock",$0.62,0.01,1.639%,"58,764,397",/market-activity/stocks/ctm,US_NASDAQ_CTM
JZXN,"Jiuzi Holdings, Inc. Ordinary Shares",$1.14,UNCH,--,"58,724,545",/market-activity/stocks/jzxn,US_NASDAQ_JZXN
SORA,AsiaStrategy Ordinary Shares,$2.351,0.271,13.029%,"58,455,264",/market-activity/stocks/sora,US_NASDAQ_SORA
YOUL,Youlife Group Inc. American Depositary Shares,$0.4177,-0.0172,-3.955%,"58,357,286",/market-activity/stocks/youl,US_NASDAQ_YOUL
STI,"Solidion Technology, Inc. Common Stock",$6.68,UNCH,--,"58,295,077",/market-activity/stocks/sti,US_NASDAQ_STI
CLNN,Clene Inc. Common Stock,$4.10,0.04,0.985%,"58,277,322",/market-activity/stocks/clnn,US_NASDAQ_CLNN
IH,"iHuman Inc. American depositary shares, each representing five Class A ordinary shares",$1.14,-0.01,-0.87%,"58,268,663",/market-activity/stocks/ih,US_NASDAQ_IH
BOLD,"Boundless Bio, Inc. Common Stock",$2.56,-0.05,-1.916%,"58,234,842",/market-activity/stocks/bold,US_NASDAQ_BOLD
DOMH,Dominari Holdings Inc. Common Stock,$2.40,-0.08,-3.226%,"58,184,750",/market-activity/stocks/domh,US_NASDAQ_DOMH
HRTX,"Heron Therapeutics, Inc. Common Stock",$0.306,0.0142,4.866%,"58,094,806",/market-activity/stocks/hrtx,US_NASDAQ_HRTX
ZEPP,"Zepp Health Corporation American depositary shares, each representing sixteen Class A ordinary shares",$3.96,0.07,1.799%,"58,073,325",/market-activity/stocks/zepp,US_NASDAQ_ZEPP
MOB,Mobilicom Limited Ordinary Shares,$4.59,-0.04,-0.864%,"57,987,173",/market-activity/stocks/mob,US_NASDAQ_MOB
VOC,VOC Energy Trust Units of Beneficial Interest,$3.41,-0.03,-0.872%,"57,970,000",/market-activity/stocks/voc,US_NASDAQ_VOC
SLSN,"Solesence, Inc. Common Stock",$0.82,-0.012,-1.442%,"57,930,577",/market-activity/stocks/slsn,US_NASDAQ_SLSN
MREO,Mereo BioPharma Group plc American Depositary Shares,$0.3732,0.0032,0.865%,"57,900,341",/market-activity/stocks/mreo,US_NASDAQ_MREO
SPCB,"SuperCom, Ltd. Ordinary Shares (Israel)",$9.18,0.12,1.325%,"57,654,549",/market-activity/stocks/spcb,US_NASDAQ_SPCB
NVX,NOVONIX Limited American Depository Shares,$2.67,-0.02,-0.743%,"57,465,953",/market-activity/stocks/nvx,US_NASDAQ_NVX
INVE,"INVE Technologies, Inc. Common Stock",$2.37,-0.02,-0.837%,"57,438,735",/market-activity/stocks/inve,US_NASDAQ_INVE
LITB,"LightInTheBox Holding Co., Ltd. American Depositary Shares, each representing twelve ordinary shares",$2.91,-0.08,-2.676%,"57,404,354",/market-activity/stocks/litb,US_NASDAQ_LITB
MBAI,MBody AI Ltd. Ordinary Share,$3.75,-0.27,-6.716%,"57,350,940",/market-activity/stocks/mbai,US_NASDAQ_MBAI
MCHX,"Marchex, Inc. Class B Common Stock",$1.29,-0.03,-2.273%,"57,195,878",/market-activity/stocks/mchx,US_NASDAQ_MCHX
OM,"Outset Medical, Inc. Common Stock",$3.03,0.07,2.365%,"56,955,407",/market-activity/stocks/om,US_NASDAQ_OM
EXOZ,eXoZymes Inc. Common Stock,$6.10,0.10,1.667%,"56,758,676",/market-activity/stocks/exoz,US_NASDAQ_EXOZ
RENT,"Rent the Runway, Inc. Class A Common Stock",$1.68,0.07,4.348%,"56,740,523",/market-activity/stocks/rent,US_NASDAQ_RENT
NCEW,New Century Logistics (BVI) Limited Ordinary Shares,$17.62,-0.01,-0.057%,"56,384,000",/market-activity/stocks/ncew,US_NASDAQ_NCEW
COPR,Idaho Copper Corporation Common Stock,$3.00,-0.07,-2.28%,"56,335,812",/market-activity/stocks/copr,US_NASDAQ_COPR
NAMM,Namib Minerals Ordinary Shares,$1.005,-0.065,-6.075%,"56,131,668",/market-activity/stocks/namm,US_NASDAQ_NAMM
AACG,ATA Creativity Global American Depositary Shares,$0.8197,-0.0303,-3.565%,"56,119,957",/market-activity/stocks/aacg,US_NASDAQ_AACG
TZOO,Travelzoo Common Stock,$5.50,-0.01,-0.181%,"56,112,854",/market-activity/stocks/tzoo,US_NASDAQ_TZOO
GENK,"GEN Restaurant Group, Inc. Class A Common Stock",$1.70,-0.01,-0.585%,"56,039,851",/market-activity/stocks/genk,US_NASDAQ_GENK
TELA,"TELA Bio, Inc. Common Stock",$1.24,0.01,0.813%,"55,977,828",/market-activity/stocks/tela,US_NASDAQ_TELA
SAIH,SAIHEAT Limited Class A Ordinary Shares,$30.82,-0.88,-2.776%,"55,795,295",/market-activity/stocks/saih,US_NASDAQ_SAIH
HIT,"Health In Tech, Inc. Class A Common Stock",$0.8525,-0.0286,-3.246%,"55,755,758",/market-activity/stocks/hit,US_NASDAQ_HIT
SELF,"Global Self Storage, Inc. Common Stock",$4.88,0.06,1.245%,"55,736,530",/market-activity/stocks/self,US_NASDAQ_SELF
LIDR,"AEye, Inc. Class A Common Stock",$1.19,0.005,0.422%,"55,539,881",/market-activity/stocks/lidr,US_NASDAQ_LIDR
ANVS,"Annovis Bio, Inc. Common Stock",$1.30,-0.08,-5.797%,"55,482,777",/market-activity/stocks/anvs,US_NASDAQ_ANVS
FLL,"Full House Resorts, Inc. Common Stock",$1.51,-0.09,-5.625%,"55,333,165",/market-activity/stocks/fll,US_NASDAQ_FLL
APWC,"Asia Pacific Wire & Cable Corporation, Ltd. Ordinary Shares (Bermuda)",$1.34,0.01,0.752%,"55,251,488",/market-activity/stocks/apwc,US_NASDAQ_APWC
KXIN,Kaixin Holdings Ordinary Shares,$1.38,0.06,4.545%,"55,246,760",/market-activity/stocks/kxin,US_NASDAQ_KXIN
STFS,Star Fashion Culture Holdings Limited Class A Ordinary Shares,$3.63,0.095,2.687%,"55,153,407",/market-activity/stocks/stfs,US_NASDAQ_STFS
MYPS,"PLAYSTUDIOS, Inc.  Class A Common Stock",$0.4585,-0.0018,-0.391%,"55,075,654",/market-activity/stocks/myps,US_NASDAQ_MYPS
ELTK,Eltek Ltd. Ordinary Shares,$8.15,UNCH,--,"54,766,590",/market-activity/stocks/eltk,US_NASDAQ_ELTK
COCH,"Envoy Medical, Inc. Class A Common Stock",$0.709,0.0169,2.442%,"54,730,968",/market-activity/stocks/coch,US_NASDAQ_COCH
AUROW,"Aurora Innovation, Inc. Warrant",$0.0273,-0.0077,-22.00%,"54,713,439",/market-activity/stocks/aurow,US_NASDAQ_AUROW
XPL,Solitario Resources Corp. Common Stock,$0.5761,-0.0139,-2.356%,"54,547,719",/market-activity/stocks/xpl,US_NASDAQ_XPL
TOUR,Tuniu Corporation American Depositary Shares,$5.02,-0.16,-3.089%,"54,536,060",/market-activity/stocks/tour,US_NASDAQ_TOUR
INMB,INmune Bio Inc. Common stock,$1.96,-0.04,-2.00%,"54,397,426",/market-activity/stocks/inmb,US_NASDAQ_INMB
WFCF,"Where Food Comes From, Inc. Common Stock",$10.90,-0.68,-5.872%,"54,278,327",/market-activity/stocks/wfcf,US_NASDAQ_WFCF
ELBM,Electra Battery Materials Corporation Common Stock,$0.5081,-0.0217,-4.096%,"54,265,150",/market-activity/stocks/elbm,US_NASDAQ_ELBM
KAZR,Skyline Builders Group Holding Limited Class A Ordinary Shares,$3.02,0.14,4.861%,"54,185,124",/market-activity/stocks/kazr,US_NASDAQ_KAZR
RPID,"Rapid Micro Biosystems, Inc. Class A Common Stock",$1.08,-0.015,-1.37%,"54,172,320",/market-activity/stocks/rpid,US_NASDAQ_RPID
LFS,"LEIFRAS Co., Ltd. American Depositary Shares  ",$2.07,-0.07,-3.271%,"54,152,481",/market-activity/stocks/lfs,US_NASDAQ_LFS
BGSF,"BGSF, Inc. Common Stock",$5.07,0.16,3.259%,"54,146,409",/market-activity/stocks/bgsf,US_NASDAQ_BGSF
LGO,Largo Inc. Common Shares,$0.5232,0.0201,3.995%,"53,959,709",/market-activity/stocks/lgo,US_NASDAQ_LGO
PDSB,PDS Biotechnology Corporation Common Stock,$0.7429,-0.023,-3.003%,"53,841,089",/market-activity/stocks/pdsb,US_NASDAQ_PDSB
GRSD,Grandstand Limited Ordinary Shares,$1.53,-0.02,-1.29%,"53,698,701",/market-activity/stocks/grsd,US_NASDAQ_GRSD
OABIW,"OmniAb, Inc. Warrant",$0.3675,UNCH,--,"53,430,971",/market-activity/stocks/oabiw,US_NASDAQ_OABIW
APT,"Alpha Pro Tech, Ltd. Common Stock",$5.22,0.18,3.571%,"53,276,458",/market-activity/stocks/apt,US_NASDAQ_APT
YDESW,YD Bio Limited Warrants,$0.75,0.0401,5.649%,"53,123,510",/market-activity/stocks/ydesw,US_NASDAQ_YDESW
STKS,"The ONE Group Hospitality, Inc. Common Stock",$1.67,UNCH,--,"52,920,670",/market-activity/stocks/stks,US_NASDAQ_STKS
SER,"Serina Therapeutics, Inc. Common Stock",$2.08,0.07,3.483%,"52,832,984",/market-activity/stocks/ser,US_NASDAQ_SER
TPCS,TechPrecision Corporation Common stock,$5.21,-0.01,-0.192%,"52,794,290",/market-activity/stocks/tpcs,US_NASDAQ_TPCS
SKIL,Skillsoft Corp. Class A Common Stock,$5.80,-0.21,-3.494%,"52,782,575",/market-activity/stocks/skil,US_NASDAQ_SKIL
MKDW,MKDWELL Tech Inc. Ordinary Share,$1.54,UNCH,--,"52,665,601",/market-activity/stocks/mkdw,US_NASDAQ_MKDW
SGA,"Saga Communications, Inc. Class A Common Stock (FL)",$8.28,-0.03,-0.361%,"52,644,141",/market-activity/stocks/sga,US_NASDAQ_SGA
REKR,"Rekor Systems, Inc. Common Stock",$0.382,-0.0079,-2.026%,"52,577,141",/market-activity/stocks/rekr,US_NASDAQ_REKR
MATH,Metalpha Technology Holding Limited Ordinary Shares,$1.10,0.07,6.796%,"52,291,785",/market-activity/stocks/math,US_NASDAQ_MATH
AVD,American Vanguard Corporation Common Stock ($0.10 Par Value),$1.77,-0.02,-1.117%,"52,216,119",/market-activity/stocks/avd,US_NASDAQ_AVD
AGIG,Abundia Global Impact Group Inc. Common stock,$1.18,-0.05,-4.065%,"52,097,379",/market-activity/stocks/agig,US_NASDAQ_AGIG
CLPR,Clipper Realty Inc. Common Stock,$3.22,-0.06,-1.829%,"52,027,363",/market-activity/stocks/clpr,US_NASDAQ_CLPR
IMA,"ImageneBio, Inc. Common Stock",$4.58,-0.06,-1.293%,"51,989,668",/market-activity/stocks/ima,US_NASDAQ_IMA
NCTY,The9 Limited American Depository Shares,$3.39,0.05,1.497%,"51,776,036",/market-activity/stocks/ncty,US_NASDAQ_NCTY
VHUB,"VenHub Global, Inc. Common Stock",$0.531,-0.029,-5.179%,"51,734,192",/market-activity/stocks/vhub,US_NASDAQ_VHUB
BRID,Bridgford Foods Corporation Common Stock,$5.6842,-0.0408,-0.713%,"51,594,528",/market-activity/stocks/brid,US_NASDAQ_BRID
BBBYW,"Neighborhood Intelligence, Inc. Warrants",$0.54,-0.0474,-8.069%,"51,568,749",/market-activity/stocks/bbbyw,US_NASDAQ_BBBYW
NNOX,NANO-X IMAGING LTD Ordinary Shares,$0.656,0.0239,3.781%,"51,554,147",/market-activity/stocks/nnox,US_NASDAQ_NNOX
ADBT,"Advasa Holdings, Inc. Common Stock",$0.1058,-0.0051,-4.599%,"51,531,551",/market-activity/stocks/adbt,US_NASDAQ_ADBT
NXB,NextBoat Inc. Common Stcok,$2.04,0.08,4.082%,"51,291,506",/market-activity/stocks/nxb,US_NASDAQ_NXB
SCWO,374Water Inc. Common Stock,$2.89,-0.05,-1.701%,"51,205,485",/market-activity/stocks/scwo,US_NASDAQ_SCWO
FTEK,"Fuel Tech, Inc. Common Stock",$1.64,-0.01,-0.606%,"51,195,534",/market-activity/stocks/ftek,US_NASDAQ_FTEK
LASE,Laser Photonics Corporation Common Stock,$0.8423,-0.0254,-2.927%,"51,108,840",/market-activity/stocks/lase,US_NASDAQ_LASE
DLHC,DLH Holdings Corp.,$3.52,0.06,1.734%,"51,015,483",/market-activity/stocks/dlhc,US_NASDAQ_DLHC
MDAI,"Spectral AI, Inc. Class A Common Stock",$1.58,-0.03,-1.863%,"50,852,186",/market-activity/stocks/mdai,US_NASDAQ_MDAI
INV,"Innventure, Inc. Common Stock",$0.6001,-0.0901,-13.054%,"50,776,055",/market-activity/stocks/inv,US_NASDAQ_INV
AIRTP,"Air T, Inc. Air T Funding Alpha Income Trust Preferred Securities",$18.90,0.10,0.532%,"50,685,037",/market-activity/stocks/airtp,US_NASDAQ_AIRTP
SRTS,"Sensus Healthcare, Inc. Common Stock",$3.07,0.075,2.504%,"50,538,521",/market-activity/stocks/srts,US_NASDAQ_SRTS
TEAD,Teads Holding Co. Common Stock,$0.5148,0.0847,19.693%,"50,483,945",/market-activity/stocks/tead,US_NASDAQ_TEAD
XTNT,"Xtant Medical Holdings, Inc. Common Stock",$0.3591,0.0033,0.927%,"50,377,406",/market-activity/stocks/xtnt,US_NASDAQ_XTNT
NA,Nano Labs Ltd Class A Ordinary Shares,$2.17,-0.02,-0.913%,"50,374,575",/market-activity/stocks/na,US_NASDAQ_NA
VGAS,"Verde Clean Fuels, Inc. Class A Common Stock",$1.13,-0.01,-0.877%,"50,341,072",/market-activity/stocks/vgas,US_NASDAQ_VGAS
AVX,Avax One Technology Ltd. Common Shares,$6.79,0.47,7.437%,"50,228,231",/market-activity/stocks/avx,US_NASDAQ_AVX
VRM,"Vroom, Inc. Common Stock",$9.59,-0.16,-1.641%,"50,197,445",/market-activity/stocks/vrm,US_NASDAQ_VRM
ACFN,"Acorn Energy, Inc. Common Stock",$19.94,-0.36,-1.773%,"50,041,783",/market-activity/stocks/acfn,US_NASDAQ_ACFN
CRGO,Freightos Limited Ordinary shares,$0.96,-0.055,-5.419%,"49,990,546",/market-activity/stocks/crgo,US_NASDAQ_CRGO
TCBS,"Texas Community Bancshares, Inc. Common Stock",$17.35,0.32,1.879%,"49,841,813",/market-activity/stocks/tcbs,US_NASDAQ_TCBS
SLMT,Brera Holdings PLC Class B Ordinary Shares,$4.52,0.13,2.961%,"49,762,009",/market-activity/stocks/slmt,US_NASDAQ_SLMT
WATR,Air Water Ventures Limited Ordinary Shares,$1.57,-0.14,-8.187%,"49,673,943",/market-activity/stocks/watr,US_NASDAQ_WATR
MDXH,MDxHealth SA Ordinary Shares,$0.52,-0.028,-5.109%,"49,617,039",/market-activity/stocks/mdxh,US_NASDAQ_MDXH
FNUC,Frontier Nuclear and Minerals Inc. Common Shares,$1.38,-0.03,-2.128%,"49,540,683",/market-activity/stocks/fnuc,US_NASDAQ_FNUC
SOGP,Sound Group Inc. American Depositary Shares,$11.85,-0.18,-1.496%,"49,463,630",/market-activity/stocks/sogp,US_NASDAQ_SOGP
FBDT,First Breach Inc. Common Stock,$0.8805,-0.1195,-11.95%,"49,110,945",/market-activity/stocks/fbdt,US_NASDAQ_FBDT
CULP,"Culp, Inc. Common Stock",$3.85,0.11,2.941%,"49,030,997",/market-activity/stocks/culp,US_NASDAQ_CULP
GLNDW,Greenland Energy Company Warrant,$1.12,-0.0999,-8.189%,"48,977,817",/market-activity/stocks/glndw,US_NASDAQ_GLNDW
SFWL,Shengfeng Development Limited Class A Ordinary Shares,$8.90,UNCH,--,"48,948,523",/market-activity/stocks/sfwl,US_NASDAQ_SFWL
DSWL,"Deswell Industries, Inc. Common Shares",$3.055,-0.025,-0.812%,"48,529,405",/market-activity/stocks/dswl,US_NASDAQ_DSWL
TIL,"Instil Bio, Inc. Common Stock",$7.14,0.10,1.42%,"48,423,309",/market-activity/stocks/til,US_NASDAQ_TIL
SNSC,SunScout Holding Limited Class A Ordinary Shares,$1.27,0.04,3.252%,"48,387,000",/market-activity/stocks/snsc,US_NASDAQ_SNSC
ELTX,"Elicio Therapeutics, Inc. Common Stock",$1.84,-0.01,-0.541%,"48,358,663",/market-activity/stocks/eltx,US_NASDAQ_ELTX
CIRC,"Circle8 Group, Inc. Common Stock",$0.4219,0.0269,6.81%,"48,268,281",/market-activity/stocks/circ,US_NASDAQ_CIRC
OFS,OFS Capital Corporation Common Stock,$3.60,-0.06,-1.639%,"48,233,081",/market-activity/stocks/ofs,US_NASDAQ_OFS
CATO,Cato Corporation (The) Class A Common Stock,$2.42,UNCH,--,"48,186,917",/market-activity/stocks/cato,US_NASDAQ_CATO
EDSA,"Edesa Biotech, Inc. Common Shares",$3.56,-0.09,-2.466%,"48,073,254",/market-activity/stocks/edsa,US_NASDAQ_EDSA
RSF,RiverNorth Capital and Income Fund Common Stock,$14.36,0.08,0.56%,"47,985,046",/market-activity/stocks/rsf,US_NASDAQ_RSF
PFXNZ,PhenixFIN Corporation  5.25% Notes due 2028,$23.9149,-0.1251,-0.52%,"47,922,327",/market-activity/stocks/pfxnz,US_NASDAQ_PFXNZ
IBO,"Impact BioMedical, Inc. Common Stock",$5.60,-0.01,-0.178%,"47,844,602",/market-activity/stocks/ibo,US_NASDAQ_IBO
TACT,TransAct Technologies Incorporated Common Stock,$4.63,-0.08,-1.699%,"47,802,301",/market-activity/stocks/tact,US_NASDAQ_TACT
SDA,SunCar Technology Group Inc. Class A Ordinary Shares,$0.4518,-0.0498,-9.928%,"47,731,728",/market-activity/stocks/sda,US_NASDAQ_SDA
EUDA,EUDA Health Holdings Limited Ordinary Shares,$15.9025,-0.2975,-1.836%,"47,617,253",/market-activity/stocks/euda,US_NASDAQ_EUDA
HCMAW,HCM III Acquisition Corp. Warrants,$0.60,0.0014,0.234%,"47,545,724",/market-activity/stocks/hcmaw,US_NASDAQ_HCMAW
PROP,Prairie Operating Co. Common Stock,$0.421,0.0144,3.542%,"47,487,962",/market-activity/stocks/prop,US_NASDAQ_PROP
PIII,P3 Health Partners Inc. Class A Common Stock,$6.54,-0.40,-5.764%,"47,486,822",/market-activity/stocks/piii,US_NASDAQ_PIII
KFFB,Kentucky First Federal Bancorp Common Stock,$5.86,0.2233,3.962%,"47,388,150",/market-activity/stocks/kffb,US_NASDAQ_KFFB
NEOVW,NeoVolta Inc. Warrant,$0.8014,-0.0386,-4.595%,"47,293,216",/market-activity/stocks/neovw,US_NASDAQ_NEOVW
IDN,"Intellicheck, Inc. Common Stock",$2.33,-0.01,-0.427%,"47,221,511",/market-activity/stocks/idn,US_NASDAQ_IDN
CNVS,Cineverse Corp. Class A Common Stock,$1.98,-0.06,-2.941%,"47,067,346",/market-activity/stocks/cnvs,US_NASDAQ_CNVS
ACH,"Accendra Health, Inc. Common Stock",$0.612,-0.038,-5.846%,"47,065,679",/market-activity/stocks/ach,US_NASDAQ_ACH
PLCE,"Children's Place, Inc. (The) Common Stock",$2.11,UNCH,--,"46,920,211",/market-activity/stocks/plce,US_NASDAQ_PLCE
POCI,"Precision Optics Corporation, Inc. Common stock",$4.27,-0.255,-5.635%,"46,853,822",/market-activity/stocks/poci,US_NASDAQ_POCI
RYM,"RYTHM, Inc. Common Stock",$21.23,-0.21,-0.979%,"46,706,000",/market-activity/stocks/rym,US_NASDAQ_RYM
SCYX,"SCYNEXIS, Inc. Common Stock",$4.66,0.04,0.866%,"46,365,178",/market-activity/stocks/scyx,US_NASDAQ_SCYX
ZDGE,"Zedge, Inc. Class B Common Stock ",$2.95,-0.14,-4.531%,"46,270,980",/market-activity/stocks/zdge,US_NASDAQ_ZDGE
DWTX,"Dogwood Therapeutics, Inc. Common Stock",$1.35,-0.01,-0.735%,"45,889,947",/market-activity/stocks/dwtx,US_NASDAQ_DWTX
ELWT,"Elauwit Connection, Inc. Common Stock",$6.91,0.21,3.134%,"45,742,790",/market-activity/stocks/elwt,US_NASDAQ_ELWT
RDI,Reading International Inc Class A Common Stock,$1.99,0.02,1.015%,"45,551,353",/market-activity/stocks/rdi,US_NASDAQ_RDI
PTLE,PTL LTD Class A Ordinary Shares,$7.25,0.51,7.567%,"45,538,135",/market-activity/stocks/ptle,US_NASDAQ_PTLE
HAIN,"Hain Celestial Group, Inc. (The) Common Stock",$0.5004,0.0105,2.143%,"45,537,535",/market-activity/stocks/hain,US_NASDAQ_HAIN
WHLRL,"Wheeler Real Estate Investment Trust, Inc. 7.00% Senior Subordinated Convertible Notes Due 2031",$80.00,UNCH,--,"45,456,880",/market-activity/stocks/whlrl,US_NASDAQ_WHLRL
YMT,Yimutian Inc. American Depositary Shares,$1.79,0.02,1.13%,"45,444,645",/market-activity/stocks/ymt,US_NASDAQ_YMT
SOWG,Sow Good Inc. Common Stock,$2.26,0.06,2.727%,"45,425,758",/market-activity/stocks/sowg,US_NASDAQ_SOWG
TC,Token Cat Limited American Depositary Shares,$1.71,-0.14,-7.568%,"45,165,924",/market-activity/stocks/tc,US_NASDAQ_TC
MBBC,"Marathon Bancorp, Inc. Common Stock",$15.00,-0.122,-0.807%,"45,148,545",/market-activity/stocks/mbbc,US_NASDAQ_MBBC
SEAT,Vivid Seats Inc. Class A Common Stock,$3.85,0.07,1.852%,"45,091,804",/market-activity/stocks/seat,US_NASDAQ_SEAT
HGBL,Heritage Global Inc. Common Stock,$1.30,-0.01,-0.763%,"45,031,279",/market-activity/stocks/hgbl,US_NASDAQ_HGBL
STEM,"Stem, Inc. Class A Common Stock",$4.67,0.12,2.637%,"44,956,894",/market-activity/stocks/stem,US_NASDAQ_STEM
XBP,"XBP Global Holdings, Inc. Common Stock",$3.17,-0.0282,-0.882%,"44,876,371",/market-activity/stocks/xbp,US_NASDAQ_XBP
GROV,"Grove Collaborative Holdings, Inc. Class A Common Stock",$1.05,-0.02,-1.869%,"44,836,098",/market-activity/stocks/grov,US_NASDAQ_GROV
FLNA,"Filana Therapeutics, Inc. Common Stock",$0.9247,0.0715,8.38%,"44,670,311",/market-activity/stocks/flna,US_NASDAQ_FLNA
BNAI,Brand Engagement Network Inc. Common Stock,$5.95,-0.02,-0.335%,"44,643,945",/market-activity/stocks/bnai,US_NASDAQ_BNAI
BTMD,Biote Corp. Class A Common Stock,$1.24,0.01,0.813%,"44,550,060",/market-activity/stocks/btmd,US_NASDAQ_BTMD
IZEA,"IZEA Worldwide, Inc. Common Stock",$2.55,0.03,1.19%,"44,411,529",/market-activity/stocks/izea,US_NASDAQ_IZEA
GRCE,"Grace Therapeutics, Inc. Common Stock",$2.11,-0.01,-0.472%,"44,385,812",/market-activity/stocks/grce,US_NASDAQ_GRCE
SPWH,"Sportsman's Warehouse Holdings, Inc. Common Stock",$1.13,-0.035,-3.004%,"44,229,855",/market-activity/stocks/spwh,US_NASDAQ_SPWH
HOWL,"Werewolf Therapeutics, Inc. Common Stock",$0.91,-0.02,-2.151%,"44,225,150",/market-activity/stocks/howl,US_NASDAQ_HOWL
ATHR,"Aether Holdings, Inc. Common Stock",$3.60,0.1102,3.158%,"44,057,012",/market-activity/stocks/athr,US_NASDAQ_ATHR
MVIS,"MicroVision, Inc. Common Stock",$1.46,UNCH,--,"44,019,039",/market-activity/stocks/mvis,US_NASDAQ_MVIS
TVGN,Tevogen Inc. Common Stock,$6.75,-0.01,-0.148%,"43,952,895",/market-activity/stocks/tvgn,US_NASDAQ_TVGN
SACH,Sachem Capital Corp. Common Shares,$0.9144,0.0119,1.319%,"43,849,716",/market-activity/stocks/sach,US_NASDAQ_SACH
VERU,Veru Inc. Common Stock,$2.56,0.035,1.386%,"43,648,819",/market-activity/stocks/veru,US_NASDAQ_VERU
CRVO,CervoMed Inc. Common Stock,$2.88,0.21,7.865%,"43,542,996",/market-activity/stocks/crvo,US_NASDAQ_CRVO
AIOS,AIOS Tech Inc. Class A Common Shares,$13.40,-0.31,-2.261%,"43,540,017",/market-activity/stocks/aios,US_NASDAQ_AIOS
VHC,VirnetX Holding Corp Common Stock,$10.32,0.09,0.88%,"43,515,653",/market-activity/stocks/vhc,US_NASDAQ_VHC
THCH,TH International Limited Ordinary shares,$1.30,0.04,3.175%,"43,216,657",/market-activity/stocks/thch,US_NASDAQ_THCH
BRIA,BrilliA Inc Class A Ordinary Shares,$1.41,0.02,1.439%,"43,181,250",/market-activity/stocks/bria,US_NASDAQ_BRIA
AXIL,"AXIL Brands, Inc. Common Stock",$6.27,0.06,0.966%,"42,778,210",/market-activity/stocks/axil,US_NASDAQ_AXIL
GPMT,Granite Point Mortgage Trust Inc. Common Stock,$0.8873,-0.0125,-1.389%,"42,766,233",/market-activity/stocks/gpmt,US_NASDAQ_GPMT
MGX,"Metagenomi Therapeutics, Inc. Common Stock",$1.13,-0.01,-0.877%,"42,688,129",/market-activity/stocks/mgx,US_NASDAQ_MGX
LOAN,"Manhattan Bridge Capital, Inc",$3.73,-0.15,-3.866%,"42,617,149",/market-activity/stocks/loan,US_NASDAQ_LOAN
MAMO,Massimo Group Common Stock,$1.02,0.021,2.102%,"42,473,769",/market-activity/stocks/mamo,US_NASDAQ_MAMO
COSM,Cosmos Health Inc. Common Stock,$0.4208,0.0506,13.668%,"42,346,692",/market-activity/stocks/cosm,US_NASDAQ_COSM
NEPH,"Nephros, Inc. Common Stock",$3.89,-0.14,-3.474%,"42,245,867",/market-activity/stocks/neph,US_NASDAQ_NEPH
PRPO,"Precipio, Inc.  Common Stock",$23.58,-0.53,-2.198%,"42,212,633",/market-activity/stocks/prpo,US_NASDAQ_PRPO
NWGL,CL Workshop Group Limited American Depositary Shares,$1.46,0.12,8.955%,"42,125,621",/market-activity/stocks/nwgl,US_NASDAQ_NWGL
PXLW,"Pixelworks, Inc.  Common Stock",$6.95,-0.03,-0.43%,"42,043,281",/market-activity/stocks/pxlw,US_NASDAQ_PXLW
PN,PN Smart Energy Limited Class A Ordinary Shares,$2.84,0.22,8.397%,"41,901,431",/market-activity/stocks/pn,US_NASDAQ_PN
LITS,"Lite Strategy, Inc. Common Stock",$1.375,0.015,1.103%,"41,809,994",/market-activity/stocks/lits,US_NASDAQ_LITS
NSRX,Nasus Pharma Ltd. Ordinary Shares,$3.57,-0.02,-0.557%,"41,807,585",/market-activity/stocks/nsrx,US_NASDAQ_NSRX
AURE,Aurelion Inc. Class A Ordinary Shares,$1.107,-0.053,-4.569%,"41,623,200",/market-activity/stocks/aure,US_NASDAQ_AURE
IXHL,Incannex Healthcare Inc. Common Stock,$3.31,0.16,5.079%,"41,522,715",/market-activity/stocks/ixhl,US_NASDAQ_IXHL
CMTL,Comtech Telecommunications Corp. Common Stock,$1.38,-0.01,-0.719%,"41,346,775",/market-activity/stocks/cmtl,US_NASDAQ_CMTL
KG,"Kestrel Group, Ltd.",$5.28,0.15,2.924%,"41,310,878",/market-activity/stocks/kg,US_NASDAQ_KG
SQNS,Sequans Communications S.A. American Depositary Shares (each representing one hundred (100) Ordinary Shares),$2.75,0.03,1.103%,"41,188,579",/market-activity/stocks/sqns,US_NASDAQ_SQNS
SBCWW,SBC Medical Group Holdings Incorporated Warrants,$0.40,0.05,14.286%,"41,138,777",/market-activity/stocks/sbcww,US_NASDAQ_SBCWW
AERT,"Aeries Technology, Inc. Class A Ordinary Share",$7.825,0.60,8.304%,"41,064,442",/market-activity/stocks/aert,US_NASDAQ_AERT
YSXT,"YSX Tech. Co., Ltd Class A Ordinary Shares",$1.2828,-0.0172,-1.323%,"40,898,871",/market-activity/stocks/ysxt,US_NASDAQ_YSXT
INDO,Indonesia Energy Corporation Limited Ordinary Shares,$2.65,UNCH,--,"40,775,126",/market-activity/stocks/indo,US_NASDAQ_INDO
SNWV,"SANUWAVE Health, Inc. Common Stock",$4.74,0.09,1.935%,"40,774,945",/market-activity/stocks/snwv,US_NASDAQ_SNWV
VTIX,Virtuix Holdings Inc. Class A Common Stock,$1.20,-0.01,-0.826%,"40,765,619",/market-activity/stocks/vtix,US_NASDAQ_VTIX
PHUN,"Phunware, Inc. Common Stock",$1.98,-0.02,-1.00%,"40,516,097",/market-activity/stocks/phun,US_NASDAQ_PHUN
TGE,The Generation Essentials Group Class A Ordinary Shares,$0.83,-0.0141,-1.67%,"40,458,855",/market-activity/stocks/tge,US_NASDAQ_TGE
GAME,"GameSquare Holdings, Inc. Common Stock",$3.08,-0.03,-0.965%,"40,238,112",/market-activity/stocks/game,US_NASDAQ_GAME
TREO,Tactical Resources Corp. Common Shares,$2.95,0.22,8.059%,"40,155,500",/market-activity/stocks/treo,US_NASDAQ_TREO
AHMA,Ambitions Enterprise Management Co. L.L.C Class A Ordinary Shares,$1.35,-0.04,-2.878%,"40,128,750",/market-activity/stocks/ahma,US_NASDAQ_AHMA
XOS,"Xos, Inc. Common Stock",$2.81,0.19,7.252%,"39,952,164",/market-activity/stocks/xos,US_NASDAQ_XOS
CELU,Celularity Inc. Class A Common Stock,$1.37,-0.03,-2.143%,"39,655,967",/market-activity/stocks/celu,US_NASDAQ_CELU
OMEX,"Odyssey Marine Exploration, Inc. Common Stock",$0.675,-0.0109,-1.589%,"39,616,688",/market-activity/stocks/omex,US_NASDAQ_OMEX
MLGO,"MicroAlgo, Inc. Class A Ordinary Shares",$3.17,0.05,1.603%,"39,426,751",/market-activity/stocks/mlgo,US_NASDAQ_MLGO
MIND,"MIND Technology, Inc. Common Stock (DE)",$4.325,0.075,1.765%,"39,310,163",/market-activity/stocks/mind,US_NASDAQ_MIND
GMHS,Gamehaus Holdings Inc. Class A Ordinary Shares,$0.69,-0.01,-1.429%,"39,192,794",/market-activity/stocks/gmhs,US_NASDAQ_GMHS
SYPR,"Sypris Solutions, Inc. Common Stock",$1.70,UNCH,--,"39,144,936",/market-activity/stocks/sypr,US_NASDAQ_SYPR
BRAG,Bragg Gaming Group Inc. Common Shares,$1.26,-0.10,-7.353%,"39,139,889",/market-activity/stocks/brag,US_NASDAQ_BRAG
STG,"Sunlands Technology Group American Depositary Shares, representing Class A ordinary shares",$2.92,UNCH,--,"39,107,548",/market-activity/stocks/stg,US_NASDAQ_STG
LSF,"Laird Superfood, Inc. Common Stock",$3.49,0.08,2.346%,"39,063,165",/market-activity/stocks/lsf,US_NASDAQ_LSF
YQ,17 Education & Technology Group Inc. American Depositary Shares,$3.595,-0.095,-2.575%,"39,026,198",/market-activity/stocks/yq,US_NASDAQ_YQ
BCHT,Birchtech Corp. Common Stock,$1.48,-0.09,-5.732%,"38,932,830",/market-activity/stocks/bcht,US_NASDAQ_BCHT
TOON,"Kartoon Studios, Inc. Common Stock",$0.621,0.0478,8.339%,"38,628,749",/market-activity/stocks/toon,US_NASDAQ_TOON
CNCKW,Coincheck Group N.V. Warrants,$0.2002,-0.0301,-13.07%,"38,397,954",/market-activity/stocks/cnckw,US_NASDAQ_CNCKW
JG,Aurora Mobile Limited American Depositary Shares,$6.44,-0.36,-5.294%,"38,392,595",/market-activity/stocks/jg,US_NASDAQ_JG
PLUT,Plutus Financial Group Limited Ordinary Shares,$2.50,0.39,18.483%,"38,375,000",/market-activity/stocks/plut,US_NASDAQ_PLUT
XRXDW,Xerox Holdings Corporation Warrants,$0.2912,-0.0095,-3.159%,"38,238,786",/market-activity/stocks/xrxdw,US_NASDAQ_XRXDW
QTEX,QTREX Quantum Ltd. Ordinary Shares,$0.6816,-0.0063,-0.916%,"38,145,017",/market-activity/stocks/qtex,US_NASDAQ_QTEX
ACCL,Acco Group Holdings Limited Class A Ordinary Shares,$2.74,-0.01,-0.364%,"38,086,000",/market-activity/stocks/accl,US_NASDAQ_ACCL
RMCO,Royalty Management Holding Corporation Class A Common Stock,$2.51,-0.05,-1.953%,"38,083,497",/market-activity/stocks/rmco,US_NASDAQ_RMCO
MLCI,Mount Logan Capital Inc. Common Stock,$3.38,-0.18,-5.056%,"37,818,036",/market-activity/stocks/mlci,US_NASDAQ_MLCI
QTI,"QT Imaging Holdings, Inc. Common Stock",$2.58,0.13,5.306%,"37,762,232",/market-activity/stocks/qti,US_NASDAQ_QTI
AFRIW,Forafric Global PLC Warrants,$1.40,0.05,3.704%,"37,749,341",/market-activity/stocks/afriw,US_NASDAQ_AFRIW
BAER,"Bridger Aerospace Group Holdings, Inc. Common Stock",$0.6406,-0.1094,-14.587%,"37,684,025",/market-activity/stocks/baer,US_NASDAQ_BAER
KOSS,Koss Corporation Common Stock,$3.98,-0.10,-2.451%,"37,676,423",/market-activity/stocks/koss,US_NASDAQ_KOSS
SLND,"Southland Holdings, Inc. Common Stock",$0.69,0.08,13.115%,"37,560,327",/market-activity/stocks/slnd,US_NASDAQ_SLND
WPRT,Westport Fuel Systems Inc Common Shares,$1.975,-0.075,-3.659%,"37,516,575",/market-activity/stocks/wprt,US_NASDAQ_WPRT
SCLX,Scilex Holding Company Common Stock,$4.41,-0.08,-1.782%,"37,454,130",/market-activity/stocks/sclx,US_NASDAQ_SCLX
FSP,Franklin Street Properties Corp. Common Stock,$0.36,0.0179,5.232%,"37,444,215",/market-activity/stocks/fsp,US_NASDAQ_FSP
SNT,Senstar Technologies Corporation Common Shares,$1.60,-0.04,-2.439%,"37,330,645",/market-activity/stocks/snt,US_NASDAQ_SNT
ZBAO,Zhibao Technology Inc. Class A Ordinary Shares,$0.0798,-0.0068,-7.852%,"37,193,289",/market-activity/stocks/zbao,US_NASDAQ_ZBAO
MLSS,"Milestone Scientific, Inc. Common Stock",$0.41,UNCH,--,"37,164,205",/market-activity/stocks/mlss,US_NASDAQ_MLSS
HOLO,MicroCloud Hologram Inc. Ordinary Shares,$1.615,-0.005,-0.309%,"37,003,461",/market-activity/stocks/holo,US_NASDAQ_HOLO
NTIP,"Network-1 Technologies, Inc. Common Stock",$1.61,0.06,3.871%,"36,809,721",/market-activity/stocks/ntip,US_NASDAQ_NTIP
WAVE,Eco Wave Power Global AB (publ) American Depositary Shares,$5.88,-0.17,-2.81%,"36,689,224",/market-activity/stocks/wave,US_NASDAQ_WAVE
MIRA,"MIRA Pharmaceuticals, Inc. Common Stock",$0.8715,-0.0318,-3.52%,"36,622,249",/market-activity/stocks/mira,US_NASDAQ_MIRA
PPSI,"Pioneer Power Solutions, Inc. Common Stock",$3.285,-0.015,-0.455%,"36,461,089",/market-activity/stocks/ppsi,US_NASDAQ_PPSI
DCGO,DocGo Inc. Common Stock,$0.368,0.003,0.822%,"36,405,640",/market-activity/stocks/dcgo,US_NASDAQ_DCGO
HBIO,"Harvard Bioscience, Inc. Common Stock",$7.96,-0.02,-0.251%,"36,236,348",/market-activity/stocks/hbio,US_NASDAQ_HBIO
STRR,"Star Equity Holdings, Inc. Common Stock",$9.75,-0.10,-1.015%,"35,971,679",/market-activity/stocks/strr,US_NASDAQ_STRR
ATNM,"Actinium Pharmaceuticals, Inc. (Delaware) Common Stock",$1.14,-0.04,-3.39%,"35,843,237",/market-activity/stocks/atnm,US_NASDAQ_ATNM
GROW,"U.S. Global Investors, Inc. Class A Common Stock",$2.91,-0.01,-0.342%,"35,787,750",/market-activity/stocks/grow,US_NASDAQ_GROW
FTCI,"FTC Solar, Inc. Common Stock",$2.15,-0.23,-9.664%,"35,521,001",/market-activity/stocks/ftci,US_NASDAQ_FTCI
BCTX,BriaCell Therapeutics Corp. Common Shares,$4.08,-0.075,-1.805%,"35,495,131",/market-activity/stocks/bctx,US_NASDAQ_BCTX
FTFT,Future FinTech Group Inc. Common Stock,$3.77,-0.42,-10.024%,"35,343,750",/market-activity/stocks/ftft,US_NASDAQ_FTFT
ARAY,Accuray Incorporated Common Stock,$0.2955,-0.0043,-1.434%,"35,294,315",/market-activity/stocks/aray,US_NASDAQ_ARAY
GAIA,"Gaia, Inc. Class A Common Stock",$1.385,-0.035,-2.465%,"35,214,723",/market-activity/stocks/gaia,US_NASDAQ_GAIA
ALGS,"Aligos Therapeutics, Inc. Common Stock",$5.62,0.08,1.444%,"35,094,416",/market-activity/stocks/algs,US_NASDAQ_ALGS
RMTI,"Rockwell Medical, Inc. Common Stock",$8.68,0.05,0.579%,"34,984,436",/market-activity/stocks/rmti,US_NASDAQ_RMTI
MCRB,"Seres Therapeutics, Inc. Common Stock",$3.48,-0.04,-1.136%,"34,955,838",/market-activity/stocks/mcrb,US_NASDAQ_MCRB
ELUT,Elutia Inc. Class A Common Stock,$0.789,-0.021,-2.593%,"34,944,202",/market-activity/stocks/elut,US_NASDAQ_ELUT
IMMP,Immutep Limited American Depositary Shares,$4.71,-0.17,-3.484%,"34,706,139",/market-activity/stocks/immp,US_NASDAQ_IMMP
CNF,"CNFinance Holdings Limited American Depositary Shares, each representing two hundred (200) Ordinary Shares",$1.95,-0.04,-2.01%,"34,705,876",/market-activity/stocks/cnf,US_NASDAQ_CNF
SVIAW,"Silvia, Inc. Warrant",$0.41,-0.0134,-3.165%,"34,567,280",/market-activity/stocks/sviaw,US_NASDAQ_SVIAW
RYOJ,"rYojbaba Co., Ltd. Common Shares",$2.99,-0.71,-19.189%,"34,534,500",/market-activity/stocks/ryoj,US_NASDAQ_RYOJ
HHS,"Harte Hanks, Inc. Common Stock",$4.63,0.03,0.652%,"34,513,131",/market-activity/stocks/hhs,US_NASDAQ_HHS
SPRU,Spruce Power Holding Corporation Class A Common Stock,$1.79,-0.02,-1.105%,"34,461,413",/market-activity/stocks/spru,US_NASDAQ_SPRU
ANGH,Anghami Inc. Ordinary Shares,$3.7993,0.0086,0.227%,"34,439,925",/market-activity/stocks/angh,US_NASDAQ_ANGH
BODI,"The Beachbody Company, Inc. Class A Common Stock",$4.71,-0.025,-0.528%,"34,199,225",/market-activity/stocks/bodi,US_NASDAQ_BODI
STRRP,"Star Equity Holdings, Inc. 10% Series A Cumulative Perpetual Preferred Stock",$9.25,-0.01,-0.108%,"34,126,978",/market-activity/stocks/strrp,US_NASDAQ_STRRP
GNTA,Genenta Science S.p.A. American Depositary Shares,$0.7032,0.0129,1.869%,"33,906,095",/market-activity/stocks/gnta,US_NASDAQ_GNTA
CREX,"Creative Realities, Inc. Common Stock",$2.49,0.035,1.426%,"33,681,000",/market-activity/stocks/crex,US_NASDAQ_CREX
BDMD,Baird Medical Investment Holdings Ltd Ordinary Share,$0.7975,0.025,3.236%,"33,661,488",/market-activity/stocks/bdmd,US_NASDAQ_BDMD
RAVE,"Rave Restaurant Group, Inc. Common Stock",$2.35,UNCH,--,"33,397,180",/market-activity/stocks/rave,US_NASDAQ_RAVE
BHST,BioHarvest Sciences Inc. Common Stock,$1.47,0.02,1.379%,"33,321,728",/market-activity/stocks/bhst,US_NASDAQ_BHST
TDTH,Trident Digital Tech Holdings Ltd Class B Ordinary Shares,$1.14,0.03,2.703%,"33,219,023",/market-activity/stocks/tdth,US_NASDAQ_TDTH
BOSC,B.O.S. Better Online Solutions Common Stock,$4.71,0.04,0.857%,"33,204,605",/market-activity/stocks/bosc,US_NASDAQ_BOSC
JFU,9F Inc. American Depositary Shares,$2.8201,0.25,9.727%,"33,201,976",/market-activity/stocks/jfu,US_NASDAQ_JFU
NNVC,"NanoViricides, Inc. Common Stock",$1.30,-0.20,-13.333%,"33,182,500",/market-activity/stocks/nnvc,US_NASDAQ_NNVC
UG,"United-Guardian, Inc. Common Stock",$7.22,0.1195,1.683%,"33,170,983",/market-activity/stocks/ug,US_NASDAQ_UG
LONA,"LeonaBio, Inc. Common Stock",$3.51,0.64,22.30%,"33,070,037",/market-activity/stocks/lona,US_NASDAQ_LONA
CCEL,"Cryo-Cell International, Inc. Common Stock",$4.05,-0.11,-2.644%,"32,653,733",/market-activity/stocks/ccel,US_NASDAQ_CCEL
LVLU,"Lulu's Fashion Lounge Holdings, Inc. Common Stock",$11.33,-0.31,-2.663%,"32,534,956",/market-activity/stocks/lvlu,US_NASDAQ_LVLU
PFAI,Pinnacle Food Group Limited Class A Common Shares,$2.77,UNCH,--,"32,510,327",/market-activity/stocks/pfai,US_NASDAQ_PFAI
SRXH,SRX Global Inc. Common Stock,$1.60,0.02,1.266%,"32,424,626",/market-activity/stocks/srxh,US_NASDAQ_SRXH
BHM,"Bluerock Homes Trust, Inc. Class A Common Stock",$7.89,-0.043,-0.542%,"32,412,341",/market-activity/stocks/bhm,US_NASDAQ_BHM
TAOX,Tao Synergies Inc. Common Stock,$4.32,-0.03,-0.69%,"32,327,605",/market-activity/stocks/taox,US_NASDAQ_TAOX
NSPR,InspireMD Inc. Common Stock,$0.6937,0.0042,0.609%,"32,249,501",/market-activity/stocks/nspr,US_NASDAQ_NSPR
MNY,MoneyHero Limited Class A Ordinary Shares,$0.7226,0.0476,7.052%,"32,107,443",/market-activity/stocks/mny,US_NASDAQ_MNY
LOTWW,Lotus Technology Inc. Warrants,$0.05,UNCH,--,"32,104,494",/market-activity/stocks/lotww,US_NASDAQ_LOTWW
NSYS,Nortech Systems Incorporated Common Stock,$11.16,0.16,1.455%,"31,848,029",/market-activity/stocks/nsys,US_NASDAQ_NSYS
BYSI,BeyondSpring Inc. Ordinary Shares,$0.7733,-0.3467,-30.955%,"31,797,957",/market-activity/stocks/bysi,US_NASDAQ_BYSI
QNCX,"Quince Therapeutics, Inc. Common Stock",$31.17,2.17,7.483%,"31,701,854",/market-activity/stocks/qncx,US_NASDAQ_QNCX
WKHS,"Workhorse Group, Inc. Common Stock",$2.90,UNCH,--,"31,692,897",/market-activity/stocks/wkhs,US_NASDAQ_WKHS
XTIA,"XTI Aerospace, Inc. Common Stock",$0.8224,-0.0978,-10.628%,"31,644,134",/market-activity/stocks/xtia,US_NASDAQ_XTIA
LVO,"LiveOne, Inc. Common Stock",$2.30,UNCH,--,"31,537,115",/market-activity/stocks/lvo,US_NASDAQ_LVO
CVM,Cel-Sci Corporation Common Stock,$1.79,0.09,5.294%,"31,484,287",/market-activity/stocks/cvm,US_NASDAQ_CVM
EHLD,Euroholdings Ltd. Common Stock ,$11.17,-0.945,-7.80%,"31,461,590",/market-activity/stocks/ehld,US_NASDAQ_EHLD
ITOC,iTonic Holdings Ltd Class A Ordinary Shares,$0.268,-0.0165,-5.80%,"31,369,400",/market-activity/stocks/itoc,US_NASDAQ_ITOC
RYET,Ruanyun Edai Technology Inc. Ordinary shares,$0.8375,-0.0524,-5.888%,"31,222,003",/market-activity/stocks/ryet,US_NASDAQ_RYET
KLXE,"KLX Energy Services Holdings, Inc. Common Stock",$1.45,-0.07,-4.605%,"31,071,647",/market-activity/stocks/klxe,US_NASDAQ_KLXE
MF,MindForge Inc. Class A Ordinary Shares,$17.10,3.19,22.933%,"31,060,440",/market-activity/stocks/mf,US_NASDAQ_MF
EDHL,Everbright Digital Holding Limited Ordinary Shares,$5.20,0.06,1.167%,"30,988,230",/market-activity/stocks/edhl,US_NASDAQ_EDHL
AEI,Alset Inc. Common Stock (TX),$0.7958,0.0162,2.078%,"30,953,302",/market-activity/stocks/aei,US_NASDAQ_AEI
QNTM,Quantum Biopharma Ltd. Class B Subordinate Voting Shares,$3.82,-0.14,-3.535%,"30,894,330",/market-activity/stocks/qntm,US_NASDAQ_QNTM
ONMD,OneMedNet Corp Class A Common Stock,$5.2094,-1.1206,-17.703%,"30,884,683",/market-activity/stocks/onmd,US_NASDAQ_ONMD
DAIO,Data I/O Corporation Common Stock,$2.97,0.12,4.211%,"30,875,012",/market-activity/stocks/daio,US_NASDAQ_DAIO
YI,"111, Inc. American Depositary Shares",$3.50,-0.02,-0.568%,"30,789,374",/market-activity/stocks/yi,US_NASDAQ_YI
VTSI,"VirTra, Inc. Common Stock",$2.71,-0.11,-3.901%,"30,676,181",/market-activity/stocks/vtsi,US_NASDAQ_VTSI
COHN,Cohen & Company Inc.,$9.50,-0.10,-1.042%,"30,675,215",/market-activity/stocks/cohn,US_NASDAQ_COHN
ANPA,Rich Sparkle Holdings Limited Ordinary Shares,$2.02,0.07,3.59%,"30,505,545",/market-activity/stocks/anpa,US_NASDAQ_ANPA
PAVM,PAVmed Inc. Common Stock,$3.815,0.02,0.527%,"30,504,427",/market-activity/stocks/pavm,US_NASDAQ_PAVM
VAI,Valor Energy Incorporated Common Stock,$2.09,0.03,1.456%,"30,425,152",/market-activity/stocks/vai,US_NASDAQ_VAI
BGDE,"Big Digital Energy, Inc. Common Stock",$5.32,0.06,1.141%,"30,420,026",/market-activity/stocks/bgde,US_NASDAQ_BGDE
PETS,"PetMed Express, Inc. Common Stock",$1.40,-0.005,-0.356%,"30,350,480",/market-activity/stocks/pets,US_NASDAQ_PETS
ATYR,"aTyr Pharma, Inc. Common Stock",$0.3077,0.01,3.359%,"30,181,501",/market-activity/stocks/atyr,US_NASDAQ_ATYR
CNTY,"Century Casinos, Inc. Common Stock",$1.07,0.02,1.905%,"30,107,330",/market-activity/stocks/cnty,US_NASDAQ_CNTY
FIEE,"FiEE, Inc Common Stock",$3.53,-0.11,-3.022%,"30,105,951",/market-activity/stocks/fiee,US_NASDAQ_FIEE
CLPS,CLPS Incorporation Common Stock,$1.01,-0.0102,-1.00%,"30,040,887",/market-activity/stocks/clps,US_NASDAQ_CLPS
DRK,DarkHorse Technologies Inc. Common Shares,$2.89,-0.01,-0.345%,"29,973,569",/market-activity/stocks/drk,US_NASDAQ_DRK
VIP,Vulcan Infrastructure and Power Inc. Class A Common Stock,$1.62,0.01,0.621%,"29,856,441",/market-activity/stocks/vip,US_NASDAQ_VIP
ENRDW,Einride AB Warrants,$0.2031,-0.0271,-11.772%,"29,792,599",/market-activity/stocks/enrdw,US_NASDAQ_ENRDW
FLD,"Fold Holdings, Inc. Class A Common Stock",$0.5401,0.03,5.881%,"29,634,437",/market-activity/stocks/fld,US_NASDAQ_FLD
EVAX,Evaxion A/S American Depositary Share,$3.27,0.03,0.926%,"29,500,249",/market-activity/stocks/evax,US_NASDAQ_EVAX
SPHL,Springview Holdings Ltd Class A Ordinary Shares,$2.40,-0.34,-12.409%,"29,428,752",/market-activity/stocks/sphl,US_NASDAQ_SPHL
FGC,FG Communities Holdings Inc. Common Stock ,$6.24,-1.26,-16.80%,"29,375,518",/market-activity/stocks/fgc,US_NASDAQ_FGC
CNTX,Context Therapeutics Inc. Common Stock,$0.319,-0.0073,-2.237%,"29,309,457",/market-activity/stocks/cntx,US_NASDAQ_CNTX
ARBK,Argo Blockchain plc American Depositary Shares,$2.19,-0.07,-3.097%,"29,258,474",/market-activity/stocks/arbk,US_NASDAQ_ARBK
ATCH,"AtlasClear Holdings, Inc. Common Stock",$0.1914,0.0084,4.59%,"29,061,936",/market-activity/stocks/atch,US_NASDAQ_ATCH
RAND,Rand Capital Corporation Common Stock,$9.78,-0.22,-2.20%,"29,044,781",/market-activity/stocks/rand,US_NASDAQ_RAND
CVV,CVD Equipment Corporation Common Stock,$4.16,-0.11,-2.576%,"28,917,004",/market-activity/stocks/cvv,US_NASDAQ_CVV
LFT,"Lument Finance Trust, Inc. Common Stock",$5.50,-0.11,-1.961%,"28,867,372",/market-activity/stocks/lft,US_NASDAQ_LFT
SJ,Scienjoy Holding Corporation Class A Ordinary Shares ,$0.6769,0.0269,4.138%,"28,743,048",/market-activity/stocks/sj,US_NASDAQ_SJ
FUFUW,BitFuFu Inc. Warrant,$0.172,-0.0279,-13.957%,"28,664,419",/market-activity/stocks/fufuw,US_NASDAQ_FUFUW
BLNE,"Beeline Holdings, Inc. Common Stock",$0.8678,-0.0122,-1.386%,"28,575,047",/market-activity/stocks/blne,US_NASDAQ_BLNE
QRHC,Quest Resource Holding Corporation Common Stock,$1.35,-0.02,-1.46%,"28,475,356",/market-activity/stocks/qrhc,US_NASDAQ_QRHC
SST,"System1, Inc. Class A Common Stock",$2.70,-0.01,-0.369%,"28,319,352",/market-activity/stocks/sst,US_NASDAQ_SST
FKWL,Franklin Wireless Corp. Common Stock,$2.395,-0.025,-1.033%,"28,223,351",/market-activity/stocks/fkwl,US_NASDAQ_FKWL
GPUS,"Hyperscale Data, Inc. Common Stock",$0.1594,-0.0098,-5.792%,"28,206,966",/market-activity/stocks/gpus,US_NASDAQ_GPUS
CPHI,"China Pharma Holdings, Inc. Common Stock",$0.6502,-0.0648,-9.063%,"27,972,906",/market-activity/stocks/cphi,US_NASDAQ_CPHI
GNS,Genius Group Limited Ordinary Shares,$0.1456,-0.0044,-2.933%,"27,947,557",/market-activity/stocks/gns,US_NASDAQ_GNS
MCRP,Micropolis AI Robotics Ordinary Shares,$0.80,0.0229,2.947%,"27,910,758",/market-activity/stocks/mcrp,US_NASDAQ_MCRP
BRLS,Borealis Foods Inc. Class A Common Shares,$1.30,0.02,1.563%,"27,902,298",/market-activity/stocks/brls,US_NASDAQ_BRLS
ABVC,"ABVC BioPharma, Inc. Common Stock",$1.04,-0.01,-0.952%,"27,720,540",/market-activity/stocks/abvc,US_NASDAQ_ABVC
IGC,"IGC Pharma, Inc. Common Stock",$0.2675,-0.0065,-2.372%,"27,655,222",/market-activity/stocks/igc,US_NASDAQ_IGC
BIRD,"Smartbird, Inc. Class A Common Stock",$2.34,0.01,0.429%,"27,633,512",/market-activity/stocks/bird,US_NASDAQ_BIRD
RNAZ,"TransCode Therapeutics, Inc. Common Stock",$1.63,-0.08,-4.678%,"27,597,105",/market-activity/stocks/rnaz,US_NASDAQ_RNAZ
KYNB,"Kyntra Bio, Inc. Common Stock",$6.79,-0.11,-1.594%,"27,493,552",/market-activity/stocks/kynb,US_NASDAQ_KYNB
OPTH,Optimi Health Corp. Common Shares,$4.78,-0.07,-1.443%,"27,369,644",/market-activity/stocks/opth,US_NASDAQ_OPTH
KPTI,Karyopharm Therapeutics Inc. Common Stock,$1.205,-0.415,-25.617%,"27,331,159",/market-activity/stocks/kpti,US_NASDAQ_KPTI
EONR,EON Resources Inc. Class A Common Stock,$0.489,-0.025,-4.864%,"27,298,357",/market-activity/stocks/eonr,US_NASDAQ_EONR
BLIV,BeLive Holdings Ordinary Share,$2.50,0.185,7.991%,"27,162,005",/market-activity/stocks/bliv,US_NASDAQ_BLIV
NTRP,"NextTrip, Inc. Common Stock",$1.80,-0.09,-4.762%,"27,154,982",/market-activity/stocks/ntrp,US_NASDAQ_NTRP
CRWS,Crown Crafts Inc Common Stock,$2.52,-0.02,-0.787%,"27,115,923",/market-activity/stocks/crws,US_NASDAQ_CRWS
PDC,Perpetuals.com Ltd American Depositary Shares,$3.31,-0.04,-1.194%,"26,857,797",/market-activity/stocks/pdc,US_NASDAQ_PDC
SWAG,"Stran & Company, Inc. Common Stock",$1.44,0.04,2.857%,"26,841,008",/market-activity/stocks/swag,US_NASDAQ_SWAG
AAME,Atlantic American Corporation Common Stock,$1.30,-0.01,-0.763%,"26,516,396",/market-activity/stocks/aame,US_NASDAQ_AAME
OCCI,"OFS Credit Company, Inc. Common Stock",$2.28,0.05,2.242%,"26,485,643",/market-activity/stocks/occi,US_NASDAQ_OCCI
BBGI,"Beasley Broadcast Group, Inc. Class A Common Stock",$14.19,-0.40,-2.742%,"26,290,537",/market-activity/stocks/bbgi,US_NASDAQ_BBGI
JAGU,Jaguar Uranium Corp. Class A Common Shares,$1.30,-0.10,-7.143%,"26,251,910",/market-activity/stocks/jagu,US_NASDAQ_JAGU
MRNO,Murano Global Investments PLC Ordinary Shares,$0.3275,0.0275,9.167%,"25,952,041",/market-activity/stocks/mrno,US_NASDAQ_MRNO
AIFA,"All In FutureTech Alliance, Inc. Common Stock",$4.04,-0.14,-3.349%,"25,938,077",/market-activity/stocks/aifa,US_NASDAQ_AIFA
AXG,Solowin Holdings Class A Ordinary Share,$0.129,-0.0179,-12.185%,"25,930,403",/market-activity/stocks/axg,US_NASDAQ_AXG
RCON,"Recon Technology, Ltd. Class A Ordinary Shares",$1.23,-0.11,-8.209%,"25,784,766",/market-activity/stocks/rcon,US_NASDAQ_RCON
JOB,GEE Group Inc. Common Stock,$0.2342,0.0052,2.271%,"25,731,715",/market-activity/stocks/job,US_NASDAQ_JOB
ASTI,"Ascent Solar Technologies, Inc. Common Stock",$2.61,-0.11,-4.044%,"25,620,885",/market-activity/stocks/asti,US_NASDAQ_ASTI
NOMA,NOMADAR Corp. Class A Common Stock,$1.67,0.025,1.52%,"25,523,493",/market-activity/stocks/noma,US_NASDAQ_NOMA
PLRZ,Polyrizon Ltd. Ordinary Shares,$10.49,0.13,1.255%,"25,476,056",/market-activity/stocks/plrz,US_NASDAQ_PLRZ
AIFF,"Firefly Neuroscience, Inc. Common Stock",$1.62,-0.07,-4.142%,"25,418,312",/market-activity/stocks/aiff,US_NASDAQ_AIFF
CLIR,ClearSign Technologies Corporation Common Stock (DE),$3.73,0.08,2.192%,"25,391,807",/market-activity/stocks/clir,US_NASDAQ_CLIR
BEEM,Beam Global Common Stock,$1.12,-0.02,-1.754%,"25,349,313",/market-activity/stocks/beem,US_NASDAQ_BEEM
DXLG,"Destination XL Group, Inc. Common Stock",$0.457,-0.0172,-3.627%,"25,342,272",/market-activity/stocks/dxlg,US_NASDAQ_DXLG
PRHI,"Presurance Holdings, Inc. Common Stock",$6.71,-0.01,-0.149%,"25,136,277",/market-activity/stocks/prhi,US_NASDAQ_PRHI
AWRE,"Aware, Inc. Common Stock",$1.15,0.05,4.545%,"25,084,533",/market-activity/stocks/awre,US_NASDAQ_AWRE
PAPL,Pineapple Financial Inc. Common Stock,$0.9899,0.0199,2.052%,"25,015,958",/market-activity/stocks/papl,US_NASDAQ_PAPL
JDZG,JIADE LIMITED Class A Ordinary Shares,$4.55,0.07,1.563%,"24,713,248",/market-activity/stocks/jdzg,US_NASDAQ_JDZG
ADSEW,ADS-TEC ENERGY PLC Warrant,$0.3279,0.0979,42.565%,"24,635,038",/market-activity/stocks/adsew,US_NASDAQ_ADSEW
DFDVW,DeFi Development Corp. Warrant,$0.755,-0.125,-14.205%,"24,628,696",/market-activity/stocks/dfdvw,US_NASDAQ_DFDVW
DUO,Fangdd Network Group Ltd. Class A Ordinary Shares,$0.637,0.0225,3.662%,"24,555,339",/market-activity/stocks/duo,US_NASDAQ_DUO
NXPL,NextPlat Corp Common Stock,$9.00,-0.20,-2.174%,"24,418,998",/market-activity/stocks/nxpl,US_NASDAQ_NXPL
REFR,Research Frontiers Incorporated Common Stock,$0.6987,-0.0757,-9.775%,"24,362,122",/market-activity/stocks/refr,US_NASDAQ_REFR
MBNKO,"Medallion Bank Fixed-Rate Reset Non-Cumulative Perpetual Preferred Stock, Series G, par value $1.00 per share",$24.33,-0.17,-0.694%,"24,330,000",/market-activity/stocks/mbnko,US_NASDAQ_MBNKO
KMRK,K-Tech Solutions Company Limited Class A Ordinary Shares,$1.15,0.219,23.523%,"24,265,000",/market-activity/stocks/kmrk,US_NASDAQ_KMRK
LOCL,Local Bounti Corporation Common Stock,$1.03,-0.01,-0.962%,"24,081,523",/market-activity/stocks/locl,US_NASDAQ_LOCL
VIDA,VIDA Global Inc. Class A Common Stock,$1.65,0.01,0.61%,"24,061,838",/market-activity/stocks/vida,US_NASDAQ_VIDA
INLX,"Intellinetics, Inc. Common Stock",$5.35,0.20,3.883%,"24,048,218",/market-activity/stocks/inlx,US_NASDAQ_INLX
USEA,United Maritime Corporation Common Stock,$2.52,-0.07,-2.703%,"24,036,110",/market-activity/stocks/usea,US_NASDAQ_USEA
ZTG,Zenta Group Company Limited Class A Ordinary Shares,$0.9942,-0.1408,-12.405%,"23,947,473",/market-activity/stocks/ztg,US_NASDAQ_ZTG
AYTU,"Aytu BioPharma, Inc.  Common Stock",$2.20,0.03,1.382%,"23,906,758",/market-activity/stocks/aytu,US_NASDAQ_AYTU
PRT,PermRock Royalty Trust Units of Beneficial Interest,$1.95,-0.02,-1.015%,"23,723,177",/market-activity/stocks/prt,US_NASDAQ_PRT
LIVE,Live Ventures Incorporated Common Stock,$7.70,0.20,2.667%,"23,651,751",/market-activity/stocks/live,US_NASDAQ_LIVE
TXMD,"TherapeuticsMD, Inc. Common Stock",$2.04,-0.05,-2.392%,"23,611,698",/market-activity/stocks/txmd,US_NASDAQ_TXMD
QNRX,"Quoin Pharmaceuticals, Ltd. American Depositary Shares",$4.88,-0.38,-7.224%,"23,444,306",/market-activity/stocks/qnrx,US_NASDAQ_QNRX
ORIO,Orion Digital Corp. Common Shares,$0.98,-0.04,-3.922%,"23,305,380",/market-activity/stocks/orio,US_NASDAQ_ORIO
GRDX,GridAI Technologies Corp. Common Stock,$3.26,-0.21,-6.052%,"23,247,461",/market-activity/stocks/grdx,US_NASDAQ_GRDX
KTCC,Key Tronic Corporation Common Stock,$2.10,UNCH,--,"23,238,363",/market-activity/stocks/ktcc,US_NASDAQ_KTCC
EHTH,"eHealth, Inc. Common Stock",$0.7189,-0.0064,-0.882%,"23,028,275",/market-activity/stocks/ehth,US_NASDAQ_EHTH
HKIT,Hitek Global Inc. Class A Ordinary Share,$2.54,-0.03,-1.167%,"22,839,324",/market-activity/stocks/hkit,US_NASDAQ_HKIT
HOVRW,New Horizon Aircraft Ltd. Warrant,$0.3388,0.0188,5.875%,"22,741,591",/market-activity/stocks/hovrw,US_NASDAQ_HOVRW
UPC,Universe Pharmaceuticals Inc. Class A Ordinary Shares,$4.52,-0.28,-5.833%,"22,710,243",/market-activity/stocks/upc,US_NASDAQ_UPC
FEDU,"Four Seasons Education (Cayman) Inc. American Depositary Shares, each ADS representing 10 ordinary shares",$10.00,UNCH,--,"22,614,380",/market-activity/stocks/fedu,US_NASDAQ_FEDU
JVA,"Coffee Holding Co., Inc. Common Stock",$3.96,0.04,1.02%,"22,606,052",/market-activity/stocks/jva,US_NASDAQ_JVA
UTSI,UTStarcom Holdings Corp. Ordinary Shares,$2.35,-0.005,-0.212%,"22,311,159",/market-activity/stocks/utsi,US_NASDAQ_UTSI
GTEC,Greenland Technologies Holding Corporation Class A Ordinary Shares,$0.8402,-0.0598,-6.644%,"22,302,455",/market-activity/stocks/gtec,US_NASDAQ_GTEC
NXTC,"NextCure, Inc. Common Stock",$4.845,-0.235,-4.626%,"22,177,304",/market-activity/stocks/nxtc,US_NASDAQ_NXTC
SKYQ,Sky Quarry Inc. Common Stock,$2.50,-0.10,-3.846%,"22,083,475",/market-activity/stocks/skyq,US_NASDAQ_SKYQ
BIOX,Bioceres Crop Solutions Corp. Ordinary Shares,$0.3455,-0.0125,-3.492%,"22,048,390",/market-activity/stocks/biox,US_NASDAQ_BIOX
RADX,Radiopharm Theranostics Limited American Depositary Shares,$1.52,UNCH,--,"21,976,917",/market-activity/stocks/radx,US_NASDAQ_RADX
CKX,"CKX Lands, Inc. Common Stock",$10.69,-0.01,-0.093%,"21,947,949",/market-activity/stocks/ckx,US_NASDAQ_CKX
PSHG,Performance Shipping Inc. Common Shares,$1.755,UNCH,--,"21,817,209",/market-activity/stocks/pshg,US_NASDAQ_PSHG
BENF,Beneficient Class A Common Stock,$1.41,-0.01,-0.704%,"21,792,568",/market-activity/stocks/benf,US_NASDAQ_BENF
VNTG,Vantage Corp Class A Ordinary Shares,$0.7073,-0.024,-3.282%,"21,686,447",/market-activity/stocks/vntg,US_NASDAQ_VNTG
GIFT,"Giftify, Inc. Common Stock",$0.61,-0.0012,-0.196%,"21,609,357",/market-activity/stocks/gift,US_NASDAQ_GIFT
COCP,"Cocrystal Pharma, Inc. Common Stock",$1.12,-0.09,-7.438%,"21,574,784",/market-activity/stocks/cocp,US_NASDAQ_COCP
MERC,Mercer International Inc. Common Stock,$0.3208,0.0028,0.881%,"21,499,385",/market-activity/stocks/merc,US_NASDAQ_MERC
SNAL,"Snail, Inc. Class A Common Stock",$2.40,-0.02,-0.826%,"21,493,946",/market-activity/stocks/snal,US_NASDAQ_SNAL
STAK,STAK Inc. Class A Ordinary Shares,$1.11,-0.08,-6.723%,"21,323,487",/market-activity/stocks/stak,US_NASDAQ_STAK
ZEO,Zeo Energy Corporation Class A Common Stock,$0.3416,-0.0016,-0.466%,"21,241,880",/market-activity/stocks/zeo,US_NASDAQ_ZEO
LOOP,"Loop Industries, Inc. Common Stock",$0.4369,-0.0072,-1.621%,"21,137,384",/market-activity/stocks/loop,US_NASDAQ_LOOP
NTRBW,Nutriband Inc. Warrant,$1.73,0.07,4.217%,"21,029,332",/market-activity/stocks/ntrbw,US_NASDAQ_NTRBW
SOAR,"Volato Group, Inc. Class A Common Stock",$0.39,0.0712,22.334%,"20,916,967",/market-activity/stocks/soar,US_NASDAQ_SOAR
GRAN,Grande Group Limited Class A Ordinary Shares,$0.8387,-0.1813,-17.775%,"20,888,872",/market-activity/stocks/gran,US_NASDAQ_GRAN
RVP,"Retractable Technologies, Inc. Common Stock",$0.697,0.01,1.456%,"20,866,200",/market-activity/stocks/rvp,US_NASDAQ_RVP
MSGM,Motorsport Games Inc. Class A Common Stock,$4.54,0.12,2.715%,"20,833,161",/market-activity/stocks/msgm,US_NASDAQ_MSGM
AZIO,"Azio AI Holdings, Inc. Common Stock",$1.21,-0.06,-4.724%,"20,821,496",/market-activity/stocks/azio,US_NASDAQ_AZIO
JSPR,"Jasper Therapeutics, Inc. Common Stock",$0.6254,-0.0006,-0.096%,"20,809,910",/market-activity/stocks/jspr,US_NASDAQ_JSPR
BEAT,"Heartbeam, Inc. Common Stock",$0.3679,-0.0051,-1.367%,"20,730,860",/market-activity/stocks/beat,US_NASDAQ_BEAT
PBM,Psyence Biomedical Ltd. Common Shares,$5.43,-0.235,-4.148%,"20,711,801",/market-activity/stocks/pbm,US_NASDAQ_PBM
TLF,"Tandy Leather Factory, Inc. Common Stock",$2.52,-0.07,-2.703%,"20,644,029",/market-activity/stocks/tlf,US_NASDAQ_TLF
WHLRD,"Wheeler Real Estate Investment Trust, Inc. Series D Cumulative Preferred Stock",$36.25,UNCH,--,"20,597,649",/market-activity/stocks/whlrd,US_NASDAQ_WHLRD
MXC,Mexco Energy Corporation Common Stock,$9.97,UNCH,--,"20,398,620",/market-activity/stocks/mxc,US_NASDAQ_MXC
BNGO,"Bionano Genomics, Inc. Common Stock",$1.73,0.05,2.976%,"20,374,210",/market-activity/stocks/bngo,US_NASDAQ_BNGO
CHOW,ChowChow Cloud International Holdings Limited Ordinary Shares,$0.573,-0.0504,-8.085%,"20,335,770",/market-activity/stocks/chow,US_NASDAQ_CHOW
QNME,"Quanome Technologies, Inc. Common Stock",$0.5867,-0.0632,-9.725%,"20,198,649",/market-activity/stocks/qnme,US_NASDAQ_QNME
MNDO,MIND C.T.I. Ltd. Ordinary Shares,$1.00,UNCH,--,"20,185,166",/market-activity/stocks/mndo,US_NASDAQ_MNDO
TCRX,"TScan Therapeutics, Inc. Common Stock",$0.3175,-0.0225,-6.618%,"20,162,097",/market-activity/stocks/tcrx,US_NASDAQ_TCRX
TGHL,The GrowHub Limited Class A Ordinary Shares,$0.7915,-0.0035,-0.44%,"20,024,800",/market-activity/stocks/tghl,US_NASDAQ_TGHL
ESLA,"Estrella Immunopharma, Inc. Common Stock",$0.4601,0.0287,6.653%,"20,013,367",/market-activity/stocks/esla,US_NASDAQ_ESLA
MWYN,"Marwynn Holdings, Inc. Common stock",$0.9901,-0.0849,-7.898%,"19,994,875",/market-activity/stocks/mwyn,US_NASDAQ_MWYN
RECT,Rectitude Holdings Ltd Ordinary Shares,$1.29,-0.079,-5.771%,"19,972,748",/market-activity/stocks/rect,US_NASDAQ_RECT
CTRM,Castor Maritime Inc. Common Shares,$2.06,-0.03,-1.435%,"19,904,449",/market-activity/stocks/ctrm,US_NASDAQ_CTRM
FMST,Foremost Clean Energy Ltd. Common Shares,$0.6611,-0.0089,-1.328%,"19,888,957",/market-activity/stocks/fmst,US_NASDAQ_FMST
ATOS,"Atossa Therapeutics, Inc. Common Stock",$1.99,0.03,1.531%,"19,858,803",/market-activity/stocks/atos,US_NASDAQ_ATOS
TRSG,Tungray Technologies Inc Class A Ordinary Shares,$1.21,-0.01,-0.82%,"19,787,717",/market-activity/stocks/trsg,US_NASDAQ_TRSG
HSCS,HeartSciences Inc. Common Stock,$4.05,-0.38,-8.578%,"19,617,836",/market-activity/stocks/hscs,US_NASDAQ_HSCS
PMEC,Primech Holdings Ltd. Ordinary Shares,$0.51,-0.016,-3.042%,"19,593,173",/market-activity/stocks/pmec,US_NASDAQ_PMEC
SPPL,SIMPPLE LTD. Ordinary Shares,$2.00,-0.06,-2.913%,"19,572,368",/market-activity/stocks/sppl,US_NASDAQ_SPPL
LFWD,Lifeward Ltd. Ordinary Shares,$6.91,-0.01,-0.145%,"19,569,231",/market-activity/stocks/lfwd,US_NASDAQ_LFWD
BCG,"Binah Capital Group, Inc. Common Stock",$1.145,-0.005,-0.435%,"19,533,850",/market-activity/stocks/bcg,US_NASDAQ_BCG
BMR,Beamr Imaging Ltd. Ordinary Share,$1.25,-0.01,-0.794%,"19,412,318",/market-activity/stocks/bmr,US_NASDAQ_BMR
NYC,American Strategic Investment Co. Class A Common Stock,$6.11,-0.22,-3.476%,"19,329,792",/market-activity/stocks/nyc,US_NASDAQ_NYC
NEUP,Neuphoria Therapeutics Inc. Common Stock,$3.57,-0.08,-2.192%,"19,318,462",/market-activity/stocks/neup,US_NASDAQ_NEUP
DFNS,T3 Defense Inc. Common Stock,$6.74,-0.47,-6.519%,"19,143,595",/market-activity/stocks/dfns,US_NASDAQ_DFNS
KSCP,"Knightscope, Inc. Class A Common Stock",$0.8101,-0.0088,-1.075%,"19,133,231",/market-activity/stocks/kscp,US_NASDAQ_KSCP
LEDS,SemiLEDS Corporation Common Stock,$2.31,0.05,2.212%,"19,111,561",/market-activity/stocks/leds,US_NASDAQ_LEDS
CCG,Cheche Group Inc. Class A Ordinary Shares,$7.62,-2.30,-23.185%,"19,091,346",/market-activity/stocks/ccg,US_NASDAQ_CCG
UONE,"Urban One, Inc. Class A Common Stock",$4.1248,-0.0852,-2.024%,"19,035,804",/market-activity/stocks/uone,US_NASDAQ_UONE
AKTX,Akari Therapeutics plc ADS,$9.72,-0.09,-0.917%,"18,924,665",/market-activity/stocks/aktx,US_NASDAQ_AKTX
CCHH,CCH Holdings Ltd Class A Ordinary Shares,$0.95,0.0183,1.964%,"18,824,941",/market-activity/stocks/cchh,US_NASDAQ_CCHH
SHPH,"Shuttle Pharmaceuticals Holdings, Inc. Common Stock",$3.92,-0.19,-4.623%,"18,677,608",/market-activity/stocks/shph,US_NASDAQ_SHPH
DYAI,"Dyadic International, Inc. Common Stock",$0.466,0.001,0.215%,"18,669,686",/market-activity/stocks/dyai,US_NASDAQ_DYAI
DUKR,DUKE Robotics Corp. Common Stock,$5.43,0.04,0.742%,"18,603,061",/market-activity/stocks/dukr,US_NASDAQ_DUKR
PSQH,"PSQ Holdings, Inc. Class A Common Stock",$4.96,-0.04,-0.80%,"18,486,753",/market-activity/stocks/psqh,US_NASDAQ_PSQH
YFOR,YYForce Inc. Class A Ordinary Shares,$1.44,-0.07,-4.636%,"18,485,827",/market-activity/stocks/yfor,US_NASDAQ_YFOR
IDAI,T Stamp Inc. Class A Common Stock,$3.27,0.14,4.473%,"18,440,482",/market-activity/stocks/idai,US_NASDAQ_IDAI
YAAS,Youxin Technology Ltd Class A Ordinary shares,$1.17,-0.04,-3.306%,"18,386,125",/market-activity/stocks/yaas,US_NASDAQ_YAAS
ACCS,ACCESS Newswire Inc. Common Stock,$4.795,0.095,2.021%,"18,351,923",/market-activity/stocks/accs,US_NASDAQ_ACCS
MRKR,"Marker Therapeutics, Inc. Common Stock",$1.10,-0.025,-2.222%,"18,340,440",/market-activity/stocks/mrkr,US_NASDAQ_MRKR
RKTO,Rocket One Inc. Common Stock,$0.7315,-0.0068,-0.921%,"18,212,581",/market-activity/stocks/rkto,US_NASDAQ_RKTO
EXYN,"Exyn Technologies, Inc. Common Stock",$2.27,UNCH,--,"18,055,482",/market-activity/stocks/exyn,US_NASDAQ_EXYN
MDCXW,Medicus Pharma Ltd. Warrant,$0.30,-0.01,-3.226%,"18,050,413",/market-activity/stocks/mdcxw,US_NASDAQ_MDCXW
ANNAW,"AleAnna, Inc. Warrant",$0.2694,UNCH,--,"18,032,127",/market-activity/stocks/annaw,US_NASDAQ_ANNAW
INTZ,Intrusion Inc. Common Stock,$0.7347,0.0606,8.99%,"18,005,258",/market-activity/stocks/intz,US_NASDAQ_INTZ
FOXX,Foxx Development Holdings Inc. Common Stock,$2.543,-0.027,-1.051%,"17,991,489",/market-activity/stocks/foxx,US_NASDAQ_FOXX
GMM,Global Mofy AI Limited Class A Ordinary Shares,$1.8398,-0.0952,-4.92%,"17,939,903",/market-activity/stocks/gmm,US_NASDAQ_GMM
MDRR,"Medalist Diversified, Inc. Common Stock",$11.00,-0.0174,-0.158%,"17,913,500",/market-activity/stocks/mdrr,US_NASDAQ_MDRR
LPCN,Lipocine Inc. Common Stock,$2.16,0.07,3.349%,"17,807,586",/market-activity/stocks/lpcn,US_NASDAQ_LPCN
CDLX,"Cardlytics, Inc. Common Stock",$3.02,-0.12,-3.822%,"17,783,922",/market-activity/stocks/cdlx,US_NASDAQ_CDLX
NUCLW,Eagle Nuclear Energy Corp. Warrants,$0.60,UNCH,--,"17,747,879",/market-activity/stocks/nuclw,US_NASDAQ_NUCLW
FEMY,Femasys Inc. Common Stock,$2.09,-0.29,-12.185%,"17,503,806",/market-activity/stocks/femy,US_NASDAQ_FEMY
LGPS,LogProstyle Inc. Common Shares,$0.739,-0.004,-0.538%,"17,448,433",/market-activity/stocks/lgps,US_NASDAQ_LGPS
CDROW,"Codere Online Luxembourg, S.A. Warrants",$0.3799,-0.0201,-5.025%,"17,274,021",/market-activity/stocks/cdrow,US_NASDAQ_CDROW
EFOI,"Energy Focus, Inc. Common Stock",$2.71,-0.04,-1.455%,"17,260,592",/market-activity/stocks/efoi,US_NASDAQ_EFOI
CLRB,"Cellectar Biosciences, Inc.  Common Stock",$1.82,-0.01,-0.546%,"17,202,837",/market-activity/stocks/clrb,US_NASDAQ_CLRB
NCEL,NewcelX Ltd. Ordinary Shares,$2.97,0.05,1.712%,"17,155,100",/market-activity/stocks/ncel,US_NASDAQ_NCEL
TVRD,"Tvardi Therapeutics, Inc. Common Stock",$1.28,-0.05,-3.759%,"17,073,847",/market-activity/stocks/tvrd,US_NASDAQ_TVRD
DSY,Big Tree Cloud Holdings Limited Class A Ordinary Shares,$3.59,0.01,0.279%,"17,059,220",/market-activity/stocks/dsy,US_NASDAQ_DSY
FTHM,Fathom Holdings Inc. Common Stock,$0.498,-0.0394,-7.332%,"17,035,205",/market-activity/stocks/fthm,US_NASDAQ_FTHM
JF,J and Friends Holdings Limited American Depositary Shares,$0.9283,-0.0138,-1.465%,"17,025,165",/market-activity/stocks/jf,US_NASDAQ_JF
EDTK,Skillful Craftsman Education Technology Limited Ordinary Share,$1.05,0.02,1.942%,"17,009,424",/market-activity/stocks/edtk,US_NASDAQ_EDTK
FENG,"Phoenix New Media Limited American Depositary Shares, each representing 48 Class A ordinary shares.",$1.41,-0.01,-0.704%,"16,935,194",/market-activity/stocks/feng,US_NASDAQ_FENG
LICN,Lichen International Limited Class A Ordinary Shares,$1.02,-0.01,-0.971%,"16,765,562",/market-activity/stocks/licn,US_NASDAQ_LICN
TLIH,Ten-League International Holdings Limited Ordinary Shares,$5.70,-0.08,-1.384%,"16,760,480",/market-activity/stocks/tlih,US_NASDAQ_TLIH
LHAI,Linkhome Holdings Inc. Common stock,$1.01,-0.02,-1.942%,"16,695,300",/market-activity/stocks/lhai,US_NASDAQ_LHAI
EPSM,Epsium Enterprise Limited Class A Ordinary Shares,$1.24,-0.09,-6.767%,"16,663,162",/market-activity/stocks/epsm,US_NASDAQ_EPSM
UONEK,"Urban One, Inc. Class D Common Stock",$3.59,0.10,2.865%,"16,567,721",/market-activity/stocks/uonek,US_NASDAQ_UONEK
ACTU,"Actuate Therapeutics, Inc. Common stock",$0.686,-0.0502,-6.819%,"16,473,743",/market-activity/stocks/actu,US_NASDAQ_ACTU
KTTA,Pasithea Therapeutics Corp. Common Stock,$0.49,0.01,2.083%,"16,373,080",/market-activity/stocks/ktta,US_NASDAQ_KTTA
ARKR,Ark Restaurants Corp. Common Stock,$4.53,0.06,1.342%,"16,335,891",/market-activity/stocks/arkr,US_NASDAQ_ARKR
MGIH,Millennium Group International Holdings Limited Ordinary Shares,$1.45,-0.04,-2.685%,"16,312,500",/market-activity/stocks/mgih,US_NASDAQ_MGIH
PTN,"Palatin Technologies, Inc. Common Stock",$9.12,-0.46,-4.802%,"16,242,164",/market-activity/stocks/ptn,US_NASDAQ_PTN
JL,J-Long Group Limited Class A Ordinary Shares,$4.5557,-0.1043,-2.238%,"16,241,986",/market-activity/stocks/jl,US_NASDAQ_JL
PRZO,ParaZero Technologies Ltd. Ordinary Shares,$0.6257,0.0447,7.694%,"16,223,508",/market-activity/stocks/przo,US_NASDAQ_PRZO
BFRI,Biofrontera Inc. Common Stock,$1.09,-0.04,-3.54%,"16,189,071",/market-activity/stocks/bfri,US_NASDAQ_BFRI
IPM,Intelligent Protection Management Corp. Common Stock ,$1.7901,-0.0199,-1.099%,"16,174,858",/market-activity/stocks/ipm,US_NASDAQ_IPM
FUSE,Fusemachines Inc. Common stock,$0.5564,-0.0936,-14.40%,"16,127,422",/market-activity/stocks/fuse,US_NASDAQ_FUSE
ARTW,"Art's-Way Manufacturing Co., Inc. Common Stock",$3.095,-0.05,-1.59%,"16,098,290",/market-activity/stocks/artw,US_NASDAQ_ARTW
BNKK,"Bonk, Inc. Common Stock",$2.01,0.14,7.487%,"16,081,889",/market-activity/stocks/bnkk,US_NASDAQ_BNKK
FOFO,"Hang Feng Technology Innovation Co., Ltd. Ordinary Shares",$2.12,0.06,2.913%,"16,050,685",/market-activity/stocks/fofo,US_NASDAQ_FOFO
BESS,Bimergen Energy Corporation Common Stock,$2.26,-0.37,-14.068%,"16,040,515",/market-activity/stocks/bess,US_NASDAQ_BESS
SCAG,Scage Future American Depositary Shares,$0.2209,-0.0142,-6.04%,"16,039,475",/market-activity/stocks/scag,US_NASDAQ_SCAG
FABC,"Fabric.AI, Inc. Common Stock",$2.29,-0.07,-2.966%,"16,038,274",/market-activity/stocks/fabc,US_NASDAQ_FABC
DARE,"Dare Bioscience, Inc. Common Stock",$0.815,0.065,8.667%,"16,030,303",/market-activity/stocks/dare,US_NASDAQ_DARE
ONEG,OneConstruction Group Limited Ordinary Shares,$1.00,-0.01,-0.99%,"16,000,000",/market-activity/stocks/oneg,US_NASDAQ_ONEG
AHT,Ashford Hospitality Trust Inc Common Stock,$2.47,-0.04,-1.594%,"15,980,441",/market-activity/stocks/aht,US_NASDAQ_AHT
MODD,"Modular Medical, Inc. Common Stock",$1.95,-0.055,-2.743%,"15,894,105",/market-activity/stocks/modd,US_NASDAQ_MODD
LSTA,"Lisata Therapeutics, Inc. Common Stock",$1.47,-0.03,-2.00%,"15,881,977",/market-activity/stocks/lsta,US_NASDAQ_LSTA
YXT,YXT.COM GROUP HOLDING LIMITED American Depository Shares,$2.40,-0.06,-2.439%,"15,864,638",/market-activity/stocks/yxt,US_NASDAQ_YXT
OPAD,Offerpad Solutions Inc. Class A Common Stock,$3.27,UNCH,--,"15,803,089",/market-activity/stocks/opad,US_NASDAQ_OPAD
TMDE,TMD Energy Limited Ordinary Shares,$0.6697,-0.0003,-0.045%,"15,781,481",/market-activity/stocks/tmde,US_NASDAQ_TMDE
ICU,SeaStar Medical Holding Corporation Common Stock,$3.56,0.16,4.706%,"15,688,354",/market-activity/stocks/icu,US_NASDAQ_ICU
GRNQ,Greenpro Capital Corp. Common Stock,$8.62,-1.05,-10.858%,"15,626,215",/market-activity/stocks/grnq,US_NASDAQ_GRNQ
GTIM,Good Times Restaurants Inc. Common Stock,$1.48,UNCH,--,"15,625,686",/market-activity/stocks/gtim,US_NASDAQ_GTIM
BCDA,"BioCardia, Inc. Common Stock",$1.03,-0.01,-0.962%,"15,592,945",/market-activity/stocks/bcda,US_NASDAQ_BCDA
MYND,"Mynd.ai, Inc. American Depositary Shares",$0.33,0.0136,4.298%,"15,557,720",/market-activity/stocks/mynd,US_NASDAQ_MYND
LRE,"Lead Real Estate Co., Ltd American Depositary Shares",$1.14,0.05,4.587%,"15,551,766",/market-activity/stocks/lre,US_NASDAQ_LRE
MOBBW,Mobilicom Limited Warrants,$1.23,-0.03,-2.381%,"15,539,046",/market-activity/stocks/mobbw,US_NASDAQ_MOBBW
DOGZ,Dogness (International) Corporation Class A Common Stock,$0.8805,-0.0245,-2.707%,"15,514,989",/market-activity/stocks/dogz,US_NASDAQ_DOGZ
ATTT,Atlas Trinity Tech Limited Ordinary Shares,$2.64,-0.0855,-3.137%,"15,509,322",/market-activity/stocks/attt,US_NASDAQ_ATTT
ATCX,Atlas Critical Minerals Corporation Common Stock,$3.05,0.12,4.096%,"15,504,175",/market-activity/stocks/atcx,US_NASDAQ_ATCX
UFG,Uni-Fuels Holdings Limited Class A Ordinary Shares,$0.477,-0.0023,-0.48%,"15,485,805",/market-activity/stocks/ufg,US_NASDAQ_UFG
WVVIP,"Willamette Valley Vineyards, Inc. Series A Redeemable Preferred Stock",$3.095,-0.025,-0.801%,"15,411,642",/market-activity/stocks/wvvip,US_NASDAQ_WVVIP
ALLR,"Allarity Therapeutics, Inc. Common Stock",$0.9651,-0.0033,-0.341%,"15,355,440",/market-activity/stocks/allr,US_NASDAQ_ALLR
HTOO,Fusion Fuel Green PLC Class A Ordinary Shares,$2.04,-0.02,-0.971%,"15,333,168",/market-activity/stocks/htoo,US_NASDAQ_HTOO
IHT,InnSuites Hospitality Trust Shares of Beneficial Interest,$1.3654,-0.0096,-0.698%,"15,326,027",/market-activity/stocks/iht,US_NASDAQ_IHT
MOGU,MOGU Inc. American Depositary Shares (each  representing 25 Class A Ordinary Shares),$1.87,0.01,0.538%,"15,302,758",/market-activity/stocks/mogu,US_NASDAQ_MOGU
CTXR,"Citius Pharmaceuticals, Inc. Common Stock",$0.5545,0.0055,1.002%,"15,222,450",/market-activity/stocks/ctxr,US_NASDAQ_CTXR
GIGM,GigaMedia Limited Ordinary Shares,$1.3766,-0.0634,-4.403%,"15,214,507",/market-activity/stocks/gigm,US_NASDAQ_GIGM
ASTC,Astrotech Corporation (DE) Common Stock,$7.525,-0.115,-1.505%,"15,118,101",/market-activity/stocks/astc,US_NASDAQ_ASTC
MOBX,"Mobix Labs, Inc. Class A Common Stock",$0.8419,-0.0223,-2.58%,"15,113,827",/market-activity/stocks/mobx,US_NASDAQ_MOBX
NEON,Neonode Inc. Common Stock,$0.90,0.0124,1.397%,"15,104,630",/market-activity/stocks/neon,US_NASDAQ_NEON
PASW,"Ping An Biomedical Co., Ltd. Class A Ordinary Shares",$0.121,-0.004,-3.20%,"15,070,550",/market-activity/stocks/pasw,US_NASDAQ_PASW
FGI,FGI Industries Ltd. Ordinary Shares,$7.795,0.095,1.234%,"15,054,257",/market-activity/stocks/fgi,US_NASDAQ_FGI
SUNE,"SUNation Energy, Inc. Common Stock",$2.31,-0.06,-2.532%,"15,045,279",/market-activity/stocks/sune,US_NASDAQ_SUNE
SDOT,Sadot Group Inc. Common Stock,$10.32,-0.21,-1.994%,"15,042,318",/market-activity/stocks/sdot,US_NASDAQ_SDOT
PASG,"Passage Bio, Inc. Common Stock",$4.63,-0.045,-0.963%,"14,898,460",/market-activity/stocks/pasg,US_NASDAQ_PASG
SMSI,"Smith Micro Software, Inc. Common Stock",$2.66,0.01,0.377%,"14,869,081",/market-activity/stocks/smsi,US_NASDAQ_SMSI
HTCO,High-Trend International Group Class A Ordinary Shares,$2.20,-0.05,-2.222%,"14,861,713",/market-activity/stocks/htco,US_NASDAQ_HTCO
MDAIW,"Spectral AI, Inc. Warrants",$0.4614,0.0112,2.488%,"14,850,126",/market-activity/stocks/mdaiw,US_NASDAQ_MDAIW
HODO,House of Doge Inc. Common Stock,$0.166,-0.0011,-0.658%,"14,799,396",/market-activity/stocks/hodo,US_NASDAQ_HODO
UUU,"Universal Safety Products, Inc. Common Stock",$4.88,UNCH,--,"14,778,899",/market-activity/stocks/uuu,US_NASDAQ_UUU
CCM,Concord Medical Services Holdings Limited American Depositary Shares (Each represents thirty (30) Class A ordinary shares),$3.38,-0.16,-4.52%,"14,675,024",/market-activity/stocks/ccm,US_NASDAQ_CCM
MTEX,"Mannatech, Incorporated Common Stock",$7.60,-0.23,-2.937%,"14,665,492",/market-activity/stocks/mtex,US_NASDAQ_MTEX
XCH,XCHG Limited American Depositary Share,$3.31,0.21,6.774%,"14,651,497",/market-activity/stocks/xch,US_NASDAQ_XCH
LIQT,"LiqTech International, Inc. Common Stock",$0.4407,-0.1594,-26.562%,"14,520,114",/market-activity/stocks/liqt,US_NASDAQ_LIQT
NXXT,"NextNRG, Inc. Common Stock",$0.8623,-0.0192,-2.178%,"14,498,147",/market-activity/stocks/nxxt,US_NASDAQ_NXXT
EQS,"Equus Total Return, Inc. Common Stock",$1.029,-0.011,-1.058%,"14,371,730",/market-activity/stocks/eqs,US_NASDAQ_EQS
SKK,SKK Holdings Limited Class A Ordinary Shares,$4.50,-0.07,-1.532%,"14,357,682",/market-activity/stocks/skk,US_NASDAQ_SKK
PLSM,Pulsenmore Ltd. Ordinary Shares,$2.19,-0.086,-3.779%,"14,241,228",/market-activity/stocks/plsm,US_NASDAQ_PLSM
COOT,Australian Oilseeds Holdings Limited Ordinary Shares,$0.4734,-0.0232,-4.672%,"14,234,477",/market-activity/stocks/coot,US_NASDAQ_COOT
DLPN,"Dolphin Entertainment, Inc. Common Stock",$1.09,0.02,1.869%,"14,206,876",/market-activity/stocks/dlpn,US_NASDAQ_DLPN
HIND,"Vyome Holdings, Inc. Common Stock",$2.02,-0.01,-0.493%,"14,177,427",/market-activity/stocks/hind,US_NASDAQ_HIND
CNSY,"Cerenome, Inc. Common Stock ",$1.86,-0.16,-7.921%,"14,116,703",/market-activity/stocks/cnsy,US_NASDAQ_CNSY
CUPR,Cuprina Holdings (Cayman) Limited Class A Ordinary Shares,$2.01,0.06,3.077%,"14,077,554",/market-activity/stocks/cupr,US_NASDAQ_CUPR
CJMB,Callan JMB Inc. Common Stock,$2.44,0.16,7.018%,"14,035,778",/market-activity/stocks/cjmb,US_NASDAQ_CJMB
TULP,"Bloomia Holdings, Inc. Common Stock",$2.90,UNCH,--,"14,009,799",/market-activity/stocks/tulp,US_NASDAQ_TULP
MDBH,"MDB Capital Holdings, LLC Class A common",$2.57,UNCH,--,"13,977,284",/market-activity/stocks/mdbh,US_NASDAQ_MDBH
SLE,"Super League Enterprise, Inc. Common Stock",$5.64,1.13,25.055%,"13,948,684",/market-activity/stocks/sle,US_NASDAQ_SLE
PETZ,"TDH Holdings, Inc. Common Shares",$1.35,-0.04,-2.878%,"13,936,412",/market-activity/stocks/petz,US_NASDAQ_PETZ
NIKI,"Niki BioSolutions, Inc. Common Stock",$4.74,0.04,0.851%,"13,929,083",/market-activity/stocks/niki,US_NASDAQ_NIKI
OIOWW,OIO Group Warrants,$0.04,UNCH,--,"13,920,884",/market-activity/stocks/oioww,US_NASDAQ_OIOWW
MIMI,Mint Incorporation Limited Class A Ordinary Shares,$0.8742,-0.0276,-3.061%,"13,893,329",/market-activity/stocks/mimi,US_NASDAQ_MIMI
LTRN,Lantern Pharma Inc. Common Stock,$1.085,-0.005,-0.459%,"13,870,798",/market-activity/stocks/ltrn,US_NASDAQ_LTRN
BRFH,Barfresh Food Group Inc. Common Stock,$0.85,0.0199,2.397%,"13,861,946",/market-activity/stocks/brfh,US_NASDAQ_BRFH
OFAL,OFA Group Class A Ordinary Shares,$0.5209,-0.0164,-3.052%,"13,779,618",/market-activity/stocks/ofal,US_NASDAQ_OFAL
TURB,"Turbo Energy, S.A. American Depositary Shares",$1.14,0.10,9.615%,"13,699,540",/market-activity/stocks/turb,US_NASDAQ_TURB
WETH,Wetouch Technology Inc. Common Stock,$1.02,0.01,0.99%,"13,649,165",/market-activity/stocks/weth,US_NASDAQ_WETH
TOMZ,"TOMI Environmental Solutions, Inc. Common Stock",$1.39,0.03,2.206%,"13,611,667",/market-activity/stocks/tomz,US_NASDAQ_TOMZ
BRN,"Barnwell Industries, Inc. Common Stock",$0.9423,0.0123,1.323%,"13,601,450",/market-activity/stocks/brn,US_NASDAQ_BRN
SINT,"SiNtx Technologies, Inc. Common Stock",$2.03,0.04,2.01%,"13,529,004",/market-activity/stocks/sint,US_NASDAQ_SINT
EBON,Ebang International Holdings Inc. Class A Ordinary Shares,$2.065,0.045,2.228%,"13,513,232",/market-activity/stocks/ebon,US_NASDAQ_EBON
ENGNW,enGene Therapeutics Inc. Warrants,$0.2009,-0.0192,-8.723%,"13,463,578",/market-activity/stocks/engnw,US_NASDAQ_ENGNW
HUIZ,Huize Holding Limited American Depositary Shares,$1.33,0.03,2.308%,"13,441,081",/market-activity/stocks/huiz,US_NASDAQ_HUIZ
TPST,"Tempest Therapeutics, Inc. Common Stock",$0.8103,-0.0213,-2.561%,"13,402,173",/market-activity/stocks/tpst,US_NASDAQ_TPST
BIVI,BioVie Inc. Class A Common Stock,$1.54,UNCH,--,"13,371,373",/market-activity/stocks/bivi,US_NASDAQ_BIVI
WIMI,WiMi Hologram Cloud Inc. Class B Ordinary Shares,$0.7272,-0.0057,-0.778%,"13,369,611",/market-activity/stocks/wimi,US_NASDAQ_WIMI
AUST,Austin Gold Corp. Common Shares,$0.97,-0.09,-8.491%,"13,282,211",/market-activity/stocks/aust,US_NASDAQ_AUST
VTGN,"Vistagen Therapeutics, Inc. Common Stock",$0.298,0.001,0.337%,"13,224,319",/market-activity/stocks/vtgn,US_NASDAQ_VTGN
RPGL,Republic Power Group Limited Class A Ordinary Shares,$12.9758,0.7058,5.752%,"13,095,735",/market-activity/stocks/rpgl,US_NASDAQ_RPGL
BIYA,Baiya International Group Inc Class A Ordinary Shares,$2.05,0.02,0.985%,"13,080,542",/market-activity/stocks/biya,US_NASDAQ_BIYA
RGNT,Regentis Biomaterials Ltd. Ordinary Shares,$1.85,-0.04,-2.116%,"12,994,254",/market-activity/stocks/rgnt,US_NASDAQ_RGNT
BTCT,BTC Digital Ltd. Ordinary Shares,$1.10,-0.02,-1.786%,"12,980,624",/market-activity/stocks/btct,US_NASDAQ_BTCT
AEON,"AEON Biopharma, Inc. Class A Common Stock",$0.259,-0.0026,-0.994%,"12,919,643",/market-activity/stocks/aeon,US_NASDAQ_AEON
DFLI,Dragonfly Energy Holdings Corp. Common Stock (NV),$0.8602,0.0051,0.596%,"12,884,766",/market-activity/stocks/dfli,US_NASDAQ_DFLI
DAVEW,Dave Inc. Warrants,$1.01,UNCH,--,"12,883,062",/market-activity/stocks/davew,US_NASDAQ_DAVEW
REBN,"Reborn Coffee, Inc. Common Stock",$1.49,0.07,4.93%,"12,843,982",/market-activity/stocks/rebn,US_NASDAQ_REBN
NUR,Nuran Wireless Inc. Common Shares,$0.9713,0.001,0.103%,"12,816,012",/market-activity/stocks/nur,US_NASDAQ_NUR
INAB,"IN8bio, Inc. Common Stock",$1.295,0.055,4.435%,"12,766,606",/market-activity/stocks/inab,US_NASDAQ_INAB
RETO,"ReTo Eco-Solutions, Inc. Class A Shares",$0.091,-0.051,-35.915%,"12,730,746",/market-activity/stocks/reto,US_NASDAQ_RETO
ALAR,Alarum Technologies Ltd. American Depositary Share,$1.75,-0.06,-3.315%,"12,688,324",/market-activity/stocks/alar,US_NASDAQ_ALAR
RCT,RedCloud Holdings plc Ordinary Shares,$0.1855,-0.0011,-0.589%,"12,684,604",/market-activity/stocks/rct,US_NASDAQ_RCT
CABR,"Caring Brands, Inc. Common Stock",$1.22,-0.02,-1.613%,"12,649,236",/market-activity/stocks/cabr,US_NASDAQ_CABR
FRTT,Fort Technology Inc. Common Shares,$0.8396,-0.0602,-6.69%,"12,629,752",/market-activity/stocks/frtt,US_NASDAQ_FRTT
CTSO,Cytosorbents Corporation Common Stock,$4.00,-0.02,-0.498%,"12,604,404",/market-activity/stocks/ctso,US_NASDAQ_CTSO
ZDAI,"DirectBooking Technology Co., Ltd. Class A Ordinary Shares",$1.50,-0.15,-9.091%,"12,582,710",/market-activity/stocks/zdai,US_NASDAQ_ZDAI
SLGB,Smart Logistics Global Limited Class A Ordinary Shares,$0.2781,-0.0098,-3.404%,"12,514,500",/market-activity/stocks/slgb,US_NASDAQ_SLGB
PLUR,Pluri Inc. Common Stock,$1.009,0.039,4.021%,"12,455,839",/market-activity/stocks/plur,US_NASDAQ_PLUR
PBK,PowerBank Corporation Common Stock,$0.2602,-0.0047,-1.774%,"12,410,831",/market-activity/stocks/pbk,US_NASDAQ_PBK
GTBP,"GT Biopharma, Inc. Common Stock",$6.875,0.075,1.103%,"12,405,106",/market-activity/stocks/gtbp,US_NASDAQ_GTBP
AIRI,Air Industries Group Common Stock,$2.55,-0.099,-3.737%,"12,369,178",/market-activity/stocks/airi,US_NASDAQ_AIRI
OPTT,"Ocean Power Technologies, Inc. Common Stock",$1.36,-0.31,-18.563%,"12,368,056",/market-activity/stocks/optt,US_NASDAQ_OPTT
BTLN,"Brightline Interactive, Inc. Common Stock",$4.55,-0.70,-13.333%,"12,341,197",/market-activity/stocks/btln,US_NASDAQ_BTLN
ICMB,"Investcorp Credit Management BDC, Inc. Common Stock",$0.8501,-0.0049,-0.573%,"12,269,044",/market-activity/stocks/icmb,US_NASDAQ_ICMB
DTSS,Datasea Intelligent Technology Ltd. Class A Ordinary Shares,$0.8505,-0.0289,-3.286%,"12,268,361",/market-activity/stocks/dtss,US_NASDAQ_DTSS
DDC,DDC Enterprise Limited Class A Ordinary Shares,$0.2091,0.0131,6.684%,"12,251,432",/market-activity/stocks/ddc,US_NASDAQ_DDC
IOTR,iOThree Limited Ordinary Shares,$2.02,-0.01,-0.493%,"12,250,084",/market-activity/stocks/iotr,US_NASDAQ_IOTR
CLRO,"ClearOne, Inc. Common Stock",$4.56,-0.54,-10.588%,"12,199,879",/market-activity/stocks/clro,US_NASDAQ_CLRO
SAGT,SAGTEC GLOBAL LIMITED Class A Ordinary shares,$0.613,-0.0069,-1.113%,"12,198,700",/market-activity/stocks/sagt,US_NASDAQ_SAGT
UCL,uCloudlink Group Inc. American Depositary Shares,$0.32,-0.0297,-8.493%,"12,189,520",/market-activity/stocks/ucl,US_NASDAQ_UCL
CETY,"Clean Energy Technologies, Inc. Common Stock",$1.00,0.0149,1.513%,"12,166,106",/market-activity/stocks/cety,US_NASDAQ_CETY
DETX,"Liberty Defense Holdings, Ltd. Common Shares",$2.14,-0.045,-2.059%,"12,159,444",/market-activity/stocks/detx,US_NASDAQ_DETX
BFRG,"Bullfrog AI Holdings, Inc. Common Stock",$0.6479,-0.0086,-1.31%,"12,013,136",/market-activity/stocks/bfrg,US_NASDAQ_BFRG
PHIO,Phio Pharmaceuticals Corp. Common Stock,$1.03,0.02,1.98%,"11,965,768",/market-activity/stocks/phio,US_NASDAQ_PHIO
HPAI,Helport AI Limited Ordinary Shares,$0.314,0.0005,0.159%,"11,821,130",/market-activity/stocks/hpai,US_NASDAQ_HPAI
BLRX,BioLineRx Ltd. American Depositary Shares,$2.36,-0.07,-2.881%,"11,748,590",/market-activity/stocks/blrx,US_NASDAQ_BLRX
CMMB,Chemomab Therapeutics Ltd. American Depositary Share,$1.61,-0.03,-1.829%,"11,665,429",/market-activity/stocks/cmmb,US_NASDAQ_CMMB
AISPW,"Airship AI Holdings, Inc. Warrants",$0.3354,-0.0138,-3.952%,"11,551,029",/market-activity/stocks/aispw,US_NASDAQ_AISPW
KPRX,"Kiora Pharmaceuticals, Inc.  Common Stock",$2.60,-0.07,-2.622%,"11,503,406",/market-activity/stocks/kprx,US_NASDAQ_KPRX
ASBP,"Aspire-Lakewood Holdings, Inc. Common Stock",$8.18,-0.32,-3.765%,"11,472,916",/market-activity/stocks/asbp,US_NASDAQ_ASBP
BTBD,"BT Brands, Inc. Common Stock",$1.85,-0.04,-2.116%,"11,441,739",/market-activity/stocks/btbd,US_NASDAQ_BTBD
WXM,WF International Limited Ordinary Shares,$3.655,0.095,2.669%,"11,394,780",/market-activity/stocks/wxm,US_NASDAQ_WXM
ATER,"Aterian, Inc. Common Stock",$0.6302,-0.0183,-2.822%,"11,322,747",/market-activity/stocks/ater,US_NASDAQ_ATER
SEED,Origin Agritech Limited Common Stock,$0.932,0.022,2.418%,"11,317,766",/market-activity/stocks/seed,US_NASDAQ_SEED
KNRX,KNOREX LTD. Class A Ordinary Shares,$0.37,-0.86,-69.919%,"11,256,552",/market-activity/stocks/knrx,US_NASDAQ_KNRX
INTS,"Intensity Therapeutics, Inc. Common stock",$3.42,-0.23,-6.301%,"11,165,886",/market-activity/stocks/ints,US_NASDAQ_INTS
IRIX,IRIDEX Corporation Common Stock,$0.635,0.0149,2.403%,"11,153,719",/market-activity/stocks/irix,US_NASDAQ_IRIX
EDUC,Educational Development Corporation Common Stock,$1.305,0.005,0.385%,"11,125,078",/market-activity/stocks/educ,US_NASDAQ_EDUC
GIXI,Gix Internet Ltd. Ordinary Shares,$4.415,-0.365,-7.636%,"11,003,730",/market-activity/stocks/gixi,US_NASDAQ_GIXI
CALC,"CalciMedica, Inc. Common Stock",$1.61,-0.07,-4.167%,"10,993,550",/market-activity/stocks/calc,US_NASDAQ_CALC
SCNX,"Scienture Holdings, Inc. Common Stock",$0.2666,-0.0031,-1.149%,"10,947,701",/market-activity/stocks/scnx,US_NASDAQ_SCNX
CYN,Cyngn Inc. Common Stock,$0.7128,0.0553,8.411%,"10,940,255",/market-activity/stocks/cyn,US_NASDAQ_CYN
MTVA,MetaVia Inc. Common Stock,$1.66,-0.01,-0.599%,"10,936,248",/market-activity/stocks/mtva,US_NASDAQ_MTVA
BTOC,Armlogi Holding Corp. Common Stock,$0.2404,-0.0059,-2.395%,"10,924,516",/market-activity/stocks/btoc,US_NASDAQ_BTOC
ADIL,"Adial Pharmaceuticals, Inc Common Stock",$4.15,0.11,2.723%,"10,897,444",/market-activity/stocks/adil,US_NASDAQ_ADIL
BZAIW,"Blaize Holdings, Inc. Warrants",$0.0751,-0.0049,-6.125%,"10,876,886",/market-activity/stocks/bzaiw,US_NASDAQ_BZAIW
ARAI,Arrive AI Inc. Common Stock,$0.2093,0.0179,9.352%,"10,857,691",/market-activity/stocks/arai,US_NASDAQ_ARAI
BIOT,Instinct Bio Technical Company Holdings Inc. Ordinary Shares,$0.3767,-0.0134,-3.435%,"10,831,575",/market-activity/stocks/biot,US_NASDAQ_BIOT
MBRX,"Moleculin Biotech, Inc. Common Stock",$0.5264,-0.0426,-7.487%,"10,731,075",/market-activity/stocks/mbrx,US_NASDAQ_MBRX
VRME,"VerifyMe, Inc. Common Stock",$8.14,-1.76,-17.778%,"10,716,473",/market-activity/stocks/vrme,US_NASDAQ_VRME
IQST,iQSTEL Inc. Common Stock,$0.9802,-0.0098,-0.99%,"10,699,725",/market-activity/stocks/iqst,US_NASDAQ_IQST
SMXT,Solarmax Technology Inc. Common Stock,$2.25,-0.03,-1.316%,"10,669,984",/market-activity/stocks/smxt,US_NASDAQ_SMXT
NVNI,Nvni Group Limited Ordinary Shares,$0.91,-0.0299,-3.181%,"10,639,841",/market-activity/stocks/nvni,US_NASDAQ_NVNI
AIMD,"Ainos, Inc. Common Stock",$1.24,-0.09,-6.767%,"10,594,651",/market-activity/stocks/aimd,US_NASDAQ_AIMD
BMRA,"Biomerica, Inc. Common Stock",$2.30,-0.0899,-3.762%,"10,577,626",/market-activity/stocks/bmra,US_NASDAQ_BMRA
GYGY,"Game Your Game, Inc. Common Stock",$0.7342,-0.1383,-15.851%,"10,566,606",/market-activity/stocks/gygy,US_NASDAQ_GYGY
GRMLW,Greenland Mines Ltd Warrant,$0.7893,-0.1472,-15.718%,"10,534,891",/market-activity/stocks/grmlw,US_NASDAQ_GRMLW
GDTC,CytoMed Therapeutics Limited Ordinary Shares,$0.889,-0.036,-3.892%,"10,515,479",/market-activity/stocks/gdtc,US_NASDAQ_GDTC
MSAI,"MultiSensor AI Holdings, Inc. Common Stock",$4.75,0.05,1.064%,"10,476,828",/market-activity/stocks/msai,US_NASDAQ_MSAI
ADVB,Advanced Biomed Inc. Common Stock,$6.32,-0.41,-6.092%,"10,441,481",/market-activity/stocks/advb,US_NASDAQ_ADVB
PMI,"Picard Medical, Inc. Common Stock",$4.45,-0.16,-3.471%,"10,406,921",/market-activity/stocks/pmi,US_NASDAQ_PMI
MEDS,"DataMeds AI, Inc. Common Stock",$3.67,-0.14,-3.675%,"10,399,070",/market-activity/stocks/meds,US_NASDAQ_MEDS
GYRO,"Gyrodyne, LLC Common Stock",$4.71,-0.02,-0.423%,"10,358,741",/market-activity/stocks/gyro,US_NASDAQ_GYRO
FNGR,"FingerMotion, Inc. Common Stock",$0.1377,-0.0038,-2.686%,"10,355,678",/market-activity/stocks/fngr,US_NASDAQ_FNGR
OXBR,Oxbridge Re Holdings Limited Ordinary Shares,$1.27,-0.1945,-13.281%,"10,335,993",/market-activity/stocks/oxbr,US_NASDAQ_OXBR
MMA,Mixed Martial Arts Group Limited Ordinary Shares,$0.39,-0.0399,-9.281%,"10,328,581",/market-activity/stocks/mma,US_NASDAQ_MMA
HUDI,"Huadi International Group Co., Ltd. Ordinary Shares",$0.7199,-0.0203,-2.743%,"10,308,379",/market-activity/stocks/hudi,US_NASDAQ_HUDI
JCTC,Jewett-Cameron Trading Company Common Shares,$2.91,-0.04,-1.356%,"10,243,529",/market-activity/stocks/jctc,US_NASDAQ_JCTC
AEMD,"Aethlon Medical, Inc. Common Stock",$6.38,UNCH,--,"10,234,126",/market-activity/stocks/aemd,US_NASDAQ_AEMD
CLWT,Euro Tech Holdings Company Limited Common Stock,$1.38,-0.02,-1.429%,"10,227,820",/market-activity/stocks/clwt,US_NASDAQ_CLWT
BLIN,"Bridgeline Digital, Inc. Common Stock",$0.8106,-0.0104,-1.267%,"10,213,462",/market-activity/stocks/blin,US_NASDAQ_BLIN
JBDI,JBDI Holdings Limited Ordinary Shares,$1.07,-0.12,-10.084%,"10,180,549",/market-activity/stocks/jbdi,US_NASDAQ_JBDI
QH,Quhuo Limited Class A Ordinary Shares,$3.70,-0.18,-4.639%,"10,178,304",/market-activity/stocks/qh,US_NASDAQ_QH
PLAG,Planet Green Holdings Corp. Common Stock,$0.715,-0.005,-0.694%,"10,176,391",/market-activity/stocks/plag,US_NASDAQ_PLAG
MPU,Mega Matrix Inc. Class A Ordinary Shares,$2.95,0.18,6.498%,"10,092,811",/market-activity/stocks/mpu,US_NASDAQ_MPU
GFAI,"Guardforce AI Co., Limited Ordinary Shares",$0.32,-0.003,-0.929%,"10,045,868",/market-activity/stocks/gfai,US_NASDAQ_GFAI
HDRNW,"Hadron Energy, Inc. Warrant",$0.14,0.0001,0.071%,"10,009,838",/market-activity/stocks/hdrnw,US_NASDAQ_HDRNW
XLABW,Exascale Labs Holdings Inc. Warrant,$0.155,-0.0375,-19.481%,"9,971,892",/market-activity/stocks/xlabw,US_NASDAQ_XLABW
LZMH,LZ Technology Holdings Limited Class B Ordinary Shares,$1.11,-0.04,-3.478%,"9,966,135",/market-activity/stocks/lzmh,US_NASDAQ_LZMH
NMTC,NeuroOne Medical Technologies Corporation Common Stock,$1.09,-0.21,-16.154%,"9,925,282",/market-activity/stocks/nmtc,US_NASDAQ_NMTC
VRXAW,Veraxa Biotech AG Warrants,$0.0701,0.0001,0.143%,"9,912,688",/market-activity/stocks/vrxaw,US_NASDAQ_VRXAW
HCTI,"Healthcare Triangle, Inc. Common Stock",$0.6615,-0.0882,-11.765%,"9,905,514",/market-activity/stocks/hcti,US_NASDAQ_HCTI
AWX,Avalon Holdings Corporation Common Stock,$2.54,-0.02,-0.781%,"9,904,555",/market-activity/stocks/awx,US_NASDAQ_AWX
VWAV,"VisionWave Holdings, Inc. Common Stock",$4.16,-0.41,-8.972%,"9,874,887",/market-activity/stocks/vwav,US_NASDAQ_VWAV
PRPL,"Purple Innovation, Inc. Common Stock",$2.26,-0.17,-6.996%,"9,838,026",/market-activity/stocks/prpl,US_NASDAQ_PRPL
CLIK,Click Holdings Limited Class A Ordinary Share,$1.14,-0.01,-0.87%,"9,761,858",/market-activity/stocks/clik,US_NASDAQ_CLIK
TANH,Tantech Holdings Ltd. Class A Common Shares,$14.62,-2.88,-16.457%,"9,760,999",/market-activity/stocks/tanh,US_NASDAQ_TANH
BANL,CBL International Limited Class B Ordinary Shares,$4.65,0.185,4.143%,"9,760,155",/market-activity/stocks/banl,US_NASDAQ_BANL
FLUX,"Flux Power Holdings, Inc. Common Stock",$0.4514,-0.0076,-1.656%,"9,760,009",/market-activity/stocks/flux,US_NASDAQ_FLUX
BON,Bon Natural Life Limited Class A Ordinary Shares,$1.20,-0.02,-1.639%,"9,754,572",/market-activity/stocks/bon,US_NASDAQ_BON
KALA,"KALA BIO, Inc. Common Stock",$0.5033,0.0531,11.795%,"9,733,714",/market-activity/stocks/kala,US_NASDAQ_KALA
CVR,Chicago Rivet & Machine Co. Common Stock,$10.05,-0.101,-0.995%,"9,709,627",/market-activity/stocks/cvr,US_NASDAQ_CVR
APRE,"Aprea Therapeutics, Inc. Common stock",$0.7696,0.0178,2.368%,"9,690,138",/market-activity/stocks/apre,US_NASDAQ_APRE
AENTW,Alliance Entertainment Holding Corporation Warrant,$0.1897,-0.0203,-9.667%,"9,670,836",/market-activity/stocks/aentw,US_NASDAQ_AENTW
INEO,INNEOVA Holdings Limited Class A Ordinary Shares,$0.5974,0.0074,1.254%,"9,660,331",/market-activity/stocks/ineo,US_NASDAQ_INEO
TOVX,"Theriva Biologics, Inc. Common Stock",$0.21,-0.0065,-3.002%,"9,637,460",/market-activity/stocks/tovx,US_NASDAQ_TOVX
TRAW,"Traws Pharma, Inc. Common Stock",$0.626,0.047,8.117%,"9,620,541",/market-activity/stocks/traw,US_NASDAQ_TRAW
IMRN,Immuron Limited American Depositary Shares,$1.19,0.03,2.586%,"9,604,730",/market-activity/stocks/imrn,US_NASDAQ_IMRN
MGRX,"Mangoceuticals, Inc. Common Stock",$0.4445,0.0597,15.515%,"9,586,719",/market-activity/stocks/mgrx,US_NASDAQ_MGRX
SNTI,"Senti Biosciences Holdings, Inc. Common Stock",$0.3075,-0.0025,-0.806%,"9,577,012",/market-activity/stocks/snti,US_NASDAQ_SNTI
AMS,American Shared Hospital Services Common Stock,$1.44,0.01,0.699%,"9,576,000",/market-activity/stocks/ams,US_NASDAQ_AMS
NCPL,Netcapital Inc. Common Stock,$1.22,0.14,12.963%,"9,574,437",/market-activity/stocks/ncpl,US_NASDAQ_NCPL
SQFTP,"Presidio Property Trust, Inc. 9.375% Series D Cumulative Redeemable Perpetual Preferred Stock, $0.01 par value per share",$6.62,-0.02,-0.301%,"9,495,940",/market-activity/stocks/sqftp,US_NASDAQ_SQFTP
UPLD,"Upland Software, Inc. Common Stock",$3.20,-0.09,-2.736%,"9,463,011",/market-activity/stocks/upld,US_NASDAQ_UPLD
MDCX,Medicus Pharma Ltd. Common Stock  ,$0.1566,0.0045,2.959%,"9,422,316",/market-activity/stocks/mdcx,US_NASDAQ_MDCX
MSGY,Masonglory Limited Class A Ordinary Shares ,$4.44,1.31,41.853%,"9,411,135",/market-activity/stocks/msgy,US_NASDAQ_MSGY
AQMS,"Aqua Metals, Inc. Common Stock",$2.64,0.12,4.762%,"9,407,722",/market-activity/stocks/aqms,US_NASDAQ_AQMS
MYSE,"Myseum.AI, Inc. Common Stock",$1.81,-0.04,-2.162%,"9,405,538",/market-activity/stocks/myse,US_NASDAQ_MYSE
CISO,"CISO Global, Inc. Common Stock",$0.2064,-0.0016,-0.769%,"9,396,495",/market-activity/stocks/ciso,US_NASDAQ_CISO
BCTXL,BriaCell Therapeutics Corp. Warrant expiring 2031,$1.07,-0.03,-2.727%,"9,308,772",/market-activity/stocks/bctxl,US_NASDAQ_BCTXL
SFHG,Samfine Creation Holdings Group Limited Class A Ordinary Share,$2.285,-0.015,-0.652%,"9,277,100",/market-activity/stocks/sfhg,US_NASDAQ_SFHG
INUV,"Inuvo, Inc.",$0.562,-0.006,-1.056%,"9,263,490",/market-activity/stocks/inuv,US_NASDAQ_INUV
RAIN,"Rain Enhancement Technologies Holdco, Inc. Class A Common Stock",$0.791,-0.1173,-12.914%,"9,257,904",/market-activity/stocks/rain,US_NASDAQ_RAIN
EEIQ,EpicQuest Education Group International Limited Common Stock,$5.60,1.02,22.271%,"9,221,089",/market-activity/stocks/eeiq,US_NASDAQ_EEIQ
NAII,"Natural Alternatives International, Inc. Common Stock",$1.47,-0.23,-13.529%,"9,209,325",/market-activity/stocks/naii,US_NASDAQ_NAII
MYSZ,"My Size, Inc. Common Stock",$1.69,0.06,3.681%,"9,117,175",/market-activity/stocks/mysz,US_NASDAQ_MYSZ
NRSN,NeuroSense Therapeutics Ltd. Ordinary Shares,$4.78,-0.32,-6.275%,"9,067,192",/market-activity/stocks/nrsn,US_NASDAQ_NRSN
NIXX,"Nixxy, Inc. Common Stock",$0.3121,-0.004,-1.265%,"9,022,449",/market-activity/stocks/nixx,US_NASDAQ_NIXX
GLE,Global Engine Group Holding Limited Class A Ordinary Shares,$0.493,-0.0027,-0.545%,"9,021,900",/market-activity/stocks/gle,US_NASDAQ_GLE
TPET,Trio Petroleum Corp. Common Stock,$1.69,-0.01,-0.588%,"8,997,403",/market-activity/stocks/tpet,US_NASDAQ_TPET
XHLD,"TEN Holdings, Inc. Common Stock",$0.7432,-0.2348,-24.008%,"8,903,494",/market-activity/stocks/xhld,US_NASDAQ_XHLD
WVVI,"Willamette Valley Vineyards, Inc. Common Stock",$1.78,0.01,0.565%,"8,863,562",/market-activity/stocks/wvvi,US_NASDAQ_WVVI
NHTC,Natural Health Trends Corp. Common Stock,$1.03,0.04,4.04%,"8,835,183",/market-activity/stocks/nhtc,US_NASDAQ_NHTC
NDRA,ENDRA Life Sciences Inc. Common Stock,$5.88,0.08,1.379%,"8,819,047",/market-activity/stocks/ndra,US_NASDAQ_NDRA
EPOW,E-Power Inc. Class A Ordinary Shares,$3.79,-1.41,-27.115%,"8,818,697",/market-activity/stocks/epow,US_NASDAQ_EPOW
ALZN,"Alzamend Neuro, Inc. Common Stock",$1.82,0.09,5.202%,"8,782,816",/market-activity/stocks/alzn,US_NASDAQ_ALZN
MARPS,Marine Petroleum Trust Units of Beneficial Interest,$4.38,-0.1416,-3.132%,"8,760,000",/market-activity/stocks/marps,US_NASDAQ_MARPS
FBLG,"FibroBiologics, Inc. Common Stock",$1.31,-0.05,-3.676%,"8,722,233",/market-activity/stocks/fblg,US_NASDAQ_FBLG
BURU,"Nuburu, Inc. Common Stock",$0.9399,-0.0146,-1.53%,"8,705,678",/market-activity/stocks/buru,US_NASDAQ_BURU
LGVN,Longeveron Inc. Class A Common Stock,$2.72,0.09,3.422%,"8,671,901",/market-activity/stocks/lgvn,US_NASDAQ_LGVN
YJ,Yunji Inc. American Depository Shares,$1.74,UNCH,--,"8,570,440",/market-activity/stocks/yj,US_NASDAQ_YJ
CYCU,"Cycurion, Inc. Common Stock",$2.65,-0.12,-4.332%,"8,559,611",/market-activity/stocks/cycu,US_NASDAQ_CYCU
MSN,Emerson Radio Corporation Common Stock,$0.4058,-0.0042,-1.024%,"8,539,108",/market-activity/stocks/msn,US_NASDAQ_MSN
CRMT,America's Car-Mart Inc Common Stock,$1.02,-0.01,-0.971%,"8,505,248",/market-activity/stocks/crmt,US_NASDAQ_CRMT
OGGWZ,Osisko Gold Group Inc. Warrant expiring 5/27/2027,$0.0277,-0.0075,-21.307%,"8,471,708",/market-activity/stocks/oggwz,US_NASDAQ_OGGWZ
DCX,Digital Currency X Technology Inc. Class A Ordinary Shares,$3.61,-2.56,-41.491%,"8,469,721",/market-activity/stocks/dcx,US_NASDAQ_DCX
ENLV,Enlivex Ltd. Ordinary Shares,$0.4801,-0.0339,-6.595%,"8,394,770",/market-activity/stocks/enlv,US_NASDAQ_ENLV
BYAH,"Park Ha Biological Technology Co., Ltd. Class A Ordinary Shares",$2.43,0.02,0.83%,"8,324,031",/market-activity/stocks/byah,US_NASDAQ_BYAH
ARBB,ARB IOT Group Limited Ordinary Shares,$4.6202,0.3502,8.201%,"8,155,836",/market-activity/stocks/arbb,US_NASDAQ_ARBB
NAMI,Jinxin Technology Holding Company American Depositary Shares,$2.57,0.33,14.732%,"8,128,540",/market-activity/stocks/nami,US_NASDAQ_NAMI
RDZNW,"Roadzen, Inc. Warrants",$0.0954,0.0004,0.421%,"8,124,747",/market-activity/stocks/rdznw,US_NASDAQ_RDZNW
ENSC,"Ensysce Biosciences, Inc. Common Stock",$0.417,0.0159,3.964%,"8,113,483",/market-activity/stocks/ensc,US_NASDAQ_ENSC
AIRE,reAlpha Tech Corp. Common Stock,$1.35,-0.01,-0.735%,"8,108,942",/market-activity/stocks/aire,US_NASDAQ_AIRE
IFBD,"Infobird Co., Ltd Ordinary Shares",$0.99,-0.28,-22.047%,"8,106,688",/market-activity/stocks/ifbd,US_NASDAQ_IFBD
MTEK,Maris-Tech Ltd. Ordinary Shares,$0.8347,-0.1359,-14.002%,"8,095,443",/market-activity/stocks/mtek,US_NASDAQ_MTEK
WOK,WORK Medical Technology Group LTD Class A Ordinary Shares,$1.81,-0.04,-2.162%,"8,086,316",/market-activity/stocks/wok,US_NASDAQ_WOK
BGL,Blue Gold Limited Class A Ordinary Shares,$0.1972,-0.0048,-2.376%,"8,053,209",/market-activity/stocks/bgl,US_NASDAQ_BGL
LUCY,"Innovative Eyewear, Inc. Common Stock",$0.9235,-0.0333,-3.48%,"8,045,775",/market-activity/stocks/lucy,US_NASDAQ_LUCY
BIAF,"bioAffinity Technologies, Inc. Common Stock",$6.88,-0.53,-7.152%,"8,026,380",/market-activity/stocks/biaf,US_NASDAQ_BIAF
LNAI,Lunai Bioworks Inc. Common Stock,$1.77,-0.09,-4.839%,"8,024,985",/market-activity/stocks/lnai,US_NASDAQ_LNAI
INHD,Inno Holdings Inc. Common Stock,$3.17,0.18,6.02%,"7,990,242",/market-activity/stocks/inhd,US_NASDAQ_INHD
ZCMD,Zhongchao Inc. Class A Ordinary Shares,$0.90,0.0396,4.603%,"7,986,128",/market-activity/stocks/zcmd,US_NASDAQ_ZCMD
SEGG,Sports Entertainment Gaming Global Corporation Common Stock,$2.45,0.03,1.24%,"7,985,743",/market-activity/stocks/segg,US_NASDAQ_SEGG
SURG,"SurgePays, Inc. Common Stock",$0.1507,0.0144,10.565%,"7,973,299",/market-activity/stocks/surg,US_NASDAQ_SURG
ALP,Alpha Compute Corp Ordinary Shares,$5.14,-0.16,-3.019%,"7,966,219",/market-activity/stocks/alp,US_NASDAQ_ALP
FFAI,Faraday Future Intelligent Electric Inc. Class A Common Stock,$1.30,-0.11,-7.801%,"7,965,099",/market-activity/stocks/ffai,US_NASDAQ_FFAI
RVSN,Rail Vision Ltd. Ordinary Share,$3.63,0.09,2.542%,"7,957,635",/market-activity/stocks/rvsn,US_NASDAQ_RVSN
SMX,SMX (Security Matters) Public Limited Company Ordinary Shares,$7.30,0.48,7.038%,"7,946,838",/market-activity/stocks/smx,US_NASDAQ_SMX
SNGX,"Soligenix, Inc. Common Stock",$0.365,-0.0124,-3.286%,"7,944,400",/market-activity/stocks/sngx,US_NASDAQ_SNGX
BAOS,Baosheng Media Group Holdings Limited Ordinary shares,$0.2376,-0.0127,-5.074%,"7,928,668",/market-activity/stocks/baos,US_NASDAQ_BAOS
AZTR,Azitra Inc Common Stock,$0.1306,-0.0389,-22.95%,"7,914,849",/market-activity/stocks/aztr,US_NASDAQ_AZTR
AMOD,"Alpha Modus Holdings, Inc. Class A Common Stock",$1.58,0.01,0.637%,"7,878,297",/market-activity/stocks/amod,US_NASDAQ_AMOD
VEEE,Twin Vee PowerCats Co. Common Stock,$13.39,-0.30,-2.191%,"7,824,058",/market-activity/stocks/veee,US_NASDAQ_VEEE
CURX,Curanex Pharmaceuticals Inc Common Stock,$4.97,-0.0649,-1.289%,"7,794,158",/market-activity/stocks/curx,US_NASDAQ_CURX
VEEA,Veea Inc. Common Stock,$2.50,-0.36,-12.587%,"7,776,770",/market-activity/stocks/veea,US_NASDAQ_VEEA
APUS,"Apimeds Pharmaceuticals US, Inc. Common Stock",$5.02,-1.37,-21.44%,"7,743,972",/market-activity/stocks/apus,US_NASDAQ_APUS
MTEN,Mingteng International Corporation Inc. Class A Ordinary Shares,$1.01,-0.02,-1.942%,"7,726,364",/market-activity/stocks/mten,US_NASDAQ_MTEN
DTST,Data Storage Corporation Common Stock,$3.28,0.005,0.153%,"7,667,781",/market-activity/stocks/dtst,US_NASDAQ_DTST
RMCF,"Rocky Mountain Chocolate Factory, Inc. Common Stock",$0.812,-0.0405,-4.751%,"7,664,945",/market-activity/stocks/rmcf,US_NASDAQ_RMCF
THH,TryHard Holdings Limited Ordinary Shares,$1.53,-0.15,-8.929%,"7,657,076",/market-activity/stocks/thh,US_NASDAQ_THH
JYD,Jayud Global Logistics Limited Class A Ordinary Shares,$0.9151,-0.015,-1.613%,"7,594,323",/market-activity/stocks/jyd,US_NASDAQ_JYD
JCSE,JE Cleantech Holdings Limited Class A Ordinary Shares,$1.44,UNCH,--,"7,563,917",/market-activity/stocks/jcse,US_NASDAQ_JCSE
TDIC,Dreamland Limited Class A Ordinary Shares,$2.17,-0.56,-20.513%,"7,563,715",/market-activity/stocks/tdic,US_NASDAQ_TDIC
INM,InMed Pharmaceuticals Inc. Common Shares,$1.375,0.015,1.103%,"7,553,886",/market-activity/stocks/inm,US_NASDAQ_INM
DLXY,Delixy Holdings Limited Class A Ordinary Shares,$2.30,-0.14,-5.738%,"7,521,000",/market-activity/stocks/dlxy,US_NASDAQ_DLXY
CNET,ZW Data Action Technologies Inc. Common Stock,$2.05,0.01,0.49%,"7,520,279",/market-activity/stocks/cnet,US_NASDAQ_CNET
NXTT,Next Technology Holding Inc. Ordinary Shares,$5.0994,-0.1406,-2.683%,"7,511,222",/market-activity/stocks/nxtt,US_NASDAQ_NXTT
CODX,"Co-Diagnostics, Inc. Common Stock",$1.07,-0.04,-3.604%,"7,501,019",/market-activity/stocks/codx,US_NASDAQ_CODX
REED,"Reed's, Inc. Common Stock",$0.632,0.006,0.958%,"7,493,678",/market-activity/stocks/reed,US_NASDAQ_REED
IMNN,"Imunon, Inc. Common Stock",$1.335,-0.045,-3.261%,"7,491,223",/market-activity/stocks/imnn,US_NASDAQ_IMNN
CPOP,"Pop Culture Group Co., Ltd Class A Ordinary Shares",$4.38,-0.55,-11.156%,"7,480,834",/market-activity/stocks/cpop,US_NASDAQ_CPOP
XCUR,"Exicure, Inc. Common Stock",$1.14,-0.095,-7.692%,"7,462,434",/market-activity/stocks/xcur,US_NASDAQ_XCUR
LOBO,LOBO TECHNOLOGIES LTD. Class A Ordinary Shares,$0.538,-0.0409,-7.065%,"7,446,963",/market-activity/stocks/lobo,US_NASDAQ_LOBO
ARBEW,Arbe Robotics Ltd. Warrant,$0.0581,0.0383,193.434%,"7,444,886",/market-activity/stocks/arbew,US_NASDAQ_ARBEW
GWAV,"Greenwave Technology Solutions, Inc. Common Stock",$2.48,0.13,5.532%,"7,396,560",/market-activity/stocks/gwav,US_NASDAQ_GWAV
SDAWW,SunCar Technology Group Inc. Warrant,$0.07,UNCH,--,"7,395,354",/market-activity/stocks/sdaww,US_NASDAQ_SDAWW
FEBO,Fenbo Holdings Limited Class A Ordinary Shares,$0.6682,0.0318,4.997%,"7,391,963",/market-activity/stocks/febo,US_NASDAQ_FEBO
XWEL,"XWELL, Inc. Common Stock",$0.86,-0.036,-4.018%,"7,386,769",/market-activity/stocks/xwel,US_NASDAQ_XWEL
GITS,"Global Interactive Technologies, Inc. Common Stock",$1.7498,-0.3102,-15.058%,"7,354,591",/market-activity/stocks/gits,US_NASDAQ_GITS
AMIX,"Autonomix Medical, Inc. Common Stock",$3.75,-0.08,-2.089%,"7,349,768",/market-activity/stocks/amix,US_NASDAQ_AMIX
CELZ,"Creative Medical Technology Holdings, Inc. Common Stock",$0.9652,-0.0448,-4.436%,"7,328,336",/market-activity/stocks/celz,US_NASDAQ_CELZ
QCLS,"Q/C Technologies, Inc. Common Stock",$0.8933,0.0604,7.252%,"7,315,982",/market-activity/stocks/qcls,US_NASDAQ_QCLS
CHAI,"Core AI Holdings, Inc. Common Shares",$0.2819,0.0119,4.407%,"7,291,864",/market-activity/stocks/chai,US_NASDAQ_CHAI
PRSO,Peraso Inc. Common Stock,$0.4837,-0.011,-2.224%,"7,286,687",/market-activity/stocks/prso,US_NASDAQ_PRSO
ACXP,"Acurx Pharmaceuticals, Inc. Common Stock",$1.305,-0.035,-2.612%,"7,255,024",/market-activity/stocks/acxp,US_NASDAQ_ACXP
GWH,"ESS Tech, Inc. Common Stock",$0.18,0.0035,1.983%,"7,249,347",/market-activity/stocks/gwh,US_NASDAQ_GWH
UCAR,U Power Limited Class A Ordinary Shares,$4.05,-0.2784,-6.432%,"7,188,499",/market-activity/stocks/ucar,US_NASDAQ_UCAR
GCDT,Green Circle Decarbonize Technology Limited Class A Ordinary Shares,$0.53,0.0493,10.256%,"7,182,139",/market-activity/stocks/gcdt,US_NASDAQ_GCDT
CNSP,"CNS Pharmaceuticals, Inc. Common Stock",$4.9073,-0.2027,-3.967%,"7,171,769",/market-activity/stocks/cnsp,US_NASDAQ_CNSP
CLGN,CollPlant Biotechnologies Ltd Ordinary Shares,$3.79,-0.08,-2.067%,"7,166,212",/market-activity/stocks/clgn,US_NASDAQ_CLGN
OBAI,"Our Bond, Inc. Common Stock",$0.2386,0.0158,7.092%,"7,152,161",/market-activity/stocks/obai,US_NASDAQ_OBAI
VNRX,VolitionRX Limited Common Stock,$0.2561,0.0032,1.265%,"7,146,042",/market-activity/stocks/vnrx,US_NASDAQ_VNRX
DFSC,DEFSEC Technologies Inc. Common Stock,$1.08,-0.005,-0.461%,"7,094,596",/market-activity/stocks/dfsc,US_NASDAQ_DFSC
SKYE,"Skye Bioscience, Inc. Common Stock",$1.59,-0.02,-1.242%,"7,040,006",/market-activity/stocks/skye,US_NASDAQ_SKYE
AUUD,Auddia Inc. Common Stock,$1.20,-0.01,-0.826%,"6,963,660",/market-activity/stocks/auud,US_NASDAQ_AUUD
BOLT,"Bolt Biotherapeutics, Inc. Common Stock",$3.60,0.1399,4.043%,"6,934,842",/market-activity/stocks/bolt,US_NASDAQ_BOLT
POM,POMDOCTOR LIMITED American Depositary Shares,$0.93,0.02,2.198%,"6,933,385",/market-activity/stocks/pom,US_NASDAQ_POM
WKSP,"Worksport, Ltd. Common Stock",$0.4506,-0.0064,-1.40%,"6,893,429",/market-activity/stocks/wksp,US_NASDAQ_WKSP
CGTL,Creative Global Technology Holdings Limited Class A Ordinary Shares,$4.005,-0.025,-0.62%,"6,885,616",/market-activity/stocks/cgtl,US_NASDAQ_CGTL
YHGJ,Yunhong Green CTI Ltd. Common Stock,$2.63,0.19,7.787%,"6,862,312",/market-activity/stocks/yhgj,US_NASDAQ_YHGJ
ACON,"Aclarion, Inc. Common Stock",$2.38,-0.06,-2.459%,"6,860,043",/market-activity/stocks/acon,US_NASDAQ_ACON
SPWRW,SunPower Inc. Warrants,$0.0214,-0.0036,-14.40%,"6,854,427",/market-activity/stocks/spwrw,US_NASDAQ_SPWRW
DSS,"DSS, Inc. Common Stock",$0.682,-0.008,-1.159%,"6,848,997",/market-activity/stocks/dss,US_NASDAQ_DSS
SYNX,Silynxcom Ltd. Ordinary Shares,$1.03,-0.02,-1.905%,"6,833,473",/market-activity/stocks/synx,US_NASDAQ_SYNX
TWG,Top Wealth Group Holding Limited Class A Ordinary Shares,$0.1088,-0.0248,-18.563%,"6,826,825",/market-activity/stocks/twg,US_NASDAQ_TWG
JAGX,"Jaguar Health, Inc. Common Stock",$5.32,-0.70,-11.628%,"6,819,383",/market-activity/stocks/jagx,US_NASDAQ_JAGX
TKLF,"Tokyo Lifestyle Co., Ltd. American Depositary Shares",$1.58,-0.05,-3.067%,"6,687,794",/market-activity/stocks/tklf,US_NASDAQ_TKLF
MWG,Multi Ways Holdings Limited Class A Ordinary Shares,$1.30,UNCH,--,"6,684,631",/market-activity/stocks/mwg,US_NASDAQ_MWG
CANF,"Can-Fite Biopharma Ltd American Depositary Shares, each representing two (2) Ordinary Shares",$2.18,-0.05,-2.242%,"6,608,772",/market-activity/stocks/canf,US_NASDAQ_CANF
LEXX,Lexaria Bioscience Corp. Common Stock,$3.13,-0.095,-2.946%,"6,593,304",/market-activity/stocks/lexx,US_NASDAQ_LEXX
DAIC,"CID HoldCo, Inc. Common Stock",$2.82,-0.44,-13.497%,"6,592,503",/market-activity/stocks/daic,US_NASDAQ_DAIC
CWD,CaliberCos Inc. Class A Common Stock,$0.6292,-0.0295,-4.479%,"6,534,024",/market-activity/stocks/cwd,US_NASDAQ_CWD
SOS,SOS Limited Class A Ordinary Shares,$0.3588,0.0214,6.343%,"6,519,511",/market-activity/stocks/sos,US_NASDAQ_SOS
ENVB,"Enveric Biosciences, Inc. Common Stock",$1.45,-0.02,-1.361%,"6,490,032",/market-activity/stocks/envb,US_NASDAQ_ENVB
AMST,Amesite Inc. Common Stock,$0.99,-0.02,-1.98%,"6,484,352",/market-activity/stocks/amst,US_NASDAQ_AMST
ELOG,Eastern International Ltd. Ordinary Shares,$0.505,0.0163,3.335%,"6,480,160",/market-activity/stocks/elog,US_NASDAQ_ELOG
EVGN,Evogene Ltd Ordinary Shares,$0.41,0.03,7.895%,"6,478,577",/market-activity/stocks/evgn,US_NASDAQ_EVGN
VS,Versus Systems Inc. Common Stock,$1.04,UNCH,--,"6,461,152",/market-activity/stocks/vs,US_NASDAQ_VS
BTTC,Black Titan Corporation Ordinary Shares,$0.463,0.0292,6.731%,"6,342,499",/market-activity/stocks/bttc,US_NASDAQ_BTTC
GAUZ,Gauzy Ltd. Ordinary Shares,$5.50,-0.39,-6.621%,"6,321,601",/market-activity/stocks/gauz,US_NASDAQ_GAUZ
WAFU,Wah Fu Education Group Limited Ordinary Shares,$1.43,-0.02,-1.379%,"6,307,099",/market-activity/stocks/wafu,US_NASDAQ_WAFU
BQ,Boqii Holding Limited Class A Ordinary Shares,$0.80,-0.0221,-2.688%,"6,303,691",/market-activity/stocks/bq,US_NASDAQ_BQ
SONM,"DNA X, Inc. Common Stock",$4.19,-0.16,-3.678%,"6,235,843",/market-activity/stocks/sonm,US_NASDAQ_SONM
VSA,VisionSys AI Inc. American Depositary Shares,$2.23,-0.11,-4.701%,"6,228,247",/market-activity/stocks/vsa,US_NASDAQ_VSA
FLDDW,"Fold Holdings, Inc. Warrant",$0.1133,0.0379,50.265%,"6,216,593",/market-activity/stocks/flddw,US_NASDAQ_FLDDW
AGRZ,Agroz Inc. Class A Ordinary Shares,$3.27,-0.51,-13.492%,"6,189,044",/market-activity/stocks/agrz,US_NASDAQ_AGRZ
AIM,AIM ImmunoTech Inc. Common Stock,$0.1735,-0.0109,-5.911%,"6,160,634",/market-activity/stocks/aim,US_NASDAQ_AIM
CCTG,CCSC Technology International Holdings Limited Class A Ordinary Shares,$0.4501,-0.03,-6.249%,"6,112,442",/market-activity/stocks/cctg,US_NASDAQ_CCTG
AUID,authID Inc. Common Stock,$0.3648,-0.0059,-1.592%,"6,099,580",/market-activity/stocks/auid,US_NASDAQ_AUID
GXAI,Gaxos.ai Inc. Common Stock,$0.5502,-0.0002,-0.036%,"6,080,969",/market-activity/stocks/gxai,US_NASDAQ_GXAI
JWEL,Jowell Global Ltd. Ordinary Shares,$2.54,-0.01,-0.392%,"6,035,373",/market-activity/stocks/jwel,US_NASDAQ_JWEL
HXHX,Haoxin Holdings Limited Class A Ordinary Shares,$0.4098,-0.0129,-3.052%,"6,032,256",/market-activity/stocks/hxhx,US_NASDAQ_HXHX
YMAT,"J-Star Holding Co., Ltd. Class A Ordinary Shares",$1.50,-0.07,-4.459%,"6,015,155",/market-activity/stocks/ymat,US_NASDAQ_YMAT
RENX,RenX Enterprises Corp. Common Stock,$2.27,-0.10,-4.219%,"6,006,894",/market-activity/stocks/renx,US_NASDAQ_RENX
NVNO,enVVeno Medical Corporation Common Stock,$8.625,-0.185,-2.10%,"5,992,874",/market-activity/stocks/nvno,US_NASDAQ_NVNO
TWAV,"TaoWeave, Inc. Common Stock",$1.54,-0.04,-2.532%,"5,970,917",/market-activity/stocks/twav,US_NASDAQ_TWAV
SNOA,"Sonoma Pharmaceuticals, Inc. Common Stock",$1.245,-0.015,-1.19%,"5,961,589",/market-activity/stocks/snoa,US_NASDAQ_SNOA
ORKT,Orangekloud Technology Inc. Class A Ordinary Shares,$1.02,0.02,2.00%,"5,956,565",/market-activity/stocks/orkt,US_NASDAQ_ORKT
NWTG,"Newton Golf Company, Inc. Common Stock",$1.05,0.045,4.478%,"5,937,202",/market-activity/stocks/nwtg,US_NASDAQ_NWTG
MITQ,"Moving iMage Technologies, Inc. Common Stock",$0.595,0.0179,3.102%,"5,921,573",/market-activity/stocks/mitq,US_NASDAQ_MITQ
KRKR,36Kr Holdings Inc. American Depositary Shares,$3.00,-0.0599,-1.958%,"5,921,430",/market-activity/stocks/krkr,US_NASDAQ_KRKR
CXAI,CXApp Inc. Class A Common Stock,$2.53,UNCH,--,"5,913,637",/market-activity/stocks/cxai,US_NASDAQ_CXAI
HCAI,"Huachen AI Parking Management Technology Holding Co., Ltd. Class A Ordinary Shares",$0.5366,-0.0124,-2.259%,"5,856,064",/market-activity/stocks/hcai,US_NASDAQ_HCAI
BGMS,"Bio Green Med Solution, Inc. Common Stock",$0.88,-0.0235,-2.601%,"5,828,059",/market-activity/stocks/bgms,US_NASDAQ_BGMS
GLXG,Galaxy Payroll Group Limited Class A Ordinary Shares,$0.9752,-0.0348,-3.446%,"5,813,669",/market-activity/stocks/glxg,US_NASDAQ_GLXG
GURE,"Gulf Resources, Inc. (NV) Common Stock",$3.20,0.05,1.587%,"5,803,299",/market-activity/stocks/gure,US_NASDAQ_GURE
ILAG,Intelligent Living Application Group Inc. Ordinary Shares,$2.78,UNCH,--,"5,773,915",/market-activity/stocks/ilag,US_NASDAQ_ILAG
LHSW,Lianhe Sowell International Group Ltd Class A Ordinary Shares,$0.5287,-0.1513,-22.25%,"5,766,090",/market-activity/stocks/lhsw,US_NASDAQ_LHSW
GELS,Gelteq Limited Ordinary Shares,$0.5311,-0.0158,-2.889%,"5,688,643",/market-activity/stocks/gels,US_NASDAQ_GELS
PULM,"Pulmatrix, Inc. Common Stock",$1.557,-0.033,-2.075%,"5,686,608",/market-activity/stocks/pulm,US_NASDAQ_PULM
CMCT,Creative Media & Community Trust Corporation Common stock,$1.92,-0.05,-2.538%,"5,659,187",/market-activity/stocks/cmct,US_NASDAQ_CMCT
KAPA,"Kairos Pharma, Ltd. Common Stock",$1.66,-0.02,-1.19%,"5,619,736",/market-activity/stocks/kapa,US_NASDAQ_KAPA
GDC,GD Culture Group Limited Common Stock,$1.35,0.09,7.143%,"5,619,375",/market-activity/stocks/gdc,US_NASDAQ_GDC
AMBO,Ambow Education Holding Ltd. American Depository Shares (each representing twenty (20) Class A Ordinary Shares),$1.96,-0.16,-7.547%,"5,606,231",/market-activity/stocks/ambo,US_NASDAQ_AMBO
YDKG,Yueda Digital Holding Class A Ordinary Share,$1.005,0.0883,9.632%,"5,569,973",/market-activity/stocks/ydkg,US_NASDAQ_YDKG
JTAI,Jet.AI Inc. Common Stock,$1.56,-0.04,-2.50%,"5,549,733",/market-activity/stocks/jtai,US_NASDAQ_JTAI
CDIO,Cardio Diagnostics Holdings Inc. Common stock,$1.87,-0.0238,-1.257%,"5,534,207",/market-activity/stocks/cdio,US_NASDAQ_CDIO
DXST,Decent Holding Inc Class A Ordinary Shares,$3.04,1.09,55.897%,"5,517,989",/market-activity/stocks/dxst,US_NASDAQ_DXST
TRIB,Trinity Biotech plc American Depositary Shares,$6.70,-0.02,-0.298%,"5,447,984",/market-activity/stocks/trib,US_NASDAQ_TRIB
ICCM,IceCure Medical Ltd. Ordinary Shares,$1.59,-0.04,-2.454%,"5,447,936",/market-activity/stocks/iccm,US_NASDAQ_ICCM
XTLB,XTL Biopharmaceuticals Ltd. American Depositary Shares,$2.2099,-0.0201,-0.901%,"5,430,747",/market-activity/stocks/xtlb,US_NASDAQ_XTLB
FBGL,FBS Global Limited Ordinary Shares,$4.01,-0.29,-6.744%,"5,413,500",/market-activity/stocks/fbgl,US_NASDAQ_FBGL
MRM,MEDIROM Healthcare Technologies Inc. American Depositary Share,$0.6849,0.0348,5.353%,"5,412,046",/market-activity/stocks/mrm,US_NASDAQ_MRM
INBS,Intelligent Bio Solutions Inc. Common Stock,$1.63,-0.02,-1.212%,"5,406,389",/market-activity/stocks/inbs,US_NASDAQ_INBS
HKPD,"Cellyan Biotechnology Co., Ltd Class A Ordinary Shares",$0.1103,0.0003,0.273%,"5,349,545",/market-activity/stocks/hkpd,US_NASDAQ_HKPD
UZX,Linkage Global Inc. Class A Ordinary Shares,$1.60,0.23,16.788%,"5,337,936",/market-activity/stocks/uzx,US_NASDAQ_UZX
POLA,"Polar Power, Inc. Common Stock",$1.23,-0.03,-2.381%,"5,300,462",/market-activity/stocks/pola,US_NASDAQ_POLA
DKI,DarkIris Inc. Class A Ordinary Shares,$2.55,-0.05,-1.923%,"5,297,510",/market-activity/stocks/dki,US_NASDAQ_DKI
XBIO,"Xenetic Biosciences, Inc. Common Stock",$2.26,-0.07,-3.004%,"5,295,589",/market-activity/stocks/xbio,US_NASDAQ_XBIO
AMPGZ,"Amplitech Group, Inc. Series B Right",$0.1758,0.0142,8.787%,"5,281,715",/market-activity/stocks/ampgz,US_NASDAQ_AMPGZ
CRE,Cre8 Enterprise Limited Class A Ordinary Shares,$2.61,-0.01,-0.382%,"5,256,501",/market-activity/stocks/cre,US_NASDAQ_CRE
YCBD,"cbdMD, Inc. Common Stock",$0.469,0.0055,1.187%,"5,255,166",/market-activity/stocks/ycbd,US_NASDAQ_YCBD
LIMN,"Liminatus Pharma, Inc. Class A Common Stock",$3.91,-0.36,-8.431%,"5,251,943",/market-activity/stocks/limn,US_NASDAQ_LIMN
AIDX,"20/20 Biolabs, Inc. Common Stock",$0.4091,0.0001,0.024%,"5,224,331",/market-activity/stocks/aidx,US_NASDAQ_AIDX
POAS,Phaos Technology Holdings (Cayman) Limited Class A Ordinary Shares,$0.164,-0.002,-1.205%,"5,177,808",/market-activity/stocks/poas,US_NASDAQ_POAS
ERNA,Ernexa Therapeutics Inc. Common Stock,$3.16,-0.31,-8.934%,"5,158,419",/market-activity/stocks/erna,US_NASDAQ_ERNA
GP,GreenPower Motor Company Inc. Common Shares,$0.5865,-0.0434,-6.89%,"5,156,392",/market-activity/stocks/gp,US_NASDAQ_GP
WBUY,WEBUY GLOBAL LTD. Class A Ordinary Shares,$0.94,0.04,4.444%,"5,152,238",/market-activity/stocks/wbuy,US_NASDAQ_WBUY
AMSS,AMASS Brands Inc. Common Stock,$0.441,-0.1163,-20.868%,"5,117,841",/market-activity/stocks/amss,US_NASDAQ_AMSS
WHLRP,"Wheeler Real Estate Investment Trust, Inc. Class B Preferred Stock",$8.96,0.20,2.283%,"5,091,171",/market-activity/stocks/whlrp,US_NASDAQ_WHLRP
INLF,INLIF LIMITED Class A Ordinary Shares,$4.66,-0.57,-10.899%,"5,080,789",/market-activity/stocks/inlf,US_NASDAQ_INLF
NCNA,NuCana plc American Depositary Share,$1.21,-0.08,-6.202%,"5,035,985",/market-activity/stocks/ncna,US_NASDAQ_NCNA
ADXN,Addex Therapeutics Ltd American Depositary Shares,$2.95,0.14,4.982%,"5,025,953",/market-activity/stocks/adxn,US_NASDAQ_ADXN
INTJ,Intelligent Group Limited Class A Ordinary Shares ,$3.25,0.25,8.333%,"4,996,869",/market-activity/stocks/intj,US_NASDAQ_INTJ
STLNW,"Starling Oncology, Inc. Warrant",$0.0489,0.0161,49.085%,"4,983,698",/market-activity/stocks/stlnw,US_NASDAQ_STLNW
VMAR,Vision Marine Technologies Inc. Common Shares,$7.625,0.225,3.041%,"4,979,476",/market-activity/stocks/vmar,US_NASDAQ_VMAR
EJH,E-Home Household Service Holdings Limited Ordinary Shares,$1.54,0.3311,27.389%,"4,928,237",/market-activity/stocks/ejh,US_NASDAQ_EJH
CHNR,"China Natural Resources, Inc. Common Stock",$3.99,0.07,1.786%,"4,920,552",/market-activity/stocks/chnr,US_NASDAQ_CHNR
ILLR,Triller Group Inc. Common Stock,$0.24,-0.0992,-29.245%,"4,916,972",/market-activity/stocks/illr,US_NASDAQ_ILLR
PCSA,"Processa Pharmaceuticals, Inc. Common Stock",$1.76,-0.08,-4.348%,"4,916,359",/market-activity/stocks/pcsa,US_NASDAQ_PCSA
SNTG,Sentage Holdings Inc. Class A Ordinary Shares,$1.75,0.03,1.744%,"4,909,319",/market-activity/stocks/sntg,US_NASDAQ_SNTG
GVH,Globavend Holdings Limited Ordinary Shares,$1.14,0.06,5.556%,"4,906,761",/market-activity/stocks/gvh,US_NASDAQ_GVH
BMGL,Basel Medical Group Ltd Ordinary Shares,$3.10,-0.37,-10.663%,"4,904,544",/market-activity/stocks/bmgl,US_NASDAQ_BMGL
AQB,"AquaBounty Technologies, Inc. Common Stock",$0.9474,-0.0011,-0.116%,"4,876,461",/market-activity/stocks/aqb,US_NASDAQ_AQB
NTCL,NETCLASS TECHNOLOGY INC Class A Ordinary Shares,$1.98,-0.105,-5.036%,"4,809,139",/market-activity/stocks/ntcl,US_NASDAQ_NTCL
RMSG,Real Messenger Corporation Ordinary Shares,$0.2965,0.0016,0.543%,"4,794,011",/market-activity/stocks/rmsg,US_NASDAQ_RMSG
EZGO,EZGO Technologies Ltd. Ordinary Shares,$0.8934,-0.0263,-2.86%,"4,740,290",/market-activity/stocks/ezgo,US_NASDAQ_EZGO
BAERW,"Bridger Aerospace Group Holdings, Inc. Warrant",$0.0801,0.0021,2.692%,"4,711,974",/market-activity/stocks/baerw,US_NASDAQ_BAERW
XELB,"Xcel Brands, Inc. Common Stock",$0.7128,0.0028,0.394%,"4,676,163",/market-activity/stocks/xelb,US_NASDAQ_XELB
FCUV,Focus Universal Inc. Common Stock,$4.76,-0.22,-4.418%,"4,674,377",/market-activity/stocks/fcuv,US_NASDAQ_FCUV
XPON,"Expion Energy, Inc. Common Stock",$4.55,0.11,2.477%,"4,606,866",/market-activity/stocks/xpon,US_NASDAQ_XPON
CNEY,CN Energy Group Inc. Class A Ordinary Shares,$0.5606,-0.0139,-2.419%,"4,598,774",/market-activity/stocks/cney,US_NASDAQ_CNEY
ZNB,Zeta Network Group Class A Ordinary Shares,$1.25,-0.04,-3.101%,"4,593,815",/market-activity/stocks/znb,US_NASDAQ_ZNB
MNDR,Mobile-health Network Solutions Class A Ordinary Shares,$1.25,-0.05,-3.846%,"4,593,171",/market-activity/stocks/mndr,US_NASDAQ_MNDR
DUKRW,DUKE Robotics Corp. Warrant,$1.34,-0.01,-0.741%,"4,590,811",/market-activity/stocks/dukrw,US_NASDAQ_DUKRW
SLDPW,"Solid Power, Inc. Warrant",$0.0201,-0.001,-4.739%,"4,586,442",/market-activity/stocks/sldpw,US_NASDAQ_SLDPW
OLB,"The OLB Group, Inc. Common Stock",$0.1906,-0.0044,-2.256%,"4,580,676",/market-activity/stocks/olb,US_NASDAQ_OLB
DRMA,"Dermata Therapeutics, Inc. Common Stock",$1.13,0.01,0.893%,"4,545,022",/market-activity/stocks/drma,US_NASDAQ_DRMA
HYFM,"Hydrofarm Holdings Group, Inc. Common Stock",$0.94,-0.033,-3.392%,"4,530,164",/market-activity/stocks/hyfm,US_NASDAQ_HYFM
PMCB,"PharmaCyte  Biotech, Inc. Common Stock",$0.419,-0.0009,-0.214%,"4,498,237",/market-activity/stocks/pmcb,US_NASDAQ_PMCB
MTR,Mesa Royalty Trust Common Stock,$2.41,0.01,0.417%,"4,491,252",/market-activity/stocks/mtr,US_NASDAQ_MTR
BKYI,"BIO-key International, Inc. Common Stock",$3.12,1.44,85.714%,"4,481,393",/market-activity/stocks/bkyi,US_NASDAQ_BKYI
LCFY,Locafy Limited Ordinary Share,$2.445,0.025,1.033%,"4,473,619",/market-activity/stocks/lcfy,US_NASDAQ_LCFY
BRNX,BrenX Ltd. Ordinary Shares,$2.29,-0.01,-0.435%,"4,458,566",/market-activity/stocks/brnx,US_NASDAQ_BRNX
DPU,Top KingWin Ltd Class A Ordinary Shares,$1.48,-0.05,-3.268%,"4,448,699",/market-activity/stocks/dpu,US_NASDAQ_DPU
GRRRW,Gorilla Technology Group Inc. Warrant,$0.16,0.0187,13.234%,"4,441,196",/market-activity/stocks/grrrw,US_NASDAQ_GRRRW
SVRE,SaverOne 2014 Ltd. American Depositary Shares,$1.76,-0.35,-16.588%,"4,399,710",/market-activity/stocks/svre,US_NASDAQ_SVRE
SXTP,"60 Degrees Pharmaceuticals, Inc. Common Stock",$1.25,UNCH,--,"4,396,235",/market-activity/stocks/sxtp,US_NASDAQ_SXTP
EZRA,"Reliance Global Group, Inc. Common Stock",$2.61,-0.01,-0.382%,"4,384,633",/market-activity/stocks/ezra,US_NASDAQ_EZRA
TAOP,Taoping Inc. Ordinary Shares ,$0.458,-0.0658,-12.562%,"4,375,175",/market-activity/stocks/taop,US_NASDAQ_TAOP
GRI,"GRI Bio, Inc. Common Stock",$2.00,-0.10,-4.762%,"4,372,230",/market-activity/stocks/gri,US_NASDAQ_GRI
OMH,Ohmyhome Limited Class A Ordinary Shares,$2.54,0.09,3.673%,"4,289,270",/market-activity/stocks/omh,US_NASDAQ_OMH
SGLY,Singularity Future Technology Ltd. Common Stock,$0.7923,-0.0433,-5.182%,"4,281,421",/market-activity/stocks/sgly,US_NASDAQ_SGLY
DBGI,"Digital Brands Group, Inc. Common Stock",$4.56,-0.19,-4.00%,"4,256,801",/market-activity/stocks/dbgi,US_NASDAQ_DBGI
VIVK,"Vivakor, Inc. Common Stock",$0.5192,-0.0106,-2.001%,"4,248,939",/market-activity/stocks/vivk,US_NASDAQ_VIVK
SDST,Stardust Power Inc. Common Stock,$0.1042,-0.0037,-3.429%,"4,228,126",/market-activity/stocks/sdst,US_NASDAQ_SDST
YYAI,AiRWA Inc. Common Stock,$0.9217,0.057,6.592%,"4,223,153",/market-activity/stocks/yyai,US_NASDAQ_YYAI
NAMMW,Namib Minerals Warrants,$0.0756,-0.0254,-25.149%,"4,222,442",/market-activity/stocks/nammw,US_NASDAQ_NAMMW
BJDX,"Bluejay Diagnostics, Inc. Common Stock",$0.939,-0.0209,-2.177%,"4,195,500",/market-activity/stocks/bjdx,US_NASDAQ_BJDX
NCRA,"Nocera, Inc. Common Stock",$1.76,0.04,2.326%,"4,182,020",/market-activity/stocks/ncra,US_NASDAQ_NCRA
FAMI,"Farmmi, Inc. Class A Ordinary Shares",$0.1302,-0.0041,-3.053%,"4,168,871",/market-activity/stocks/fami,US_NASDAQ_FAMI
HIHO,Highway Holdings Limited Common Stock,$0.8951,-0.0013,-0.145%,"4,141,338",/market-activity/stocks/hiho,US_NASDAQ_HIHO
ABTS,Abits Group Inc Ordinary Shares,$1.26,0.10,8.621%,"4,050,201",/market-activity/stocks/abts,US_NASDAQ_ABTS
CHSN,Chanson International Holding Class A Ordinary Shares,$1.09,-0.06,-5.217%,"4,043,668",/market-activity/stocks/chsn,US_NASDAQ_CHSN
ATXG,Addentax Group Corp. Common Stock,$3.42,0.01,0.293%,"4,028,671",/market-activity/stocks/atxg,US_NASDAQ_ATXG
BOXL,Boxlight Corporation Class A Common Stock,$4.75,0.155,3.373%,"4,011,584",/market-activity/stocks/boxl,US_NASDAQ_BOXL
CLDI,"Calidi Biotherapeutics, Inc. Common Stock",$1.08,0.01,0.935%,"3,980,717",/market-activity/stocks/cldi,US_NASDAQ_CLDI
DCOY,Decoy Therapeutics Inc. Common Stock,$2.13,-0.18,-7.792%,"3,918,388",/market-activity/stocks/dcoy,US_NASDAQ_DCOY
CHR,"Cheer Holding, Inc. Class A Ordinary Share",$1.67,0.035,2.141%,"3,916,907",/market-activity/stocks/chr,US_NASDAQ_CHR
FMFC,Kandal M Venture Limited Class A Ordinary Shares,$0.1826,-0.0031,-1.669%,"3,889,380",/market-activity/stocks/fmfc,US_NASDAQ_FMFC
CVKD,"Cadrenal Therapeutics, Inc. Common Stock",$1.09,-0.03,-2.679%,"3,888,675",/market-activity/stocks/cvkd,US_NASDAQ_CVKD
IBG,Innovation Beverage Group Limited Ordinary Shares,$0.92,-0.015,-1.604%,"3,882,880",/market-activity/stocks/ibg,US_NASDAQ_IBG
CTNT,Cheetah Net Supply Chain Service Inc Class A Common Stock,$2.87,-0.73,-20.278%,"3,826,849",/market-activity/stocks/ctnt,US_NASDAQ_CTNT
EHGO,Eshallgo Inc. Class A Ordinary Shares,$0.6899,-0.1305,-15.907%,"3,819,684",/market-activity/stocks/ehgo,US_NASDAQ_EHGO
GBR,"New Concept Energy, Inc Common Stock",$0.7439,0.0257,3.578%,"3,817,646",/market-activity/stocks/gbr,US_NASDAQ_GBR
MKZR,"MacKenzie Realty Capital, Inc. Common Stock",$1.3699,-0.0001,-0.007%,"3,801,045",/market-activity/stocks/mkzr,US_NASDAQ_MKZR
SCKT,"Socket Mobile, Inc. Common Stock",$0.45,-0.0015,-0.332%,"3,731,256",/market-activity/stocks/sckt,US_NASDAQ_SCKT
BGLC,BioNexus Gene Lab Corp Common stock,$1.27,-0.03,-2.308%,"3,725,471",/market-activity/stocks/bglc,US_NASDAQ_BGLC
TRNR,Interactive Strength Inc. Common Stock,$2.30,-0.11,-4.564%,"3,725,315",/market-activity/stocks/trnr,US_NASDAQ_TRNR
CYAB,"Cyabra, Inc. Common Stock",$0.2112,0.0166,8.53%,"3,716,501",/market-activity/stocks/cyab,US_NASDAQ_CYAB
SXTC,"China SXT Pharmaceuticals, Inc. Class A Ordinary Shares",$2.81,0.29,11.508%,"3,713,348",/market-activity/stocks/sxtc,US_NASDAQ_SXTC
EOCN,Eocene Ltd. Ordinary Shares,$3.55,-0.08,-2.204%,"3,697,556",/market-activity/stocks/eocn,US_NASDAQ_EOCN
CDTG,CDT Environmental Technology Investment Holdings Limited ordinary shares,$1.22,0.02,1.667%,"3,685,620",/market-activity/stocks/cdtg,US_NASDAQ_CDTG
WLDS,Wearable Devices Ltd. Ordinary Share,$1.49,-0.03,-1.974%,"3,665,014",/market-activity/stocks/wlds,US_NASDAQ_WLDS
VBIO,"Valion Bio, Inc. Common Stock",$2.83,0.13,4.815%,"3,638,319",/market-activity/stocks/vbio,US_NASDAQ_VBIO
MBIO,"Mustang Bio, Inc. Common Stock",$0.4796,-0.0273,-5.386%,"3,634,172",/market-activity/stocks/mbio,US_NASDAQ_MBIO
IVDA,"Iveda Solutions, Inc. Common Stock",$0.2899,-0.0084,-2.816%,"3,629,266",/market-activity/stocks/ivda,US_NASDAQ_IVDA
MLEC,Moolec Science SA Ordinary Shares,$4.99,0.06,1.217%,"3,623,329",/market-activity/stocks/mlec,US_NASDAQ_MLEC
NXL,"Nexalin Technology, Inc. Common Stock",$4.35,0.08,1.874%,"3,607,890",/market-activity/stocks/nxl,US_NASDAQ_NXL
ONCO,"Onconetix, Inc. Common Stock",$0.82,-0.29,-26.126%,"3,592,028",/market-activity/stocks/onco,US_NASDAQ_ONCO
AGMH,AGM Group Holdings Inc. Class A Ordinary Shares,$0.7471,0.0103,1.398%,"3,583,372",/market-activity/stocks/agmh,US_NASDAQ_AGMH
TRUG,"TruGolf Holdings, Inc. Class A Common Stock",$2.96,0.302,11.362%,"3,577,193",/market-activity/stocks/trug,US_NASDAQ_TRUG
GOVX,"GeoVax Labs, Inc. Common Stock",$0.352,0.0063,1.822%,"3,556,211",/market-activity/stocks/govx,US_NASDAQ_GOVX
CETX,Cemtrex Inc. Common Stock,$2.055,0.025,1.232%,"3,536,945",/market-activity/stocks/cetx,US_NASDAQ_CETX
SNES,"SenesTech, Inc. Common Stock",$0.65,0.0179,2.832%,"3,525,302",/market-activity/stocks/snes,US_NASDAQ_SNES
SLXN,Silexion Therapeutics Corp Ordinary Shares,$0.3184,0.07,28.18%,"3,514,101",/market-activity/stocks/slxn,US_NASDAQ_SLXN
KUST,"Kustom Entertainment, Inc. Common Stock",$0.5399,-0.0868,-13.85%,"3,513,054",/market-activity/stocks/kust,US_NASDAQ_KUST
ICON,Icon Energy Corp. Common stock,$0.93,0.0001,0.011%,"3,496,162",/market-activity/stocks/icon,US_NASDAQ_ICON
PAVS,Paranovus Entertainment Technology Ltd. Class A Ordinary Shares,$3.99,-0.39,-8.904%,"3,469,856",/market-activity/stocks/pavs,US_NASDAQ_PAVS
TOPS,"TOP Ships, Inc. Common Stock",$0.6233,-0.0177,-2.761%,"3,454,123",/market-activity/stocks/tops,US_NASDAQ_TOPS
MGN,Megan Holdings Limited Class A Ordinary Shares,$3.73,-0.05,-1.323%,"3,450,250",/market-activity/stocks/mgn,US_NASDAQ_MGN
RIME,"Algorhythm Holdings, Inc. Common Stock",$0.163,0.0031,1.939%,"3,433,831",/market-activity/stocks/rime,US_NASDAQ_RIME
FRSX,Foresight Autonomous Holdings Ltd. American Depositary Shares,$1.15,-0.03,-2.542%,"3,427,359",/market-activity/stocks/frsx,US_NASDAQ_FRSX
FGL,Founder Group Limited Class A Ordinary Shares,$4.10,-0.12,-2.844%,"3,405,850",/market-activity/stocks/fgl,US_NASDAQ_FGL
JUNS,"Jupiter Neurosciences, Inc. Common Stock",$2.58,0.07,2.789%,"3,401,784",/market-activity/stocks/juns,US_NASDAQ_JUNS
SBFM,Sunshine Biopharma Inc. Common Stock,$0.7874,-0.0305,-3.729%,"3,393,931",/market-activity/stocks/sbfm,US_NASDAQ_SBFM
CAPS,Capstone Holding Corp. Common Stock,$0.1555,-0.0035,-2.201%,"3,382,125",/market-activity/stocks/caps,US_NASDAQ_CAPS
VIVS,"VivoSim Labs, Inc. Common Stock",$0.2025,-0.0177,-8.038%,"3,358,765",/market-activity/stocks/vivs,US_NASDAQ_VIVS
APVO,Aptevo Therapeutics Inc. Common Stock,$1.86,-0.05,-2.618%,"3,351,664",/market-activity/stocks/apvo,US_NASDAQ_APVO
PPCB,"Propanc Biopharma, Inc. Common Stock",$0.5123,-0.0211,-3.956%,"3,243,431",/market-activity/stocks/ppcb,US_NASDAQ_PPCB
REVB,"Revelation Biosciences, Inc. Common Stock",$0.814,-0.0453,-5.272%,"3,242,501",/market-activity/stocks/revb,US_NASDAQ_REVB
BRTX,"BioRestorative Therapies, Inc. Common Stock (NV)",$2.33,0.02,0.866%,"3,218,028",/market-activity/stocks/brtx,US_NASDAQ_BRTX
HCWB,HCW Biologics Inc. Common Stock,$1.75,-0.07,-3.846%,"3,213,567",/market-activity/stocks/hcwb,US_NASDAQ_HCWB
ADGM,"Adagio Medical Holdings, Inc Common Stock",$0.144,-0.0267,-15.641%,"3,198,306",/market-activity/stocks/adgm,US_NASDAQ_ADGM
TNMG,TNL Mediagene Ordinary Shares,$4.19,-0.20,-4.556%,"3,186,801",/market-activity/stocks/tnmg,US_NASDAQ_TNMG
LXEH,"Lixiang Education Holding Co., Ltd. American Depositary Shares",$1.66,0.08,5.063%,"3,181,667",/market-activity/stocks/lxeh,US_NASDAQ_LXEH
RBNE,Robin Energy Ltd. Common Stock,$2.34,-0.0181,-0.768%,"3,117,575",/market-activity/stocks/rbne,US_NASDAQ_RBNE
TOPP,Toppoint Holdings Inc. Common Stock,$0.126,-0.009,-6.667%,"3,112,200",/market-activity/stocks/topp,US_NASDAQ_TOPP
ISPC,iSpecimen Inc. Common Stock,$1.23,0.02,1.653%,"3,097,866",/market-activity/stocks/ispc,US_NASDAQ_ISPC
HTCR,"Heartcore Enterprises, Inc. Common Stock",$2.04,-0.08,-3.774%,"3,091,269",/market-activity/stocks/htcr,US_NASDAQ_HTCR
XRTX,XORTX Therapeutics Inc. Common Shares,$1.70,-0.01,-0.585%,"3,088,161",/market-activity/stocks/xrtx,US_NASDAQ_XRTX
COCHW,"Envoy Medical, Inc Warrant",$0.04,0.0083,26.183%,"3,087,784",/market-activity/stocks/cochw,US_NASDAQ_COCHW
BFRGW,"Bullfrog AI Holdings, Inc. Warrants",$0.1656,0.0121,7.883%,"3,070,497",/market-activity/stocks/bfrgw,US_NASDAQ_BFRGW
MASK,3 E Network Technology Group Ltd Class A Ordinary Shares,$0.843,0.0052,0.621%,"3,050,889",/market-activity/stocks/mask,US_NASDAQ_MASK
VVOS,"Vivos Therapeutics, Inc. Common Stock",$0.1505,0.0164,12.23%,"3,027,762",/market-activity/stocks/vvos,US_NASDAQ_VVOS
VRAX,Virax Biolabs Group Limited Ordinary Shares,$2.23,-0.0844,-3.647%,"2,999,323",/market-activity/stocks/vrax,US_NASDAQ_VRAX
NCI,Neo-Concept International Group Holdings Limited Class A Ordinary Shares,$1.26,-1.12,-47.059%,"2,978,995",/market-activity/stocks/nci,US_NASDAQ_NCI
ELAB,PMGC Holdings Inc. Common Stock,$3.67,-1.11,-23.222%,"2,971,155",/market-activity/stocks/elab,US_NASDAQ_ELAB
RDHL,Redhill Biopharma Ltd. American Depositary Shares,$0.4813,-0.0242,-4.787%,"2,926,747",/market-activity/stocks/rdhl,US_NASDAQ_RDHL
IZM,ICZOOM Group Inc. Class A Ordinary Shares,$1.21,-0.05,-3.968%,"2,908,383",/market-activity/stocks/izm,US_NASDAQ_IZM
RDGT,"Ridgetech, Inc. Ordinary Shares",$0.80,-0.0061,-0.757%,"2,903,632",/market-activity/stocks/rdgt,US_NASDAQ_RDGT
NEXR,Nexera Technologies Ltd Ordinary Shares,$1.76,0.21,13.548%,"2,879,342",/market-activity/stocks/nexr,US_NASDAQ_NEXR
PRFX,PRF Technologies Ltd. Ordinary Shares,$0.945,-0.0267,-2.748%,"2,874,529",/market-activity/stocks/prfx,US_NASDAQ_PRFX
SGRX,SANGRIX INC. Class A Ordinary Shares,$1.51,-0.05,-3.205%,"2,873,497",/market-activity/stocks/sgrx,US_NASDAQ_SGRX
NXAT,Nexus Advanced Technologies Inc. Ordinary Shares,$1.05,-0.1025,-8.894%,"2,845,766",/market-activity/stocks/nxat,US_NASDAQ_NXAT
ELPW,Elong Power Holding Limited Class A Ordinary Shares,$3.05,0.02,0.66%,"2,842,871",/market-activity/stocks/elpw,US_NASDAQ_ELPW
SILO,"Silo Pharma, Inc. Common Stock",$1.61,-0.04,-2.424%,"2,822,733",/market-activity/stocks/silo,US_NASDAQ_SILO
MTNB,"Matinas Biopharma Holdings, Inc. Common Stock",$2.88,0.35,13.834%,"2,821,018",/market-activity/stocks/mtnb,US_NASDAQ_MTNB
TNON,"Tenon Medical, Inc. Common Stock",$2.73,-0.13,-4.545%,"2,818,938",/market-activity/stocks/tnon,US_NASDAQ_TNON
TGL,Treasure Global Inc. Common Stock,$1.44,-0.05,-3.356%,"2,814,958",/market-activity/stocks/tgl,US_NASDAQ_TGL
OCG,Oriental Culture Holding LTD Ordinary Shares,$1.45,-0.03,-2.027%,"2,810,552",/market-activity/stocks/ocg,US_NASDAQ_OCG
SDSTW,Stardust Power Inc. Warrant,$0.0677,UNCH,--,"2,747,064",/market-activity/stocks/sdstw,US_NASDAQ_SDSTW
ASPSW,Altisource Portfolio Solutions S.A. Net Settle Stakeholder Warrants,$0.24,0.02,9.091%,"2,740,849",/market-activity/stocks/aspsw,US_NASDAQ_ASPSW
SPRC,SciSparc Ltd. Ordinary Shares,$4.705,-0.205,-4.175%,"2,733,478",/market-activity/stocks/sprc,US_NASDAQ_SPRC
NUWE,"Nuwellis, Inc. Common Stock",$0.7459,-0.0143,-1.881%,"2,720,494",/market-activity/stocks/nuwe,US_NASDAQ_NUWE
VTAK,"Catheter Precision, Inc. Common Stock",$0.143,-0.0037,-2.522%,"2,713,003",/market-activity/stocks/vtak,US_NASDAQ_VTAK
XAIR,"Beyond Air, Inc. Common Stock",$2.83,0.24,9.266%,"2,710,096",/market-activity/stocks/xair,US_NASDAQ_XAIR
BDRX,Biodexa Pharmaceuticals plc American Depositary Shs,$0.6451,-0.0345,-5.077%,"2,705,496",/market-activity/stocks/bdrx,US_NASDAQ_BDRX
RUBI,Rubico Inc. Common Stock,$1.12,-0.01,-0.885%,"2,661,879",/market-activity/stocks/rubi,US_NASDAQ_RUBI
GIPR,Generation Income Properties Inc. Common Stock,$0.3742,-0.0298,-7.376%,"2,661,497",/market-activity/stocks/gipr,US_NASDAQ_GIPR
CIIT,"Tianci International, Inc. Common Stock",$2.71,-0.005,-0.184%,"2,621,630",/market-activity/stocks/ciit,US_NASDAQ_CIIT
PW,Power REIT (MD) Common Stock,$7.05,0.15,2.174%,"2,588,196",/market-activity/stocks/pw,US_NASDAQ_PW
ONFO,Onfolio Holdings Inc. Common Stock,$1.03,-0.03,-2.83%,"2,574,225",/market-activity/stocks/onfo,US_NASDAQ_ONFO
EXYNW,"Exyn Technologies, Inc. Warrant",$0.32,-0.09,-21.951%,"2,545,266",/market-activity/stocks/exynw,US_NASDAQ_EXYNW
VSME,VS Media Holdings Limited Class A Ordinary Shares,$0.924,-0.056,-5.714%,"2,541,724",/market-activity/stocks/vsme,US_NASDAQ_VSME
PPBT,Purple Biotech Ltd. American Depositary Shares,$1.52,0.03,2.013%,"2,472,838",/market-activity/stocks/ppbt,US_NASDAQ_PPBT
JEM,707 Cayman Holdings Limited Ordinary Shares,$3.555,-0.135,-3.659%,"2,471,937",/market-activity/stocks/jem,US_NASDAQ_JEM
CSAI,"Cloudastructure, Inc. Class A Common Stock",$2.82,0.21,8.046%,"2,446,271",/market-activity/stocks/csai,US_NASDAQ_CSAI
TCRT,"Alaunos Therapeutics, Inc. Common Stock",$0.9605,-0.0595,-5.833%,"2,446,073",/market-activity/stocks/tcrt,US_NASDAQ_TCRT
IMCC,IM Cannabis Corp. Common Shares,$2.45,-0.03,-1.21%,"2,431,610",/market-activity/stocks/imcc,US_NASDAQ_IMCC
BIVIW,BioVie Inc. Warrant,$0.28,UNCH,--,"2,431,159",/market-activity/stocks/biviw,US_NASDAQ_BIVIW
PWCM,"PowerCompute, Inc. Common Stock",$0.9869,-0.0231,-2.287%,"2,389,751",/market-activity/stocks/pwcm,US_NASDAQ_PWCM
GMEX,GMEX ROBOTICS CORPORATION Class A Ordinary Shares,$3.17,-0.07,-2.16%,"2,385,511",/market-activity/stocks/gmex,US_NASDAQ_GMEX
EDBL,Edible Garden AG Incorporated Common Stock,$1.22,0.01,0.826%,"2,380,841",/market-activity/stocks/edbl,US_NASDAQ_EDBL
IPDN,"Professional Diversity Network, Inc. Common Stock",$3.55,-0.34,-8.74%,"2,363,629",/market-activity/stocks/ipdn,US_NASDAQ_IPDN
LABT,Lakewood-Amedex Biotherapeutics Inc. Common Stock,$0.9898,-0.1602,-13.93%,"2,345,517",/market-activity/stocks/labt,US_NASDAQ_LABT
GNPX,"Genprex, Inc. Common Stock",$2.85,0.04,1.423%,"2,336,171",/market-activity/stocks/gnpx,US_NASDAQ_GNPX
ITP,"IT Tech Packaging, Inc. Common Stock",$0.137,-0.005,-3.521%,"2,324,263",/market-activity/stocks/itp,US_NASDAQ_ITP
FLYE,"Fly-E Group, Inc. Common Stock",$1.42,-0.01,-0.699%,"2,317,988",/market-activity/stocks/flye,US_NASDAQ_FLYE
KITT,"Nauticus Robotics, Inc. Common stock",$1.86,0.05,2.762%,"2,316,308",/market-activity/stocks/kitt,US_NASDAQ_KITT
NCT,Intercont (Cayman) Limited Class A Ordinary shares,$1.89,-0.61,-24.40%,"2,313,564",/market-activity/stocks/nct,US_NASDAQ_NCT
IVF,"INVO Fertility, Inc. Common Stock",$0.911,-0.0226,-2.421%,"2,283,849",/market-activity/stocks/ivf,US_NASDAQ_IVF
ARTL,"Artelo Biosciences, Inc. Common Stock",$4.07,-0.23,-5.349%,"2,229,440",/market-activity/stocks/artl,US_NASDAQ_ARTL
GSUN,Golden Sun Technology Group Limited Class A Ordinary Shares,$0.222,-0.008,-3.478%,"2,226,409",/market-activity/stocks/gsun,US_NASDAQ_GSUN
CHGA,Change Agents Corporation Common Stock,$1.96,-0.02,-1.01%,"2,195,623",/market-activity/stocks/chga,US_NASDAQ_CHGA
KIDZ,KIDZ AI Inc. Class B Common Stock,$2.55,-0.02,-0.778%,"2,194,726",/market-activity/stocks/kidz,US_NASDAQ_KIDZ
IPST,"IP Strategy Holdings, Inc. Common Stock",$3.03,-0.39,-11.404%,"2,186,381",/market-activity/stocks/ipst,US_NASDAQ_IPST
RAINW,"Rain Enhancement Technologies Holdco, Inc. Warrants",$0.186,-0.004,-2.105%,"2,176,953",/market-activity/stocks/rainw,US_NASDAQ_RAINW
OGEN,Oragenics Inc. Common Stock,$0.48,0.0084,1.781%,"2,165,739",/market-activity/stocks/ogen,US_NASDAQ_OGEN
ATPC,Agape ATP Corporation Common Stock,$2.10,-0.10,-4.545%,"2,101,315",/market-activity/stocks/atpc,US_NASDAQ_ATPC
VCIG,VCI Global Limited Ordinary Share,$1.62,-0.005,-0.308%,"2,051,724",/market-activity/stocks/vcig,US_NASDAQ_VCIG
LESL,"Leslie's, Inc. Common Stock",$0.2178,-0.0214,-8.946%,"2,039,800",/market-activity/stocks/lesl,US_NASDAQ_LESL
NXTS,Nexentis Technologies Inc. Common Stock,$1.40,-0.065,-4.437%,"2,034,666",/market-activity/stocks/nxts,US_NASDAQ_NXTS
GNLN,"Greenlane Holdings, Inc. Class A Common Stock",$2.85,0.14,5.166%,"1,979,450",/market-activity/stocks/gnln,US_NASDAQ_GNLN
RAYA,Erayak Power Solution Group Inc. Class A Ordinary Shares,$1.86,0.06,3.333%,"1,961,761",/market-activity/stocks/raya,US_NASDAQ_RAYA
SKYAW,"SkyAI, Inc. Warrant",$0.0447,0.0166,59.075%,"1,933,164",/market-activity/stocks/skyaw,US_NASDAQ_SKYAW
SQFT,"Presidio Property Trust, Inc. Class A Common Stock",$1.34,UNCH,--,"1,922,139",/market-activity/stocks/sqft,US_NASDAQ_SQFT
ASPSZ,Altisource Portfolio Solutions S.A. Cash Exercise Stakeholder Warrants,$0.1675,0.0255,17.958%,"1,912,885",/market-activity/stocks/aspsz,US_NASDAQ_ASPSZ
SCNI,Scinai Immunotherapeutics Ltd. American Depositary Shares,$1.41,-0.06,-4.082%,"1,908,051",/market-activity/stocks/scni,US_NASDAQ_SCNI
WHLR,"Wheeler Real Estate Investment Trust, Inc. Common Stock",$3.34,-0.75,-18.337%,"1,897,825",/market-activity/stocks/whlr,US_NASDAQ_WHLR
CMND,Clearmind Medicine Inc. Common Shares,$0.8114,0.0237,3.009%,"1,740,624",/market-activity/stocks/cmnd,US_NASDAQ_CMND
CRIS,"Curis, Inc. Common Stock",$0.829,-0.0024,-0.289%,"1,732,674",/market-activity/stocks/cris,US_NASDAQ_CRIS
PMAX,Powell Max Limited Class A Ordinary Shares,$0.882,-0.378,-30.00%,"1,730,453",/market-activity/stocks/pmax,US_NASDAQ_PMAX
NXGL,"NexGel, Inc Common Stock",$0.176,-0.002,-1.124%,"1,715,589",/market-activity/stocks/nxgl,US_NASDAQ_NXGL
YHC,LQR House Inc. Common Stock,$1.31,UNCH,--,"1,708,053",/market-activity/stocks/yhc,US_NASDAQ_YHC
IMTE,Integrated Media Technology Limited Ordinary Shares,$0.4913,0.0113,2.354%,"1,693,233",/market-activity/stocks/imte,US_NASDAQ_IMTE
BETRW,Better Home & Finance Holding Company Warrant,$0.0888,-0.0112,-11.20%,"1,687,074",/market-activity/stocks/betrw,US_NASDAQ_BETRW
SMTK,"SmartKem, Inc. Common Stock",$1.59,-0.16,-9.143%,"1,646,920",/market-activity/stocks/smtk,US_NASDAQ_SMTK
CDT,CDT Equity Inc. Common Stock,$1.45,-0.45,-23.684%,"1,630,547",/market-activity/stocks/cdt,US_NASDAQ_CDT
STKH,Steakholder Foods Ltd. American Depositary Shares,$1.46,-0.17,-10.429%,"1,625,898",/market-activity/stocks/stkh,US_NASDAQ_STKH
SSM,Sono Group N.V. Ordinary Shares,$1.13,0.03,2.727%,"1,610,062",/market-activity/stocks/ssm,US_NASDAQ_SSM
BCTXZ,BriaCell Therapeutics Corp. Warrant expiring 2030,$0.1836,-0.0114,-5.846%,"1,597,281",/market-activity/stocks/bctxz,US_NASDAQ_BCTXZ
DXF,"Eason Technology Limited American Depositary Shares (each representing sixty-thousand (60,000) Ordinary Shares)",$0.4927,0.0026,0.531%,"1,594,356",/market-activity/stocks/dxf,US_NASDAQ_DXF
ZEOWW,Zeo Energy Corporation Warrants,$0.0251,-0.004,-13.746%,"1,560,806",/market-activity/stocks/zeoww,US_NASDAQ_ZEOWW
MSS,Maison Solutions Inc. Class A Common Stock,$1.79,0.13,7.831%,"1,531,057",/market-activity/stocks/mss,US_NASDAQ_MSS
LNKS,Linkers Industries Limited Class A Ordinary Shares,$0.9301,-0.0001,-0.011%,"1,494,311",/market-activity/stocks/lnks,US_NASDAQ_LNKS
GCTK,"GlucoTrack, Inc. Common Stock",$1.74,-0.06,-3.333%,"1,476,614",/market-activity/stocks/gctk,US_NASDAQ_GCTK
SHFS,"SHF Holdings, Inc. Class A Common Stock",$0.1184,0.0093,8.524%,"1,460,222",/market-activity/stocks/shfs,US_NASDAQ_SHFS
LRHC,La Rosa Holdings Corp. Common Stock,$2.49,-0.04,-1.581%,"1,418,401",/market-activity/stocks/lrhc,US_NASDAQ_LRHC
CISS,C3is Inc. Common Stock,$0.9502,-0.0898,-8.635%,"1,413,869",/market-activity/stocks/ciss,US_NASDAQ_CISS
LBGJ,Li Bang International Corporation Class A Ordinary Shares,$1.96,-0.04,-2.00%,"1,392,435",/market-activity/stocks/lbgj,US_NASDAQ_LBGJ
AKAN,Akanda Corp. Common Shares,$2.57,-0.255,-9.027%,"1,389,961",/market-activity/stocks/akan,US_NASDAQ_AKAN
PFSA,"Profusa, Inc. Common Stock",$2.27,0.58,34.32%,"1,374,819",/market-activity/stocks/pfsa,US_NASDAQ_PFSA
CRGOW,Freightos Limited Warrants,$0.0264,-0.0015,-5.376%,"1,374,740",/market-activity/stocks/crgow,US_NASDAQ_CRGOW
BBLG,Bone Biologics Corp Common Stock,$0.4963,UNCH,--,"1,367,831",/market-activity/stocks/bblg,US_NASDAQ_BBLG
IPW,iPower Inc. Common Stock,$1.17,-0.09,-7.143%,"1,363,339",/market-activity/stocks/ipw,US_NASDAQ_IPW
OLOX,Olenox Industries Inc. Common Stock,$0.8202,-0.0148,-1.772%,"1,360,996",/market-activity/stocks/olox,US_NASDAQ_OLOX
PGYWW,Pagaya Technologies Ltd. Warrants,$0.0163,-0.0004,-2.395%,"1,359,841",/market-activity/stocks/pgyww,US_NASDAQ_PGYWW
ABLVW,Able View Global Inc. Warrant,$0.0243,0.0058,31.351%,"1,341,866",/market-activity/stocks/ablvw,US_NASDAQ_ABLVW
UK,Ucommune International Ltd Class A Ordinary Shares,$1.97,-0.06,-2.956%,"1,335,563",/market-activity/stocks/uk,US_NASDAQ_UK
AIIOW,Robo.ai Inc. Warrant,$0.0112,-0.0047,-29.56%,"1,333,198",/market-activity/stocks/aiiow,US_NASDAQ_AIIOW
HUBC,Hub Cyber Security Ltd. Ordinary Shares,$0.995,-0.495,-33.221%,"1,330,361",/market-activity/stocks/hubc,US_NASDAQ_HUBC
SABSW,"SAB Biotherapeutics, Inc. Warrant",$0.014,UNCH,--,"1,273,809",/market-activity/stocks/sabsw,US_NASDAQ_SABSW
HLSQ,Tessera Defense and Homeland Security Inc. Common Stock,$0.434,-0.0411,-8.651%,"1,241,240",/market-activity/stocks/hlsq,US_NASDAQ_HLSQ
DRCT,"Direct Digital Holdings, Inc. Class A Common Stock",$1.53,0.01,0.658%,"1,228,172",/market-activity/stocks/drct,US_NASDAQ_DRCT
MOBXW,"Mobix Labs, Inc Warrants",$0.0683,-0.02,-22.65%,"1,226,125",/market-activity/stocks/mobxw,US_NASDAQ_MOBXW
BGLWW,Blue Gold Limited Warrant,$0.0298,UNCH,--,"1,216,966",/market-activity/stocks/bglww,US_NASDAQ_BGLWW
FCHL,Fitness Champs Holdings Limited Common Stock,$0.917,-0.063,-6.429%,"1,209,286",/market-activity/stocks/fchl,US_NASDAQ_FCHL
SUGP,SU Group Holdings Limited Class A Ordinary Shares,$0.5146,-0.0151,-2.851%,"1,197,216",/market-activity/stocks/sugp,US_NASDAQ_SUGP
WETO,Wetour Robotics Limited Ordinary Shares,$1.10,-0.57,-34.132%,"1,185,581",/market-activity/stocks/weto,US_NASDAQ_WETO
FUSEW,Fusemachines Inc. Warrants,$0.0401,-0.0099,-19.80%,"1,162,311",/market-activity/stocks/fusew,US_NASDAQ_FUSEW
JZ,Jianzhi Education Technology Group Company Limited American Depositary Shs,$0.476,0.0456,10.595%,"1,146,357",/market-activity/stocks/jz,US_NASDAQ_JZ
MI,NFT Limited Class A Ordinary Share,$2.24,-0.13,-5.485%,"1,144,033",/market-activity/stocks/mi,US_NASDAQ_MI
EDVA,"Endovia Health Sciences, Inc. Common Stock",$0.1765,-0.0102,-5.463%,"1,131,810",/market-activity/stocks/edva,US_NASDAQ_EDVA
MNYWW,MoneyHero Limited Warrants,$0.025,-0.0005,-1.961%,"1,110,830",/market-activity/stocks/mnyww,US_NASDAQ_MNYWW
ASTLW,Algoma Steel Group Inc. Warrant,$0.0098,UNCH,--,"1,032,808",/market-activity/stocks/astlw,US_NASDAQ_ASTLW
HAO,Haoxi Health Technology Limited Class A Ordinary Shares,$2.75,-0.14,-4.844%,"1,006,847",/market-activity/stocks/hao,US_NASDAQ_HAO
LGCL,Lucas GC Limited Class A Ordinary Shares,$2.82,-0.07,-2.422%,"965,351",/market-activity/stocks/lgcl,US_NASDAQ_LGCL
HOLOW,MicroCloud Hologram Inc. Warrant,$0.04,UNCH,--,"916,494",/market-activity/stocks/holow,US_NASDAQ_HOLOW
OXBRW,Oxbridge Re Holdings Limited Warrant expiring 3/26/2029,$0.1105,-0.0491,-30.764%,"899,313",/market-activity/stocks/oxbrw,US_NASDAQ_OXBRW
BRLSW,Borealis Foods Inc. Warrant,$0.0401,UNCH,--,"860,679",/market-activity/stocks/brlsw,US_NASDAQ_BRLSW
SCLXW,Scilex Holding Company Warrant,$0.0901,0.0021,2.386%,"765,219",/market-activity/stocks/sclxw,US_NASDAQ_SCLXW
AIMDW,"Ainos, Inc. Warrants",$0.0879,UNCH,--,"751,024",/market-activity/stocks/aimdw,US_NASDAQ_AIMDW
XBPEW,"XBP Europe Holdings, Inc. Warrant",$0.052,0.0119,29.676%,"736,142",/market-activity/stocks/xbpew,US_NASDAQ_XBPEW
WALDW,Waldencast plc Warrant ,$0.0056,0.0006,12.00%,"720,165",/market-activity/stocks/waldw,US_NASDAQ_WALDW
ILLRW,Triller Group Inc. Warrant,$0.035,-0.0041,-10.486%,"717,058",/market-activity/stocks/illrw,US_NASDAQ_ILLRW
RKDA,"Arcadia Biosciences, Inc. Common Stock",$0.2807,-0.0273,-8.864%,"676,266",/market-activity/stocks/rkda,US_NASDAQ_RKDA
BZFDW,"BuzzFeed, Inc. Warrant",$0.0075,0.001,15.385%,"637,760",/market-activity/stocks/bzfdw,US_NASDAQ_BZFDW
VGASW,"Verde Clean Fuels, Inc. Warrant",$0.014,-0.008,-36.364%,"623,695",/market-activity/stocks/vgasw,US_NASDAQ_VGASW
BNCWW,BNB Standard Corporation Warrant,$0.015,0.0026,20.968%,"617,608",/market-activity/stocks/bncww,US_NASDAQ_BNCWW
XXII,"22nd Century Group, Inc. Common Stock",$0.8018,-0.1529,-16.016%,"572,480",/market-activity/stocks/xxii,US_NASDAQ_XXII
SCAGW,Scage Future Warrants,$0.0077,0.0001,1.316%,"559,094",/market-activity/stocks/scagw,US_NASDAQ_SCAGW
MRNOW,Murano Global Investments PLC Warrants,$0.0059,-0.003,-33.708%,"467,533",/market-activity/stocks/mrnow,US_NASDAQ_MRNOW
FOXXW,Foxx Development Holdings Inc. Warrant,$0.0653,UNCH,--,"461,991",/market-activity/stocks/foxxw,US_NASDAQ_FOXXW
BIOTW,Instinct Bio Technical Company Holdings Inc. Warrants,$0.0151,UNCH,--,"434,183",/market-activity/stocks/biotw,US_NASDAQ_BIOTW
BEATW,"Heartbeam, Inc. Warrant",$0.007,UNCH,--,"394,444",/market-activity/stocks/beatw,US_NASDAQ_BEATW
TVGNW,Tevogen Inc. Warrant,$0.0601,UNCH,--,"391,344",/market-activity/stocks/tvgnw,US_NASDAQ_TVGNW
RMSGW,Real Messenger Corporation Warrants,$0.024,-0.0082,-25.466%,"388,048",/market-activity/stocks/rmsgw,US_NASDAQ_RMSGW
COOTW,Australian Oilseeds Holdings Limited Warrant,$0.0127,-0.0039,-23.494%,"381,871",/market-activity/stocks/cootw,US_NASDAQ_COOTW
BIAFW,"bioAffinity Technologies, Inc. Warrant",$0.2802,0.0202,7.769%,"326,888",/market-activity/stocks/biafw,US_NASDAQ_BIAFW
BTBDW,"BT Brands, Inc. Warrant",$0.0499,UNCH,--,"308,618",/market-activity/stocks/btbdw,US_NASDAQ_BTBDW
LUCYW,"Innovative Eyewear, Inc. Series A Warrants 8/16/27",$0.0351,-0.0002,-0.567%,"305,800",/market-activity/stocks/lucyw,US_NASDAQ_LUCYW
BFRIW,Biofrontera Inc. Warrants,$0.015,0.0015,11.111%,"222,785",/market-activity/stocks/bfriw,US_NASDAQ_BFRIW
NCPLW,Netcapital Inc. Warrants,$0.0274,-0.0001,-0.364%,"215,032",/market-activity/stocks/ncplw,US_NASDAQ_NCPLW
DFLIW,Dragonfly Energy Holdings Corp. Warrant,$0.0142,-0.0055,-27.919%,"212,699",/market-activity/stocks/dfliw,US_NASDAQ_DFLIW
HSCSW,HeartSciences Inc. Warrant,$0.0437,UNCH,--,"211,679",/market-activity/stocks/hscsw,US_NASDAQ_HSCSW
NVNIW,Nvni Group Limited Warrants,$0.0179,-0.0001,-0.556%,"209,289",/market-activity/stocks/nvniw,US_NASDAQ_NVNIW
LGHL,Lion Group Holding Ltd. American Depositary Share,$4.51,-1.27,-21.972%,"208,109",/market-activity/stocks/lghl,US_NASDAQ_LGHL
AIXI,XIAO-I Corporation American Depositary Shares,$1.49,-0.11,-6.875%,"195,954",/market-activity/stocks/aixi,US_NASDAQ_AIXI
ONMDW,OneMedNet Corp Warrant,$0.0299,0.0004,1.356%,"177,266",/market-activity/stocks/onmdw,US_NASDAQ_ONMDW
NIVF,NewGenIvf Group Limited Class A Ordinary Shares,$0.072,-0.2728,-79.118%,"174,055",/market-activity/stocks/nivf,US_NASDAQ_NIVF
FRGT,"Freight Technologies, Inc. Ordinary Shares",$0.3025,-0.0275,-8.333%,"173,068",/market-activity/stocks/frgt,US_NASDAQ_FRGT
DFNSW,T3 Defense Inc. Warrants,$0.0592,-0.0004,-0.671%,"168,146",/market-activity/stocks/dfnsw,US_NASDAQ_DFNSW
BENFW,Beneficient Warrant,$0.0107,0.0021,24.419%,"165,376",/market-activity/stocks/benfw,US_NASDAQ_BENFW
ACONW,"Aclarion, Inc. Warrant",$0.05,0.0244,95.313%,"144,119",/market-activity/stocks/aconw,US_NASDAQ_ACONW
VWAVW,"VisionWave Holdings, Inc. Warrant",$0.06,0.0054,9.89%,"142,426",/market-activity/stocks/vwavw,US_NASDAQ_VWAVW
LNZAW,"LanzaTech Global, Inc. Warrant",$0.0105,-0.0034,-24.46%,"137,436",/market-activity/stocks/lnzaw,US_NASDAQ_LNZAW
PIIIW,P3 Health Partners Inc. Warrant,$0.0176,0.0113,179.365%,"127,793",/market-activity/stocks/piiiw,US_NASDAQ_PIIIW
NXGLW,"NexGel, Inc Warrant",$0.0122,UNCH,--,"118,921",/market-activity/stocks/nxglw,US_NASDAQ_NXGLW
SHFSW,"SHF Holdings, Inc. Warrants",$0.0096,-0.0028,-22.581%,"118,396",/market-activity/stocks/shfsw,US_NASDAQ_SHFSW
GFAIW,"Guardforce AI Co., Limited Warrant",$0.0035,-0.0039,-52.703%,"109,877",/market-activity/stocks/gfaiw,US_NASDAQ_GFAIW
CINGW,Cingulate Inc. Warrants,$0.0062,0.0002,3.333%,"90,159",/market-activity/stocks/cingw,US_NASDAQ_CINGW
SXTPW,"60 Degrees Pharmaceuticals, Inc. Warrant",$0.0252,-0.0072,-22.222%,"88,628",/market-activity/stocks/sxtpw,US_NASDAQ_SXTPW
NRSNW,NeuroSense Therapeutics Ltd. Warrant,$0.045,0.0049,12.219%,"85,361",/market-activity/stocks/nrsnw,US_NASDAQ_NRSNW
AERTW,"Aeries Technology, Inc. Warrant",$0.0161,-0.0022,-12.022%,"84,490",/market-activity/stocks/aertw,US_NASDAQ_AERTW
PBMWW,Psyence Biomedical Ltd. Warrant,$0.022,-0.0017,-7.173%,"83,915",/market-activity/stocks/pbmww,US_NASDAQ_PBMWW
CXAIW,CXApp Inc. Warrant,$0.0349,0.001,2.95%,"81,575",/market-activity/stocks/cxaiw,US_NASDAQ_CXAIW
EUDAW,EUDA Health Holdings Limited Warrant,$0.0264,-0.0024,-8.333%,"79,050",/market-activity/stocks/eudaw,US_NASDAQ_EUDAW
ANGHW,Anghami Inc. Warrants,$0.0086,0.001,13.158%,"77,957",/market-activity/stocks/anghw,US_NASDAQ_ANGHW
ICUCW,SeaStar Medical Holding Corporation Warrant,$0.0154,UNCH,--,"67,865",/market-activity/stocks/icucw,US_NASDAQ_ICUCW
DSYWW,Big Tree Cloud Holdings Limited Warrants,$0.0141,UNCH,--,"67,001",/market-activity/stocks/dsyww,US_NASDAQ_DSYWW
VEEAW,Veea Inc. Warrant,$0.0202,-0.0033,-14.043%,"62,836",/market-activity/stocks/veeaw,US_NASDAQ_VEEAW
LIMNW,"Liminatus Pharma, Inc. Warrants",$0.0445,-0.0154,-25.71%,"59,773",/market-activity/stocks/limnw,US_NASDAQ_LIMNW
SLXNW,Silexion Therapeutics Corp Warrant,$0.0054,-0.0045,-45.455%,"59,598",/market-activity/stocks/slxnw,US_NASDAQ_SLXNW
ERNAW,Ernexa Therapeutics Inc. Warrants,$0.0357,0.0007,2.00%,"58,277",/market-activity/stocks/ernaw,US_NASDAQ_ERNAW
SWAGW,"Stran & Company, Inc. Warrant",$0.0029,-0.0003,-9.375%,"54,055",/market-activity/stocks/swagw,US_NASDAQ_SWAGW
SAIHW,SAIHEAT Limited Warrant,$0.0297,-0.0001,-0.336%,"53,768",/market-activity/stocks/saihw,US_NASDAQ_SAIHW
RVSNW,Rail Vision Ltd. Warrant,$0.0237,0.0116,95.868%,"51,955",/market-activity/stocks/rvsnw,US_NASDAQ_RVSNW
GGROW,Gogoro Inc. Warrant,$0.0025,0.0002,8.696%,"51,539",/market-activity/stocks/ggrow,US_NASDAQ_GGROW
CYCUW,"Cycurion, Inc. Warrant",$0.0141,-0.002,-12.422%,"45,544",/market-activity/stocks/cycuw,US_NASDAQ_CYCUW
ONFOW,Onfolio Holdings Inc. Warrant,$0.0131,-0.0044,-25.143%,"32,740",/market-activity/stocks/onfow,US_NASDAQ_ONFOW
APLMW,Apollomics Inc. Warrant,$0.0109,-0.0007,-6.034%,"31,567",/market-activity/stocks/aplmw,US_NASDAQ_APLMW
CDIOW,Cardio Diagnostics Holdings Inc. Warrant,$0.0086,-0.0014,-14.00%,"25,451",/market-activity/stocks/cdiow,US_NASDAQ_CDIOW
NEXRW,Nexera Technologies Ltd Warrant,$0.0148,-0.0043,-22.513%,"24,213",/market-activity/stocks/nexrw,US_NASDAQ_NEXRW
NIVFW,NewGenIvf Group Limited Warrants,$0.0092,-0.0101,-52.332%,"22,240",/market-activity/stocks/nivfw,US_NASDAQ_NIVFW
SQFTW,"Presidio Property Trust, Inc. Series A Common Stock Purchase Warrants",$0.0141,0.004,39.604%,"20,225",/market-activity/stocks/sqftw,US_NASDAQ_SQFTW
REVBW,"Revelation Biosciences, Inc. Warrant",$0.005,0.0005,11.111%,"19,917",/market-activity/stocks/revbw,US_NASDAQ_REVBW
SMXWW,SMX (Security Matters) Public Limited Company Warrant,$0.015,0.0017,12.782%,"16,329",/market-activity/stocks/smxww,US_NASDAQ_SMXWW
HUBCZ,Hub Cyber Security Ltd. Warrant ,$0.0116,UNCH,--,"15,510",/market-activity/stocks/hubcz,US_NASDAQ_HUBCZ
KITTW,"Nauticus Robotics, Inc. Warrant",$0.0109,-0.0016,-12.80%,"13,574",/market-activity/stocks/kittw,US_NASDAQ_KITTW
CDTTW,CDT Equity Inc. Warrant,$0.0118,0.0001,0.855%,"13,269",/market-activity/stocks/cdttw,US_NASDAQ_CDTTW
LTRYW,Sports Entertainment Gaming Global Corporation Warrants,$0.0036,0.0005,16.129%,"11,734",/market-activity/stocks/ltryw,US_NASDAQ_LTRYW
DAICW,"CID HoldCo, Inc. Warrants",$0.005,-0.0031,-38.272%,"11,689",/market-activity/stocks/daicw,US_NASDAQ_DAICW
HUBCW,Hub Cyber Security Ltd. Warrant 2/27/28,$0.0082,-0.0013,-13.684%,"10,964",/market-activity/stocks/hubcw,US_NASDAQ_HUBCW
MLECW,Moolec Science SA Warrant,$0.0137,0.0003,2.239%,"9,948",/market-activity/stocks/mlecw,US_NASDAQ_MLECW
KIDZW,KIDZ AI Inc. Warrants,$0.01,0.0009,9.89%,"8,607",/market-activity/stocks/kidzw,US_NASDAQ_KIDZW
TNONW,"Tenon Medical, Inc. Warrant",$0.0052,-0.0008,-13.333%,"5,369",/market-activity/stocks/tnonw,US_NASDAQ_TNONW
